resuming: 30 of 300 fits already in dev/calibration_results.csv
standardize_covariates: standardized 2 covariate(s) in long_formula (age: centre -0.8388, scale 9.489, implied intercept correlation -0.09; sex: centre 0.5471, scale 0.4979, implied intercept correlation -0.74). Coefficients are returned on the ORIGINAL scale. Set control$standardize_covariates = FALSE to disable.
  [linear r011 A]  17.1s  rhat_reg 1.011  div 0  (1/270, 0.3 min, ETA 77 min)
standardize_covariates: standardized 2 covariate(s) in long_formula (age: centre -0.8388, scale 9.489, implied intercept correlation -0.09; sex: centre 0.5471, scale 0.4979, implied intercept correlation -0.74). Coefficients are returned on the ORIGINAL scale. Set control$standardize_covariates = FALSE to disable.
sys:1: RuntimeWarning: orthogonalize_b: b[:,0] <- 3 direction(s) from X columns [0, 2, 3]; b[:,1] <- no basis (unconstrained)
  [linear r011 D]  13.7s  rhat_reg 1.005  div 0  (2/270, 0.5 min, ETA 69 min)
standardize_covariates: standardized 2 covariate(s) in long_formula (age: centre -0.8388, scale 9.489, implied intercept correlation -0.09; sex: centre 0.5471, scale 0.4979, implied intercept correlation -0.74). Coefficients are returned on the ORIGINAL scale. Set control$standardize_covariates = FALSE to disable.
sys:1: RuntimeWarning: orthogonalize_b: b[:,0] <- 3 direction(s) from X columns [0, 2, 3]; b[:,1] <- 1 direction(s) from X columns [1]
  [linear r011 E]  13.8s  rhat_reg 0.999  div 0  (3/270, 0.7 min, ETA 66 min)
standardize_covariates: standardized 2 covariate(s) in long_formula (age: centre -1.059, scale 9.611, implied intercept correlation -0.11; sex: centre 0.5468, scale 0.4979, implied intercept correlation -0.74). Coefficients are returned on the ORIGINAL scale. Set control$standardize_covariates = FALSE to disable.
  [linear r012 A]  13.5s  rhat_reg 1.008  div 0  (4/270, 1.0 min, ETA 65 min)
standardize_covariates: standardized 2 covariate(s) in long_formula (age: centre -1.059, scale 9.611, implied intercept correlation -0.11; sex: centre 0.5468, scale 0.4979, implied intercept correlation -0.74). Coefficients are returned on the ORIGINAL scale. Set control$standardize_covariates = FALSE to disable.
sys:1: RuntimeWarning: orthogonalize_b: b[:,0] <- 3 direction(s) from X columns [0, 2, 3]; b[:,1] <- no basis (unconstrained)
  [linear r012 D]  13.8s  rhat_reg 1.009  div 0  (5/270, 1.2 min, ETA 64 min)
standardize_covariates: standardized 2 covariate(s) in long_formula (age: centre -1.059, scale 9.611, implied intercept correlation -0.11; sex: centre 0.5468, scale 0.4979, implied intercept correlation -0.74). Coefficients are returned on the ORIGINAL scale. Set control$standardize_covariates = FALSE to disable.
sys:1: RuntimeWarning: orthogonalize_b: b[:,0] <- 3 direction(s) from X columns [0, 2, 3]; b[:,1] <- 1 direction(s) from X columns [1]
  [linear r012 E]  13.5s  rhat_reg 1.000  div 0  (6/270, 1.4 min, ETA 63 min)
standardize_covariates: standardized 2 covariate(s) in long_formula (age: centre -0.254, scale 10.95, implied intercept correlation -0.02; sex: centre 0.5055, scale 0.5001, implied intercept correlation -0.71). Coefficients are returned on the ORIGINAL scale. Set control$standardize_covariates = FALSE to disable.
  [linear r013 A]  13.2s  rhat_reg 1.007  div 0  (7/270, 1.7 min, ETA 62 min)
standardize_covariates: standardized 2 covariate(s) in long_formula (age: centre -0.254, scale 10.95, implied intercept correlation -0.02; sex: centre 0.5055, scale 0.5001, implied intercept correlation -0.71). Coefficients are returned on the ORIGINAL scale. Set control$standardize_covariates = FALSE to disable.
sys:1: RuntimeWarning: orthogonalize_b: b[:,0] <- 3 direction(s) from X columns [0, 2, 3]; b[:,1] <- no basis (unconstrained)
  [linear r013 D]  13.6s  rhat_reg 1.007  div 0  (8/270, 1.9 min, ETA 62 min)
standardize_covariates: standardized 2 covariate(s) in long_formula (age: centre -0.254, scale 10.95, implied intercept correlation -0.02; sex: centre 0.5055, scale 0.5001, implied intercept correlation -0.71). Coefficients are returned on the ORIGINAL scale. Set control$standardize_covariates = FALSE to disable.
sys:1: RuntimeWarning: orthogonalize_b: b[:,0] <- 3 direction(s) from X columns [0, 2, 3]; b[:,1] <- 1 direction(s) from X columns [1]
  [linear r013 E]  12.1s  rhat_reg 1.001  div 0  (9/270, 2.1 min, ETA 60 min)
standardize_covariates: standardized 2 covariate(s) in long_formula (age: centre -0.1567, scale 9.895, implied intercept correlation -0.02; sex: centre 0.5484, scale 0.4977, implied intercept correlation -0.74). Coefficients are returned on the ORIGINAL scale. Set control$standardize_covariates = FALSE to disable.
  [linear r014 A]  13.6s  rhat_reg 1.013  div 0  (10/270, 2.3 min, ETA 60 min)
standardize_covariates: standardized 2 covariate(s) in long_formula (age: centre -0.1567, scale 9.895, implied intercept correlation -0.02; sex: centre 0.5484, scale 0.4977, implied intercept correlation -0.74). Coefficients are returned on the ORIGINAL scale. Set control$standardize_covariates = FALSE to disable.
sys:1: RuntimeWarning: orthogonalize_b: b[:,0] <- 3 direction(s) from X columns [0, 2, 3]; b[:,1] <- no basis (unconstrained)
  [linear r014 D]  14.1s  rhat_reg 1.013  div 0  (11/270, 2.6 min, ETA 60 min)
standardize_covariates: standardized 2 covariate(s) in long_formula (age: centre -0.1567, scale 9.895, implied intercept correlation -0.02; sex: centre 0.5484, scale 0.4977, implied intercept correlation -0.74). Coefficients are returned on the ORIGINAL scale. Set control$standardize_covariates = FALSE to disable.
sys:1: RuntimeWarning: orthogonalize_b: b[:,0] <- 3 direction(s) from X columns [0, 2, 3]; b[:,1] <- 1 direction(s) from X columns [1]
  [linear r014 E]  13.7s  rhat_reg 1.000  div 0  (12/270, 2.8 min, ETA 60 min)
standardize_covariates: standardized 2 covariate(s) in long_formula (age: centre -1.796, scale 9.647, implied intercept correlation -0.18; sex: centre 0.4861, scale 0.4999, implied intercept correlation -0.70). Coefficients are returned on the ORIGINAL scale. Set control$standardize_covariates = FALSE to disable.
  [linear r015 A]  13.7s  rhat_reg 1.015  div 0  (13/270, 3.0 min, ETA 60 min)
standardize_covariates: standardized 2 covariate(s) in long_formula (age: centre -1.796, scale 9.647, implied intercept correlation -0.18; sex: centre 0.4861, scale 0.4999, implied intercept correlation -0.70). Coefficients are returned on the ORIGINAL scale. Set control$standardize_covariates = FALSE to disable.
sys:1: RuntimeWarning: orthogonalize_b: b[:,0] <- 3 direction(s) from X columns [0, 2, 3]; b[:,1] <- no basis (unconstrained)
  [linear r015 D]  14.3s  rhat_reg 1.002  div 0  (14/270, 3.2 min, ETA 59 min)
standardize_covariates: standardized 2 covariate(s) in long_formula (age: centre -1.796, scale 9.647, implied intercept correlation -0.18; sex: centre 0.4861, scale 0.4999, implied intercept correlation -0.70). Coefficients are returned on the ORIGINAL scale. Set control$standardize_covariates = FALSE to disable.
sys:1: RuntimeWarning: orthogonalize_b: b[:,0] <- 3 direction(s) from X columns [0, 2, 3]; b[:,1] <- 1 direction(s) from X columns [1]
  [linear r015 E]  14.2s  rhat_reg 1.001  div 0  (15/270, 3.5 min, ETA 59 min)
standardize_covariates: standardized 2 covariate(s) in long_formula (age: centre 0.1572, scale 9.987, implied intercept correlation -0.02; sex: centre 0.4981, scale 0.5001, implied intercept correlation -0.71). Coefficients are returned on the ORIGINAL scale. Set control$standardize_covariates = FALSE to disable.
  [linear r016 A]  14.1s  rhat_reg 1.012  div 0  (16/270, 3.7 min, ETA 59 min)
standardize_covariates: standardized 2 covariate(s) in long_formula (age: centre 0.1572, scale 9.987, implied intercept correlation -0.02; sex: centre 0.4981, scale 0.5001, implied intercept correlation -0.71). Coefficients are returned on the ORIGINAL scale. Set control$standardize_covariates = FALSE to disable.
sys:1: RuntimeWarning: orthogonalize_b: b[:,0] <- 3 direction(s) from X columns [0, 2, 3]; b[:,1] <- no basis (unconstrained)
  [linear r016 D]  14.0s  rhat_reg 1.002  div 0  (17/270, 4.0 min, ETA 59 min)
standardize_covariates: standardized 2 covariate(s) in long_formula (age: centre 0.1572, scale 9.987, implied intercept correlation -0.02; sex: centre 0.4981, scale 0.5001, implied intercept correlation -0.71). Coefficients are returned on the ORIGINAL scale. Set control$standardize_covariates = FALSE to disable.
sys:1: RuntimeWarning: orthogonalize_b: b[:,0] <- 3 direction(s) from X columns [0, 2, 3]; b[:,1] <- 1 direction(s) from X columns [1]
  [linear r016 E]  14.5s  rhat_reg 1.000  div 0  (18/270, 4.2 min, ETA 59 min)
standardize_covariates: standardized 2 covariate(s) in long_formula (age: centre 0.3648, scale 9.614, implied intercept correlation -0.04; sex: centre 0.4944, scale 0.5001, implied intercept correlation -0.70). Coefficients are returned on the ORIGINAL scale. Set control$standardize_covariates = FALSE to disable.
  [linear r017 A]  13.4s  rhat_reg 1.013  div 0  (19/270, 4.4 min, ETA 58 min)
standardize_covariates: standardized 2 covariate(s) in long_formula (age: centre 0.3648, scale 9.614, implied intercept correlation -0.04; sex: centre 0.4944, scale 0.5001, implied intercept correlation -0.70). Coefficients are returned on the ORIGINAL scale. Set control$standardize_covariates = FALSE to disable.
sys:1: RuntimeWarning: orthogonalize_b: b[:,0] <- 3 direction(s) from X columns [0, 2, 3]; b[:,1] <- no basis (unconstrained)
  [linear r017 D]  14.1s  rhat_reg 1.009  div 0  (20/270, 4.7 min, ETA 58 min)
standardize_covariates: standardized 2 covariate(s) in long_formula (age: centre 0.3648, scale 9.614, implied intercept correlation -0.04; sex: centre 0.4944, scale 0.5001, implied intercept correlation -0.70). Coefficients are returned on the ORIGINAL scale. Set control$standardize_covariates = FALSE to disable.
sys:1: RuntimeWarning: orthogonalize_b: b[:,0] <- 3 direction(s) from X columns [0, 2, 3]; b[:,1] <- 1 direction(s) from X columns [1]
  [linear r017 E]  14.1s  rhat_reg 1.000  div 0  (21/270, 4.9 min, ETA 58 min)
standardize_covariates: standardized 2 covariate(s) in long_formula (age: centre -0.4753, scale 10.5, implied intercept correlation -0.05; sex: centre 0.5356, scale 0.4988, implied intercept correlation -0.73). Coefficients are returned on the ORIGINAL scale. Set control$standardize_covariates = FALSE to disable.
  [linear r018 A]  13.9s  rhat_reg 1.007  div 0  (22/270, 5.1 min, ETA 58 min)
standardize_covariates: standardized 2 covariate(s) in long_formula (age: centre -0.4753, scale 10.5, implied intercept correlation -0.05; sex: centre 0.5356, scale 0.4988, implied intercept correlation -0.73). Coefficients are returned on the ORIGINAL scale. Set control$standardize_covariates = FALSE to disable.
sys:1: RuntimeWarning: orthogonalize_b: b[:,0] <- 3 direction(s) from X columns [0, 2, 3]; b[:,1] <- no basis (unconstrained)
  [linear r018 D]  14.3s  rhat_reg 1.007  div 0  (23/270, 5.4 min, ETA 58 min)
standardize_covariates: standardized 2 covariate(s) in long_formula (age: centre -0.4753, scale 10.5, implied intercept correlation -0.05; sex: centre 0.5356, scale 0.4988, implied intercept correlation -0.73). Coefficients are returned on the ORIGINAL scale. Set control$standardize_covariates = FALSE to disable.
sys:1: RuntimeWarning: orthogonalize_b: b[:,0] <- 3 direction(s) from X columns [0, 2, 3]; b[:,1] <- 1 direction(s) from X columns [1]
  [linear r018 E]  12.9s  rhat_reg 1.001  div 0  (24/270, 5.6 min, ETA 57 min)
standardize_covariates: standardized 2 covariate(s) in long_formula (age: centre -1.867, scale 10.5, implied intercept correlation -0.18; sex: centre 0.4458, scale 0.4971, implied intercept correlation -0.67). Coefficients are returned on the ORIGINAL scale. Set control$standardize_covariates = FALSE to disable.
  [linear r019 A]  13.6s  rhat_reg 1.002  div 0  (25/270, 5.8 min, ETA 57 min)
standardize_covariates: standardized 2 covariate(s) in long_formula (age: centre -1.867, scale 10.5, implied intercept correlation -0.18; sex: centre 0.4458, scale 0.4971, implied intercept correlation -0.67). Coefficients are returned on the ORIGINAL scale. Set control$standardize_covariates = FALSE to disable.
sys:1: RuntimeWarning: orthogonalize_b: b[:,0] <- 3 direction(s) from X columns [0, 2, 3]; b[:,1] <- no basis (unconstrained)
  [linear r019 D]  14.2s  rhat_reg 1.000  div 0  (26/270, 6.1 min, ETA 57 min)
standardize_covariates: standardized 2 covariate(s) in long_formula (age: centre -1.867, scale 10.5, implied intercept correlation -0.18; sex: centre 0.4458, scale 0.4971, implied intercept correlation -0.67). Coefficients are returned on the ORIGINAL scale. Set control$standardize_covariates = FALSE to disable.
sys:1: RuntimeWarning: orthogonalize_b: b[:,0] <- 3 direction(s) from X columns [0, 2, 3]; b[:,1] <- 1 direction(s) from X columns [1]
  [linear r019 E]  14.1s  rhat_reg 1.001  div 0  (27/270, 6.3 min, ETA 57 min)
standardize_covariates: standardized 2 covariate(s) in long_formula (age: centre -0.5882, scale 10.93, implied intercept correlation -0.05; sex: centre 0.4979, scale 0.5001, implied intercept correlation -0.71). Coefficients are returned on the ORIGINAL scale. Set control$standardize_covariates = FALSE to disable.
  [linear r020 A]  14.1s  rhat_reg 1.016  div 0  (28/270, 6.5 min, ETA 56 min)
standardize_covariates: standardized 2 covariate(s) in long_formula (age: centre -0.5882, scale 10.93, implied intercept correlation -0.05; sex: centre 0.4979, scale 0.5001, implied intercept correlation -0.71). Coefficients are returned on the ORIGINAL scale. Set control$standardize_covariates = FALSE to disable.
sys:1: RuntimeWarning: orthogonalize_b: b[:,0] <- 3 direction(s) from X columns [0, 2, 3]; b[:,1] <- no basis (unconstrained)
  [linear r020 D]  14.0s  rhat_reg 1.013  div 0  (29/270, 6.8 min, ETA 56 min)
standardize_covariates: standardized 2 covariate(s) in long_formula (age: centre -0.5882, scale 10.93, implied intercept correlation -0.05; sex: centre 0.4979, scale 0.5001, implied intercept correlation -0.71). Coefficients are returned on the ORIGINAL scale. Set control$standardize_covariates = FALSE to disable.
sys:1: RuntimeWarning: orthogonalize_b: b[:,0] <- 3 direction(s) from X columns [0, 2, 3]; b[:,1] <- 1 direction(s) from X columns [1]
  [linear r020 E]  14.0s  rhat_reg 1.002  div 0  (30/270, 7.0 min, ETA 56 min)
standardize_covariates: standardized 2 covariate(s) in long_formula (age: centre -0.7917, scale 10.1, implied intercept correlation -0.08; sex: centre 0.5432, scale 0.4982, implied intercept correlation -0.74). Coefficients are returned on the ORIGINAL scale. Set control$standardize_covariates = FALSE to disable.
  [linear r021 A]  13.2s  rhat_reg 1.008  div 0  (31/270, 7.2 min, ETA 56 min)
standardize_covariates: standardized 2 covariate(s) in long_formula (age: centre -0.7917, scale 10.1, implied intercept correlation -0.08; sex: centre 0.5432, scale 0.4982, implied intercept correlation -0.74). Coefficients are returned on the ORIGINAL scale. Set control$standardize_covariates = FALSE to disable.
sys:1: RuntimeWarning: orthogonalize_b: b[:,0] <- 3 direction(s) from X columns [0, 2, 3]; b[:,1] <- no basis (unconstrained)
  [linear r021 D]  14.3s  rhat_reg 1.007  div 0  (32/270, 7.5 min, ETA 55 min)
standardize_covariates: standardized 2 covariate(s) in long_formula (age: centre -0.7917, scale 10.1, implied intercept correlation -0.08; sex: centre 0.5432, scale 0.4982, implied intercept correlation -0.74). Coefficients are returned on the ORIGINAL scale. Set control$standardize_covariates = FALSE to disable.
sys:1: RuntimeWarning: orthogonalize_b: b[:,0] <- 3 direction(s) from X columns [0, 2, 3]; b[:,1] <- 1 direction(s) from X columns [1]
  [linear r021 E]  14.3s  rhat_reg 1.000  div 0  (33/270, 7.7 min, ETA 55 min)
standardize_covariates: standardized 2 covariate(s) in long_formula (age: centre -0.1962, scale 10.08, implied intercept correlation -0.02; sex: centre 0.4756, scale 0.4995, implied intercept correlation -0.69). Coefficients are returned on the ORIGINAL scale. Set control$standardize_covariates = FALSE to disable.
  [linear r022 A]  13.3s  rhat_reg 1.027  div 0  (34/270, 7.9 min, ETA 55 min)
standardize_covariates: standardized 2 covariate(s) in long_formula (age: centre -0.1962, scale 10.08, implied intercept correlation -0.02; sex: centre 0.4756, scale 0.4995, implied intercept correlation -0.69). Coefficients are returned on the ORIGINAL scale. Set control$standardize_covariates = FALSE to disable.
sys:1: RuntimeWarning: orthogonalize_b: b[:,0] <- 3 direction(s) from X columns [0, 2, 3]; b[:,1] <- no basis (unconstrained)
  [linear r022 D]  13.9s  rhat_reg 1.021  div 0  (35/270, 8.2 min, ETA 55 min)
standardize_covariates: standardized 2 covariate(s) in long_formula (age: centre -0.1962, scale 10.08, implied intercept correlation -0.02; sex: centre 0.4756, scale 0.4995, implied intercept correlation -0.69). Coefficients are returned on the ORIGINAL scale. Set control$standardize_covariates = FALSE to disable.
sys:1: RuntimeWarning: orthogonalize_b: b[:,0] <- 3 direction(s) from X columns [0, 2, 3]; b[:,1] <- 1 direction(s) from X columns [1]
  [linear r022 E]  14.4s  rhat_reg 1.001  div 0  (36/270, 8.4 min, ETA 55 min)
standardize_covariates: standardized 2 covariate(s) in long_formula (age: centre -0.7377, scale 9.959, implied intercept correlation -0.07; sex: centre 0.5104, scale 0.5, implied intercept correlation -0.71). Coefficients are returned on the ORIGINAL scale. Set control$standardize_covariates = FALSE to disable.
  [linear r023 A]  14.0s  rhat_reg 1.011  div 0  (37/270, 8.6 min, ETA 54 min)
standardize_covariates: standardized 2 covariate(s) in long_formula (age: centre -0.7377, scale 9.959, implied intercept correlation -0.07; sex: centre 0.5104, scale 0.5, implied intercept correlation -0.71). Coefficients are returned on the ORIGINAL scale. Set control$standardize_covariates = FALSE to disable.
sys:1: RuntimeWarning: orthogonalize_b: b[:,0] <- 3 direction(s) from X columns [0, 2, 3]; b[:,1] <- no basis (unconstrained)
  [linear r023 D]  14.5s  rhat_reg 1.006  div 0  (38/270, 8.9 min, ETA 54 min)
standardize_covariates: standardized 2 covariate(s) in long_formula (age: centre -0.7377, scale 9.959, implied intercept correlation -0.07; sex: centre 0.5104, scale 0.5, implied intercept correlation -0.71). Coefficients are returned on the ORIGINAL scale. Set control$standardize_covariates = FALSE to disable.
sys:1: RuntimeWarning: orthogonalize_b: b[:,0] <- 3 direction(s) from X columns [0, 2, 3]; b[:,1] <- 1 direction(s) from X columns [1]
  [linear r023 E]  13.7s  rhat_reg 1.000  div 0  (39/270, 9.1 min, ETA 54 min)
standardize_covariates: standardized 2 covariate(s) in long_formula (age: centre -0.8279, scale 10.61, implied intercept correlation -0.08; sex: centre 0.5481, scale 0.4978, implied intercept correlation -0.74). Coefficients are returned on the ORIGINAL scale. Set control$standardize_covariates = FALSE to disable.
  [linear r024 A]  14.4s  rhat_reg 1.013  div 0  (40/270, 9.3 min, ETA 54 min)
standardize_covariates: standardized 2 covariate(s) in long_formula (age: centre -0.8279, scale 10.61, implied intercept correlation -0.08; sex: centre 0.5481, scale 0.4978, implied intercept correlation -0.74). Coefficients are returned on the ORIGINAL scale. Set control$standardize_covariates = FALSE to disable.
sys:1: RuntimeWarning: orthogonalize_b: b[:,0] <- 3 direction(s) from X columns [0, 2, 3]; b[:,1] <- no basis (unconstrained)
  [linear r024 D]  14.5s  rhat_reg 1.030  div 0  (41/270, 9.6 min, ETA 54 min)
standardize_covariates: standardized 2 covariate(s) in long_formula (age: centre -0.8279, scale 10.61, implied intercept correlation -0.08; sex: centre 0.5481, scale 0.4978, implied intercept correlation -0.74). Coefficients are returned on the ORIGINAL scale. Set control$standardize_covariates = FALSE to disable.
sys:1: RuntimeWarning: orthogonalize_b: b[:,0] <- 3 direction(s) from X columns [0, 2, 3]; b[:,1] <- 1 direction(s) from X columns [1]
  [linear r024 E]  14.3s  rhat_reg 1.000  div 0  (42/270, 9.8 min, ETA 53 min)
standardize_covariates: standardized 2 covariate(s) in long_formula (age: centre -1.277, scale 9.832, implied intercept correlation -0.13; sex: centre 0.4583, scale 0.4984, implied intercept correlation -0.68). Coefficients are returned on the ORIGINAL scale. Set control$standardize_covariates = FALSE to disable.
  [linear r025 A]  13.7s  rhat_reg 1.014  div 0  (43/270, 10.1 min, ETA 53 min)
standardize_covariates: standardized 2 covariate(s) in long_formula (age: centre -1.277, scale 9.832, implied intercept correlation -0.13; sex: centre 0.4583, scale 0.4984, implied intercept correlation -0.68). Coefficients are returned on the ORIGINAL scale. Set control$standardize_covariates = FALSE to disable.
sys:1: RuntimeWarning: orthogonalize_b: b[:,0] <- 3 direction(s) from X columns [0, 2, 3]; b[:,1] <- no basis (unconstrained)
  [linear r025 D]  14.8s  rhat_reg 1.003  div 0  (44/270, 10.3 min, ETA 53 min)
standardize_covariates: standardized 2 covariate(s) in long_formula (age: centre -1.277, scale 9.832, implied intercept correlation -0.13; sex: centre 0.4583, scale 0.4984, implied intercept correlation -0.68). Coefficients are returned on the ORIGINAL scale. Set control$standardize_covariates = FALSE to disable.
sys:1: RuntimeWarning: orthogonalize_b: b[:,0] <- 3 direction(s) from X columns [0, 2, 3]; b[:,1] <- 1 direction(s) from X columns [1]
  [linear r025 E]  14.3s  rhat_reg 1.001  div 0  (45/270, 10.5 min, ETA 53 min)
standardize_covariates: standardized 2 covariate(s) in long_formula (age: centre 0.1332, scale 9.548, implied intercept correlation -0.01; sex: centre 0.4898, scale 0.5, implied intercept correlation -0.70). Coefficients are returned on the ORIGINAL scale. Set control$standardize_covariates = FALSE to disable.
  [linear r026 A]  13.2s  rhat_reg 1.016  div 0  (46/270, 10.8 min, ETA 52 min)
standardize_covariates: standardized 2 covariate(s) in long_formula (age: centre 0.1332, scale 9.548, implied intercept correlation -0.01; sex: centre 0.4898, scale 0.5, implied intercept correlation -0.70). Coefficients are returned on the ORIGINAL scale. Set control$standardize_covariates = FALSE to disable.
sys:1: RuntimeWarning: orthogonalize_b: b[:,0] <- 3 direction(s) from X columns [0, 2, 3]; b[:,1] <- no basis (unconstrained)
  [linear r026 D]  12.1s  rhat_reg 1.002  div 0  (47/270, 11.0 min, ETA 52 min)
standardize_covariates: standardized 2 covariate(s) in long_formula (age: centre 0.1332, scale 9.548, implied intercept correlation -0.01; sex: centre 0.4898, scale 0.5, implied intercept correlation -0.70). Coefficients are returned on the ORIGINAL scale. Set control$standardize_covariates = FALSE to disable.
sys:1: RuntimeWarning: orthogonalize_b: b[:,0] <- 3 direction(s) from X columns [0, 2, 3]; b[:,1] <- 1 direction(s) from X columns [1]
  [linear r026 E]  11.1s  rhat_reg 1.001  div 0  (48/270, 11.2 min, ETA 52 min)
standardize_covariates: standardized 2 covariate(s) in long_formula (age: centre 0.2567, scale 9.71, implied intercept correlation -0.03; sex: centre 0.4813, scale 0.4997, implied intercept correlation -0.69). Coefficients are returned on the ORIGINAL scale. Set control$standardize_covariates = FALSE to disable.
  [linear r027 A]  14.3s  rhat_reg 1.024  div 0  (49/270, 11.4 min, ETA 51 min)
standardize_covariates: standardized 2 covariate(s) in long_formula (age: centre 0.2567, scale 9.71, implied intercept correlation -0.03; sex: centre 0.4813, scale 0.4997, implied intercept correlation -0.69). Coefficients are returned on the ORIGINAL scale. Set control$standardize_covariates = FALSE to disable.
sys:1: RuntimeWarning: orthogonalize_b: b[:,0] <- 3 direction(s) from X columns [0, 2, 3]; b[:,1] <- no basis (unconstrained)
  [linear r027 D]  14.5s  rhat_reg 1.020  div 0  (50/270, 11.6 min, ETA 51 min)
standardize_covariates: standardized 2 covariate(s) in long_formula (age: centre 0.2567, scale 9.71, implied intercept correlation -0.03; sex: centre 0.4813, scale 0.4997, implied intercept correlation -0.69). Coefficients are returned on the ORIGINAL scale. Set control$standardize_covariates = FALSE to disable.
sys:1: RuntimeWarning: orthogonalize_b: b[:,0] <- 3 direction(s) from X columns [0, 2, 3]; b[:,1] <- 1 direction(s) from X columns [1]
  [linear r027 E]  13.9s  rhat_reg 1.002  div 0  (51/270, 11.9 min, ETA 51 min)
standardize_covariates: standardized 2 covariate(s) in long_formula (age: centre 0.3149, scale 9.946, implied intercept correlation -0.03; sex: centre 0.4683, scale 0.4991, implied intercept correlation -0.68). Coefficients are returned on the ORIGINAL scale. Set control$standardize_covariates = FALSE to disable.
  [linear r028 A]  13.7s  rhat_reg 1.012  div 0  (52/270, 12.1 min, ETA 51 min)
standardize_covariates: standardized 2 covariate(s) in long_formula (age: centre 0.3149, scale 9.946, implied intercept correlation -0.03; sex: centre 0.4683, scale 0.4991, implied intercept correlation -0.68). Coefficients are returned on the ORIGINAL scale. Set control$standardize_covariates = FALSE to disable.
sys:1: RuntimeWarning: orthogonalize_b: b[:,0] <- 3 direction(s) from X columns [0, 2, 3]; b[:,1] <- no basis (unconstrained)
  [linear r028 D]  14.0s  rhat_reg 1.014  div 0  (53/270, 12.3 min, ETA 51 min)
standardize_covariates: standardized 2 covariate(s) in long_formula (age: centre 0.3149, scale 9.946, implied intercept correlation -0.03; sex: centre 0.4683, scale 0.4991, implied intercept correlation -0.68). Coefficients are returned on the ORIGINAL scale. Set control$standardize_covariates = FALSE to disable.
sys:1: RuntimeWarning: orthogonalize_b: b[:,0] <- 3 direction(s) from X columns [0, 2, 3]; b[:,1] <- 1 direction(s) from X columns [1]
  [linear r028 E]  14.4s  rhat_reg 1.001  div 0  (54/270, 12.6 min, ETA 50 min)
standardize_covariates: standardized 2 covariate(s) in long_formula (age: centre 0.5404, scale 10.08, implied intercept correlation -0.05; sex: centre 0.4518, scale 0.4978, implied intercept correlation -0.67). Coefficients are returned on the ORIGINAL scale. Set control$standardize_covariates = FALSE to disable.
  [linear r029 A]  14.1s  rhat_reg 1.005  div 0  (55/270, 12.8 min, ETA 50 min)
standardize_covariates: standardized 2 covariate(s) in long_formula (age: centre 0.5404, scale 10.08, implied intercept correlation -0.05; sex: centre 0.4518, scale 0.4978, implied intercept correlation -0.67). Coefficients are returned on the ORIGINAL scale. Set control$standardize_covariates = FALSE to disable.
sys:1: RuntimeWarning: orthogonalize_b: b[:,0] <- 3 direction(s) from X columns [0, 2, 3]; b[:,1] <- no basis (unconstrained)
  [linear r029 D]  13.8s  rhat_reg 1.004  div 0  (56/270, 13.1 min, ETA 50 min)
standardize_covariates: standardized 2 covariate(s) in long_formula (age: centre 0.5404, scale 10.08, implied intercept correlation -0.05; sex: centre 0.4518, scale 0.4978, implied intercept correlation -0.67). Coefficients are returned on the ORIGINAL scale. Set control$standardize_covariates = FALSE to disable.
sys:1: RuntimeWarning: orthogonalize_b: b[:,0] <- 3 direction(s) from X columns [0, 2, 3]; b[:,1] <- 1 direction(s) from X columns [1]
  [linear r029 E]  14.3s  rhat_reg 1.000  div 0  (57/270, 13.3 min, ETA 50 min)
standardize_covariates: standardized 2 covariate(s) in long_formula (age: centre -0.6723, scale 9.987, implied intercept correlation -0.07; sex: centre 0.4915, scale 0.5, implied intercept correlation -0.70). Coefficients are returned on the ORIGINAL scale. Set control$standardize_covariates = FALSE to disable.
  [linear r030 A]  14.4s  rhat_reg 1.007  div 0  (58/270, 13.5 min, ETA 49 min)
standardize_covariates: standardized 2 covariate(s) in long_formula (age: centre -0.6723, scale 9.987, implied intercept correlation -0.07; sex: centre 0.4915, scale 0.5, implied intercept correlation -0.70). Coefficients are returned on the ORIGINAL scale. Set control$standardize_covariates = FALSE to disable.
sys:1: RuntimeWarning: orthogonalize_b: b[:,0] <- 3 direction(s) from X columns [0, 2, 3]; b[:,1] <- no basis (unconstrained)
  [linear r030 D]  14.9s  rhat_reg 1.008  div 0  (59/270, 13.8 min, ETA 49 min)
standardize_covariates: standardized 2 covariate(s) in long_formula (age: centre -0.6723, scale 9.987, implied intercept correlation -0.07; sex: centre 0.4915, scale 0.5, implied intercept correlation -0.70). Coefficients are returned on the ORIGINAL scale. Set control$standardize_covariates = FALSE to disable.
sys:1: RuntimeWarning: orthogonalize_b: b[:,0] <- 3 direction(s) from X columns [0, 2, 3]; b[:,1] <- 1 direction(s) from X columns [1]
  [linear r030 E]  14.8s  rhat_reg 1.001  div 0  (60/270, 14.0 min, ETA 49 min)
standardize_covariates: standardized 2 covariate(s) in long_formula (age: centre -1.023, scale 10.26, implied intercept correlation -0.10; sex: centre 0.5314, scale 0.4991, implied intercept correlation -0.73). Coefficients are returned on the ORIGINAL scale. Set control$standardize_covariates = FALSE to disable.
  [linear r031 A]  14.1s  rhat_reg 1.012  div 0  (61/270, 14.3 min, ETA 49 min)
standardize_covariates: standardized 2 covariate(s) in long_formula (age: centre -1.023, scale 10.26, implied intercept correlation -0.10; sex: centre 0.5314, scale 0.4991, implied intercept correlation -0.73). Coefficients are returned on the ORIGINAL scale. Set control$standardize_covariates = FALSE to disable.
sys:1: RuntimeWarning: orthogonalize_b: b[:,0] <- 3 direction(s) from X columns [0, 2, 3]; b[:,1] <- no basis (unconstrained)
  [linear r031 D]  14.3s  rhat_reg 1.006  div 0  (62/270, 14.5 min, ETA 49 min)
standardize_covariates: standardized 2 covariate(s) in long_formula (age: centre -1.023, scale 10.26, implied intercept correlation -0.10; sex: centre 0.5314, scale 0.4991, implied intercept correlation -0.73). Coefficients are returned on the ORIGINAL scale. Set control$standardize_covariates = FALSE to disable.
sys:1: RuntimeWarning: orthogonalize_b: b[:,0] <- 3 direction(s) from X columns [0, 2, 3]; b[:,1] <- 1 direction(s) from X columns [1]
  [linear r031 E]  14.2s  rhat_reg 1.000  div 0  (63/270, 14.7 min, ETA 48 min)
standardize_covariates: standardized 2 covariate(s) in long_formula (age: centre 0.4759, scale 10.31, implied intercept correlation -0.05; sex: centre 0.52, scale 0.4997, implied intercept correlation -0.72). Coefficients are returned on the ORIGINAL scale. Set control$standardize_covariates = FALSE to disable.
  [linear r032 A]  14.0s  rhat_reg 1.007  div 0  (64/270, 15.0 min, ETA 48 min)
standardize_covariates: standardized 2 covariate(s) in long_formula (age: centre 0.4759, scale 10.31, implied intercept correlation -0.05; sex: centre 0.52, scale 0.4997, implied intercept correlation -0.72). Coefficients are returned on the ORIGINAL scale. Set control$standardize_covariates = FALSE to disable.
sys:1: RuntimeWarning: orthogonalize_b: b[:,0] <- 3 direction(s) from X columns [0, 2, 3]; b[:,1] <- no basis (unconstrained)
  [linear r032 D]  13.3s  rhat_reg 1.004  div 0  (65/270, 15.2 min, ETA 48 min)
standardize_covariates: standardized 2 covariate(s) in long_formula (age: centre 0.4759, scale 10.31, implied intercept correlation -0.05; sex: centre 0.52, scale 0.4997, implied intercept correlation -0.72). Coefficients are returned on the ORIGINAL scale. Set control$standardize_covariates = FALSE to disable.
sys:1: RuntimeWarning: orthogonalize_b: b[:,0] <- 3 direction(s) from X columns [0, 2, 3]; b[:,1] <- 1 direction(s) from X columns [1]
  [linear r032 E]  15.3s  rhat_reg 1.001  div 0  (66/270, 15.5 min, ETA 48 min)
standardize_covariates: standardized 2 covariate(s) in long_formula (age: centre -0.07318, scale 10.27, implied intercept correlation -0.01; sex: centre 0.5206, scale 0.4997, implied intercept correlation -0.72). Coefficients are returned on the ORIGINAL scale. Set control$standardize_covariates = FALSE to disable.
  [linear r033 A]  14.0s  rhat_reg 1.041  div 0  (67/270, 15.7 min, ETA 48 min)
standardize_covariates: standardized 2 covariate(s) in long_formula (age: centre -0.07318, scale 10.27, implied intercept correlation -0.01; sex: centre 0.5206, scale 0.4997, implied intercept correlation -0.72). Coefficients are returned on the ORIGINAL scale. Set control$standardize_covariates = FALSE to disable.
sys:1: RuntimeWarning: orthogonalize_b: b[:,0] <- 3 direction(s) from X columns [0, 2, 3]; b[:,1] <- no basis (unconstrained)
  [linear r033 D]  13.3s  rhat_reg 1.048  div 0  (68/270, 15.9 min, ETA 47 min)
standardize_covariates: standardized 2 covariate(s) in long_formula (age: centre -0.07318, scale 10.27, implied intercept correlation -0.01; sex: centre 0.5206, scale 0.4997, implied intercept correlation -0.72). Coefficients are returned on the ORIGINAL scale. Set control$standardize_covariates = FALSE to disable.
sys:1: RuntimeWarning: orthogonalize_b: b[:,0] <- 3 direction(s) from X columns [0, 2, 3]; b[:,1] <- 1 direction(s) from X columns [1]
  [linear r033 E]  15.3s  rhat_reg 1.001  div 0  (69/270, 16.2 min, ETA 47 min)
standardize_covariates: standardized 2 covariate(s) in long_formula (age: centre -0.9706, scale 9.93, implied intercept correlation -0.10; sex: centre 0.4325, scale 0.4955, implied intercept correlation -0.66). Coefficients are returned on the ORIGINAL scale. Set control$standardize_covariates = FALSE to disable.
  [linear r034 A]  13.1s  rhat_reg 1.041  div 0  (70/270, 16.4 min, ETA 47 min)
standardize_covariates: standardized 2 covariate(s) in long_formula (age: centre -0.9706, scale 9.93, implied intercept correlation -0.10; sex: centre 0.4325, scale 0.4955, implied intercept correlation -0.66). Coefficients are returned on the ORIGINAL scale. Set control$standardize_covariates = FALSE to disable.
sys:1: RuntimeWarning: orthogonalize_b: b[:,0] <- 3 direction(s) from X columns [0, 2, 3]; b[:,1] <- no basis (unconstrained)
  [linear r034 D]  15.3s  rhat_reg 1.012  div 0  (71/270, 16.7 min, ETA 47 min)
standardize_covariates: standardized 2 covariate(s) in long_formula (age: centre -0.9706, scale 9.93, implied intercept correlation -0.10; sex: centre 0.4325, scale 0.4955, implied intercept correlation -0.66). Coefficients are returned on the ORIGINAL scale. Set control$standardize_covariates = FALSE to disable.
sys:1: RuntimeWarning: orthogonalize_b: b[:,0] <- 3 direction(s) from X columns [0, 2, 3]; b[:,1] <- 1 direction(s) from X columns [1]
  [linear r034 E]  13.2s  rhat_reg 1.000  div 0  (72/270, 16.9 min, ETA 46 min)
standardize_covariates: standardized 2 covariate(s) in long_formula (age: centre -0.1917, scale 9.554, implied intercept correlation -0.02; sex: centre 0.5137, scale 0.4999, implied intercept correlation -0.72). Coefficients are returned on the ORIGINAL scale. Set control$standardize_covariates = FALSE to disable.
  [linear r035 A]  15.2s  rhat_reg 1.010  div 0  (73/270, 17.1 min, ETA 46 min)
standardize_covariates: standardized 2 covariate(s) in long_formula (age: centre -0.1917, scale 9.554, implied intercept correlation -0.02; sex: centre 0.5137, scale 0.4999, implied intercept correlation -0.72). Coefficients are returned on the ORIGINAL scale. Set control$standardize_covariates = FALSE to disable.
sys:1: RuntimeWarning: orthogonalize_b: b[:,0] <- 3 direction(s) from X columns [0, 2, 3]; b[:,1] <- no basis (unconstrained)
  [linear r035 D]  13.1s  rhat_reg 1.008  div 0  (74/270, 17.4 min, ETA 46 min)
standardize_covariates: standardized 2 covariate(s) in long_formula (age: centre -0.1917, scale 9.554, implied intercept correlation -0.02; sex: centre 0.5137, scale 0.4999, implied intercept correlation -0.72). Coefficients are returned on the ORIGINAL scale. Set control$standardize_covariates = FALSE to disable.
sys:1: RuntimeWarning: orthogonalize_b: b[:,0] <- 3 direction(s) from X columns [0, 2, 3]; b[:,1] <- 1 direction(s) from X columns [1]
  [linear r035 E]  14.1s  rhat_reg 1.001  div 0  (75/270, 17.6 min, ETA 46 min)
standardize_covariates: standardized 2 covariate(s) in long_formula (age: centre -0.1844, scale 9.846, implied intercept correlation -0.02; sex: centre 0.5085, scale 0.5, implied intercept correlation -0.71). Coefficients are returned on the ORIGINAL scale. Set control$standardize_covariates = FALSE to disable.
  [linear r036 A]  15.3s  rhat_reg 1.008  div 0  (76/270, 17.8 min, ETA 46 min)
standardize_covariates: standardized 2 covariate(s) in long_formula (age: centre -0.1844, scale 9.846, implied intercept correlation -0.02; sex: centre 0.5085, scale 0.5, implied intercept correlation -0.71). Coefficients are returned on the ORIGINAL scale. Set control$standardize_covariates = FALSE to disable.
sys:1: RuntimeWarning: orthogonalize_b: b[:,0] <- 3 direction(s) from X columns [0, 2, 3]; b[:,1] <- no basis (unconstrained)
  [linear r036 D]  13.5s  rhat_reg 1.005  div 0  (77/270, 18.1 min, ETA 45 min)
standardize_covariates: standardized 2 covariate(s) in long_formula (age: centre -0.1844, scale 9.846, implied intercept correlation -0.02; sex: centre 0.5085, scale 0.5, implied intercept correlation -0.71). Coefficients are returned on the ORIGINAL scale. Set control$standardize_covariates = FALSE to disable.
sys:1: RuntimeWarning: orthogonalize_b: b[:,0] <- 3 direction(s) from X columns [0, 2, 3]; b[:,1] <- 1 direction(s) from X columns [1]
  [linear r036 E]  14.4s  rhat_reg 1.000  div 0  (78/270, 18.3 min, ETA 45 min)
standardize_covariates: standardized 2 covariate(s) in long_formula (age: centre 0.3113, scale 10.21, implied intercept correlation -0.03; sex: centre 0.4915, scale 0.5, implied intercept correlation -0.70). Coefficients are returned on the ORIGINAL scale. Set control$standardize_covariates = FALSE to disable.
  [linear r037 A]  14.2s  rhat_reg 1.008  div 0  (79/270, 18.6 min, ETA 45 min)
standardize_covariates: standardized 2 covariate(s) in long_formula (age: centre 0.3113, scale 10.21, implied intercept correlation -0.03; sex: centre 0.4915, scale 0.5, implied intercept correlation -0.70). Coefficients are returned on the ORIGINAL scale. Set control$standardize_covariates = FALSE to disable.
sys:1: RuntimeWarning: orthogonalize_b: b[:,0] <- 3 direction(s) from X columns [0, 2, 3]; b[:,1] <- no basis (unconstrained)
  [linear r037 D]  14.7s  rhat_reg 1.004  div 0  (80/270, 18.8 min, ETA 45 min)
standardize_covariates: standardized 2 covariate(s) in long_formula (age: centre 0.3113, scale 10.21, implied intercept correlation -0.03; sex: centre 0.4915, scale 0.5, implied intercept correlation -0.70). Coefficients are returned on the ORIGINAL scale. Set control$standardize_covariates = FALSE to disable.
sys:1: RuntimeWarning: orthogonalize_b: b[:,0] <- 3 direction(s) from X columns [0, 2, 3]; b[:,1] <- 1 direction(s) from X columns [1]
  [linear r037 E]  14.6s  rhat_reg 1.001  div 0  (81/270, 19.0 min, ETA 44 min)
standardize_covariates: standardized 2 covariate(s) in long_formula (age: centre 0.05292, scale 9.747, implied intercept correlation -0.01; sex: centre 0.4339, scale 0.4957, implied intercept correlation -0.66). Coefficients are returned on the ORIGINAL scale. Set control$standardize_covariates = FALSE to disable.
  [linear r038 A]  14.3s  rhat_reg 1.026  div 0  (82/270, 19.3 min, ETA 44 min)
standardize_covariates: standardized 2 covariate(s) in long_formula (age: centre 0.05292, scale 9.747, implied intercept correlation -0.01; sex: centre 0.4339, scale 0.4957, implied intercept correlation -0.66). Coefficients are returned on the ORIGINAL scale. Set control$standardize_covariates = FALSE to disable.
sys:1: RuntimeWarning: orthogonalize_b: b[:,0] <- 3 direction(s) from X columns [0, 2, 3]; b[:,1] <- no basis (unconstrained)
  [linear r038 D]  15.8s  rhat_reg 1.019  div 0  (83/270, 19.5 min, ETA 44 min)
standardize_covariates: standardized 2 covariate(s) in long_formula (age: centre 0.05292, scale 9.747, implied intercept correlation -0.01; sex: centre 0.4339, scale 0.4957, implied intercept correlation -0.66). Coefficients are returned on the ORIGINAL scale. Set control$standardize_covariates = FALSE to disable.
sys:1: RuntimeWarning: orthogonalize_b: b[:,0] <- 3 direction(s) from X columns [0, 2, 3]; b[:,1] <- 1 direction(s) from X columns [1]
  [linear r038 E]  13.0s  rhat_reg 1.003  div 0  (84/270, 19.8 min, ETA 44 min)
standardize_covariates: standardized 2 covariate(s) in long_formula (age: centre 0.258, scale 10.38, implied intercept correlation -0.02; sex: centre 0.4896, scale 0.5, implied intercept correlation -0.70). Coefficients are returned on the ORIGINAL scale. Set control$standardize_covariates = FALSE to disable.
  [linear r039 A]  14.6s  rhat_reg 1.013  div 0  (85/270, 20.0 min, ETA 44 min)
standardize_covariates: standardized 2 covariate(s) in long_formula (age: centre 0.258, scale 10.38, implied intercept correlation -0.02; sex: centre 0.4896, scale 0.5, implied intercept correlation -0.70). Coefficients are returned on the ORIGINAL scale. Set control$standardize_covariates = FALSE to disable.
sys:1: RuntimeWarning: orthogonalize_b: b[:,0] <- 3 direction(s) from X columns [0, 2, 3]; b[:,1] <- no basis (unconstrained)
  [linear r039 D]  14.7s  rhat_reg 1.009  div 0  (86/270, 20.3 min, ETA 43 min)
standardize_covariates: standardized 2 covariate(s) in long_formula (age: centre 0.258, scale 10.38, implied intercept correlation -0.02; sex: centre 0.4896, scale 0.5, implied intercept correlation -0.70). Coefficients are returned on the ORIGINAL scale. Set control$standardize_covariates = FALSE to disable.
sys:1: RuntimeWarning: orthogonalize_b: b[:,0] <- 3 direction(s) from X columns [0, 2, 3]; b[:,1] <- 1 direction(s) from X columns [1]
  [linear r039 E]  14.7s  rhat_reg 1.000  div 0  (87/270, 20.5 min, ETA 43 min)
standardize_covariates: standardized 2 covariate(s) in long_formula (age: centre -0.2842, scale 10.07, implied intercept correlation -0.03; sex: centre 0.4768, scale 0.4996, implied intercept correlation -0.69). Coefficients are returned on the ORIGINAL scale. Set control$standardize_covariates = FALSE to disable.
  [linear r040 A]  14.4s  rhat_reg 1.013  div 0  (88/270, 20.7 min, ETA 43 min)
standardize_covariates: standardized 2 covariate(s) in long_formula (age: centre -0.2842, scale 10.07, implied intercept correlation -0.03; sex: centre 0.4768, scale 0.4996, implied intercept correlation -0.69). Coefficients are returned on the ORIGINAL scale. Set control$standardize_covariates = FALSE to disable.
sys:1: RuntimeWarning: orthogonalize_b: b[:,0] <- 3 direction(s) from X columns [0, 2, 3]; b[:,1] <- no basis (unconstrained)
  [linear r040 D]  14.6s  rhat_reg 1.019  div 0  (89/270, 21.0 min, ETA 43 min)
standardize_covariates: standardized 2 covariate(s) in long_formula (age: centre -0.2842, scale 10.07, implied intercept correlation -0.03; sex: centre 0.4768, scale 0.4996, implied intercept correlation -0.69). Coefficients are returned on the ORIGINAL scale. Set control$standardize_covariates = FALSE to disable.
sys:1: RuntimeWarning: orthogonalize_b: b[:,0] <- 3 direction(s) from X columns [0, 2, 3]; b[:,1] <- 1 direction(s) from X columns [1]
  [linear r040 E]  14.1s  rhat_reg 1.000  div 0  (90/270, 21.2 min, ETA 42 min)
standardize_covariates: standardized 2 covariate(s) in long_formula (age: centre -1.379, scale 9.953, implied intercept correlation -0.14; sex: centre 0.4928, scale 0.5, implied intercept correlation -0.70). Coefficients are returned on the ORIGINAL scale. Set control$standardize_covariates = FALSE to disable.
  [linear r041 A]  14.6s  rhat_reg 1.009  div 0  (91/270, 21.5 min, ETA 42 min)
standardize_covariates: standardized 2 covariate(s) in long_formula (age: centre -1.379, scale 9.953, implied intercept correlation -0.14; sex: centre 0.4928, scale 0.5, implied intercept correlation -0.70). Coefficients are returned on the ORIGINAL scale. Set control$standardize_covariates = FALSE to disable.
sys:1: RuntimeWarning: orthogonalize_b: b[:,0] <- 3 direction(s) from X columns [0, 2, 3]; b[:,1] <- no basis (unconstrained)
  [linear r041 D]  14.8s  rhat_reg 1.005  div 0  (92/270, 21.7 min, ETA 42 min)
standardize_covariates: standardized 2 covariate(s) in long_formula (age: centre -1.379, scale 9.953, implied intercept correlation -0.14; sex: centre 0.4928, scale 0.5, implied intercept correlation -0.70). Coefficients are returned on the ORIGINAL scale. Set control$standardize_covariates = FALSE to disable.
sys:1: RuntimeWarning: orthogonalize_b: b[:,0] <- 3 direction(s) from X columns [0, 2, 3]; b[:,1] <- 1 direction(s) from X columns [1]
  [linear r041 E]  12.0s  rhat_reg 1.001  div 0  (93/270, 21.9 min, ETA 42 min)
standardize_covariates: standardized 2 covariate(s) in long_formula (age: centre 0.1413, scale 9.417, implied intercept correlation -0.02; sex: centre 0.4664, scale 0.499, implied intercept correlation -0.68). Coefficients are returned on the ORIGINAL scale. Set control$standardize_covariates = FALSE to disable.
  [linear r042 A]  14.5s  rhat_reg 1.018  div 0  (94/270, 22.2 min, ETA 42 min)
standardize_covariates: standardized 2 covariate(s) in long_formula (age: centre 0.1413, scale 9.417, implied intercept correlation -0.02; sex: centre 0.4664, scale 0.499, implied intercept correlation -0.68). Coefficients are returned on the ORIGINAL scale. Set control$standardize_covariates = FALSE to disable.
sys:1: RuntimeWarning: orthogonalize_b: b[:,0] <- 3 direction(s) from X columns [0, 2, 3]; b[:,1] <- no basis (unconstrained)
  [linear r042 D]  15.0s  rhat_reg 1.005  div 0  (95/270, 22.4 min, ETA 41 min)
standardize_covariates: standardized 2 covariate(s) in long_formula (age: centre 0.1413, scale 9.417, implied intercept correlation -0.02; sex: centre 0.4664, scale 0.499, implied intercept correlation -0.68). Coefficients are returned on the ORIGINAL scale. Set control$standardize_covariates = FALSE to disable.
sys:1: RuntimeWarning: orthogonalize_b: b[:,0] <- 3 direction(s) from X columns [0, 2, 3]; b[:,1] <- 1 direction(s) from X columns [1]
  [linear r042 E]  14.9s  rhat_reg 1.000  div 0  (96/270, 22.7 min, ETA 41 min)
standardize_covariates: standardized 2 covariate(s) in long_formula (age: centre -0.03174, scale 9.43, implied intercept correlation -0.00; sex: centre 0.4696, scale 0.4992, implied intercept correlation -0.69). Coefficients are returned on the ORIGINAL scale. Set control$standardize_covariates = FALSE to disable.
  [linear r043 A]  14.9s  rhat_reg 1.023  div 0  (97/270, 22.9 min, ETA 41 min)
standardize_covariates: standardized 2 covariate(s) in long_formula (age: centre -0.03174, scale 9.43, implied intercept correlation -0.00; sex: centre 0.4696, scale 0.4992, implied intercept correlation -0.69). Coefficients are returned on the ORIGINAL scale. Set control$standardize_covariates = FALSE to disable.
sys:1: RuntimeWarning: orthogonalize_b: b[:,0] <- 3 direction(s) from X columns [0, 2, 3]; b[:,1] <- no basis (unconstrained)
  [linear r043 D]  15.2s  rhat_reg 1.013  div 0  (98/270, 23.2 min, ETA 41 min)
standardize_covariates: standardized 2 covariate(s) in long_formula (age: centre -0.03174, scale 9.43, implied intercept correlation -0.00; sex: centre 0.4696, scale 0.4992, implied intercept correlation -0.69). Coefficients are returned on the ORIGINAL scale. Set control$standardize_covariates = FALSE to disable.
sys:1: RuntimeWarning: orthogonalize_b: b[:,0] <- 3 direction(s) from X columns [0, 2, 3]; b[:,1] <- 1 direction(s) from X columns [1]
  [linear r043 E]  13.2s  rhat_reg 1.000  div 0  (99/270, 23.4 min, ETA 40 min)
standardize_covariates: standardized 2 covariate(s) in long_formula (age: centre 0.4837, scale 10.19, implied intercept correlation -0.05; sex: centre 0.5563, scale 0.4969, implied intercept correlation -0.75). Coefficients are returned on the ORIGINAL scale. Set control$standardize_covariates = FALSE to disable.
  [linear r044 A]  14.6s  rhat_reg 1.011  div 0  (100/270, 23.6 min, ETA 40 min)
standardize_covariates: standardized 2 covariate(s) in long_formula (age: centre 0.4837, scale 10.19, implied intercept correlation -0.05; sex: centre 0.5563, scale 0.4969, implied intercept correlation -0.75). Coefficients are returned on the ORIGINAL scale. Set control$standardize_covariates = FALSE to disable.
sys:1: RuntimeWarning: orthogonalize_b: b[:,0] <- 3 direction(s) from X columns [0, 2, 3]; b[:,1] <- no basis (unconstrained)
  [linear r044 D]  14.9s  rhat_reg 1.013  div 0  (101/270, 23.9 min, ETA 40 min)
standardize_covariates: standardized 2 covariate(s) in long_formula (age: centre 0.4837, scale 10.19, implied intercept correlation -0.05; sex: centre 0.5563, scale 0.4969, implied intercept correlation -0.75). Coefficients are returned on the ORIGINAL scale. Set control$standardize_covariates = FALSE to disable.
sys:1: RuntimeWarning: orthogonalize_b: b[:,0] <- 3 direction(s) from X columns [0, 2, 3]; b[:,1] <- 1 direction(s) from X columns [1]
  [linear r044 E]  14.8s  rhat_reg 1.001  div 0  (102/270, 24.1 min, ETA 40 min)
standardize_covariates: standardized 2 covariate(s) in long_formula (age: centre 0.4286, scale 10.65, implied intercept correlation -0.04; sex: centre 0.4733, scale 0.4994, implied intercept correlation -0.69). Coefficients are returned on the ORIGINAL scale. Set control$standardize_covariates = FALSE to disable.
  [linear r045 A]  14.6s  rhat_reg 1.015  div 0  (103/270, 24.4 min, ETA 40 min)
standardize_covariates: standardized 2 covariate(s) in long_formula (age: centre 0.4286, scale 10.65, implied intercept correlation -0.04; sex: centre 0.4733, scale 0.4994, implied intercept correlation -0.69). Coefficients are returned on the ORIGINAL scale. Set control$standardize_covariates = FALSE to disable.
sys:1: RuntimeWarning: orthogonalize_b: b[:,0] <- 3 direction(s) from X columns [0, 2, 3]; b[:,1] <- no basis (unconstrained)
  [linear r045 D]  13.2s  rhat_reg 1.015  div 0  (104/270, 24.6 min, ETA 39 min)
standardize_covariates: standardized 2 covariate(s) in long_formula (age: centre 0.4286, scale 10.65, implied intercept correlation -0.04; sex: centre 0.4733, scale 0.4994, implied intercept correlation -0.69). Coefficients are returned on the ORIGINAL scale. Set control$standardize_covariates = FALSE to disable.
sys:1: RuntimeWarning: orthogonalize_b: b[:,0] <- 3 direction(s) from X columns [0, 2, 3]; b[:,1] <- 1 direction(s) from X columns [1]
  [linear r045 E]  14.9s  rhat_reg 1.000  div 0  (105/270, 24.9 min, ETA 39 min)
standardize_covariates: standardized 2 covariate(s) in long_formula (age: centre -0.9188, scale 9.68, implied intercept correlation -0.09; sex: centre 0.5017, scale 0.5001, implied intercept correlation -0.71). Coefficients are returned on the ORIGINAL scale. Set control$standardize_covariates = FALSE to disable.
  [linear r046 A]  14.6s  rhat_reg 1.015  div 0  (106/270, 25.1 min, ETA 39 min)
standardize_covariates: standardized 2 covariate(s) in long_formula (age: centre -0.9188, scale 9.68, implied intercept correlation -0.09; sex: centre 0.5017, scale 0.5001, implied intercept correlation -0.71). Coefficients are returned on the ORIGINAL scale. Set control$standardize_covariates = FALSE to disable.
sys:1: RuntimeWarning: orthogonalize_b: b[:,0] <- 3 direction(s) from X columns [0, 2, 3]; b[:,1] <- no basis (unconstrained)
  [linear r046 D]  14.8s  rhat_reg 1.017  div 0  (107/270, 25.3 min, ETA 39 min)
standardize_covariates: standardized 2 covariate(s) in long_formula (age: centre -0.9188, scale 9.68, implied intercept correlation -0.09; sex: centre 0.5017, scale 0.5001, implied intercept correlation -0.71). Coefficients are returned on the ORIGINAL scale. Set control$standardize_covariates = FALSE to disable.
sys:1: RuntimeWarning: orthogonalize_b: b[:,0] <- 3 direction(s) from X columns [0, 2, 3]; b[:,1] <- 1 direction(s) from X columns [1]
  [linear r046 E]  15.2s  rhat_reg 1.000  div 0  (108/270, 25.6 min, ETA 38 min)
standardize_covariates: standardized 2 covariate(s) in long_formula (age: centre -0.7687, scale 10.71, implied intercept correlation -0.07; sex: centre 0.4647, scale 0.4988, implied intercept correlation -0.68). Coefficients are returned on the ORIGINAL scale. Set control$standardize_covariates = FALSE to disable.
  [linear r047 A]  14.8s  rhat_reg 1.029  div 0  (109/270, 25.9 min, ETA 38 min)
standardize_covariates: standardized 2 covariate(s) in long_formula (age: centre -0.7687, scale 10.71, implied intercept correlation -0.07; sex: centre 0.4647, scale 0.4988, implied intercept correlation -0.68). Coefficients are returned on the ORIGINAL scale. Set control$standardize_covariates = FALSE to disable.
sys:1: RuntimeWarning: orthogonalize_b: b[:,0] <- 3 direction(s) from X columns [0, 2, 3]; b[:,1] <- no basis (unconstrained)
  [linear r047 D]  13.3s  rhat_reg 1.021  div 0  (110/270, 26.1 min, ETA 38 min)
standardize_covariates: standardized 2 covariate(s) in long_formula (age: centre -0.7687, scale 10.71, implied intercept correlation -0.07; sex: centre 0.4647, scale 0.4988, implied intercept correlation -0.68). Coefficients are returned on the ORIGINAL scale. Set control$standardize_covariates = FALSE to disable.
sys:1: RuntimeWarning: orthogonalize_b: b[:,0] <- 3 direction(s) from X columns [0, 2, 3]; b[:,1] <- 1 direction(s) from X columns [1]
  [linear r047 E]  15.4s  rhat_reg 1.000  div 0  (111/270, 26.3 min, ETA 38 min)
standardize_covariates: standardized 2 covariate(s) in long_formula (age: centre 0.5154, scale 9.45, implied intercept correlation -0.05; sex: centre 0.4824, scale 0.4998, implied intercept correlation -0.69). Coefficients are returned on the ORIGINAL scale. Set control$standardize_covariates = FALSE to disable.
  [linear r048 A]  14.8s  rhat_reg 1.011  div 0  (112/270, 26.6 min, ETA 37 min)
standardize_covariates: standardized 2 covariate(s) in long_formula (age: centre 0.5154, scale 9.45, implied intercept correlation -0.05; sex: centre 0.4824, scale 0.4998, implied intercept correlation -0.69). Coefficients are returned on the ORIGINAL scale. Set control$standardize_covariates = FALSE to disable.
sys:1: RuntimeWarning: orthogonalize_b: b[:,0] <- 3 direction(s) from X columns [0, 2, 3]; b[:,1] <- no basis (unconstrained)
  [linear r048 D]  15.4s  rhat_reg 1.005  div 0  (113/270, 26.8 min, ETA 37 min)
standardize_covariates: standardized 2 covariate(s) in long_formula (age: centre 0.5154, scale 9.45, implied intercept correlation -0.05; sex: centre 0.4824, scale 0.4998, implied intercept correlation -0.69). Coefficients are returned on the ORIGINAL scale. Set control$standardize_covariates = FALSE to disable.
sys:1: RuntimeWarning: orthogonalize_b: b[:,0] <- 3 direction(s) from X columns [0, 2, 3]; b[:,1] <- 1 direction(s) from X columns [1]
  [linear r048 E]  13.5s  rhat_reg 1.000  div 0  (114/270, 27.1 min, ETA 37 min)
standardize_covariates: standardized 2 covariate(s) in long_formula (age: centre -1.269, scale 9.307, implied intercept correlation -0.14; sex: centre 0.5253, scale 0.4995, implied intercept correlation -0.72). Coefficients are returned on the ORIGINAL scale. Set control$standardize_covariates = FALSE to disable.
  [linear r049 A]  14.9s  rhat_reg 1.010  div 0  (115/270, 27.3 min, ETA 37 min)
standardize_covariates: standardized 2 covariate(s) in long_formula (age: centre -1.269, scale 9.307, implied intercept correlation -0.14; sex: centre 0.5253, scale 0.4995, implied intercept correlation -0.72). Coefficients are returned on the ORIGINAL scale. Set control$standardize_covariates = FALSE to disable.
sys:1: RuntimeWarning: orthogonalize_b: b[:,0] <- 3 direction(s) from X columns [0, 2, 3]; b[:,1] <- no basis (unconstrained)
  [linear r049 D]  15.3s  rhat_reg 1.000  div 0  (116/270, 27.6 min, ETA 37 min)
standardize_covariates: standardized 2 covariate(s) in long_formula (age: centre -1.269, scale 9.307, implied intercept correlation -0.14; sex: centre 0.5253, scale 0.4995, implied intercept correlation -0.72). Coefficients are returned on the ORIGINAL scale. Set control$standardize_covariates = FALSE to disable.
sys:1: RuntimeWarning: orthogonalize_b: b[:,0] <- 3 direction(s) from X columns [0, 2, 3]; b[:,1] <- 1 direction(s) from X columns [1]
  [linear r049 E]  15.0s  rhat_reg 1.000  div 0  (117/270, 27.8 min, ETA 36 min)
standardize_covariates: standardized 2 covariate(s) in long_formula (age: centre 0.8518, scale 10.36, implied intercept correlation -0.08; sex: centre 0.5028, scale 0.5001, implied intercept correlation -0.71). Coefficients are returned on the ORIGINAL scale. Set control$standardize_covariates = FALSE to disable.
  [linear r050 A]  13.2s  rhat_reg 1.016  div 0  (118/270, 28.0 min, ETA 36 min)
standardize_covariates: standardized 2 covariate(s) in long_formula (age: centre 0.8518, scale 10.36, implied intercept correlation -0.08; sex: centre 0.5028, scale 0.5001, implied intercept correlation -0.71). Coefficients are returned on the ORIGINAL scale. Set control$standardize_covariates = FALSE to disable.
sys:1: RuntimeWarning: orthogonalize_b: b[:,0] <- 3 direction(s) from X columns [0, 2, 3]; b[:,1] <- no basis (unconstrained)
  [linear r050 D]  14.8s  rhat_reg 1.009  div 0  (119/270, 28.3 min, ETA 36 min)
standardize_covariates: standardized 2 covariate(s) in long_formula (age: centre 0.8518, scale 10.36, implied intercept correlation -0.08; sex: centre 0.5028, scale 0.5001, implied intercept correlation -0.71). Coefficients are returned on the ORIGINAL scale. Set control$standardize_covariates = FALSE to disable.
sys:1: RuntimeWarning: orthogonalize_b: b[:,0] <- 3 direction(s) from X columns [0, 2, 3]; b[:,1] <- 1 direction(s) from X columns [1]
  [linear r050 E]  15.3s  rhat_reg 1.001  div 0  (120/270, 28.6 min, ETA 36 min)
standardize_covariates: standardized 2 covariate(s) in long_formula (age: centre -0.1159, scale 10.71, implied intercept correlation -0.01; sex: centre 0.5053, scale 0.5001, implied intercept correlation -0.71). Coefficients are returned on the ORIGINAL scale. Set control$standardize_covariates = FALSE to disable.
  [linear r051 A]  14.8s  rhat_reg 1.006  div 0  (121/270, 28.8 min, ETA 35 min)
standardize_covariates: standardized 2 covariate(s) in long_formula (age: centre -0.1159, scale 10.71, implied intercept correlation -0.01; sex: centre 0.5053, scale 0.5001, implied intercept correlation -0.71). Coefficients are returned on the ORIGINAL scale. Set control$standardize_covariates = FALSE to disable.
sys:1: RuntimeWarning: orthogonalize_b: b[:,0] <- 3 direction(s) from X columns [0, 2, 3]; b[:,1] <- no basis (unconstrained)
  [linear r051 D]  13.1s  rhat_reg 1.005  div 0  (122/270, 29.0 min, ETA 35 min)
standardize_covariates: standardized 2 covariate(s) in long_formula (age: centre -0.1159, scale 10.71, implied intercept correlation -0.01; sex: centre 0.5053, scale 0.5001, implied intercept correlation -0.71). Coefficients are returned on the ORIGINAL scale. Set control$standardize_covariates = FALSE to disable.
sys:1: RuntimeWarning: orthogonalize_b: b[:,0] <- 3 direction(s) from X columns [0, 2, 3]; b[:,1] <- 1 direction(s) from X columns [1]
  [linear r051 E]  13.0s  rhat_reg 1.001  div 0  (123/270, 29.2 min, ETA 35 min)
standardize_covariates: standardized 2 covariate(s) in long_formula (age: centre 1.573, scale 9.571, implied intercept correlation -0.16; sex: centre 0.5213, scale 0.4996, implied intercept correlation -0.72). Coefficients are returned on the ORIGINAL scale. Set control$standardize_covariates = FALSE to disable.
  [linear r052 A]  14.8s  rhat_reg 1.012  div 0  (124/270, 29.5 min, ETA 35 min)
standardize_covariates: standardized 2 covariate(s) in long_formula (age: centre 1.573, scale 9.571, implied intercept correlation -0.16; sex: centre 0.5213, scale 0.4996, implied intercept correlation -0.72). Coefficients are returned on the ORIGINAL scale. Set control$standardize_covariates = FALSE to disable.
sys:1: RuntimeWarning: orthogonalize_b: b[:,0] <- 3 direction(s) from X columns [0, 2, 3]; b[:,1] <- no basis (unconstrained)
  [linear r052 D]  13.4s  rhat_reg 1.012  div 0  (125/270, 29.7 min, ETA 34 min)
standardize_covariates: standardized 2 covariate(s) in long_formula (age: centre 1.573, scale 9.571, implied intercept correlation -0.16; sex: centre 0.5213, scale 0.4996, implied intercept correlation -0.72). Coefficients are returned on the ORIGINAL scale. Set control$standardize_covariates = FALSE to disable.
sys:1: RuntimeWarning: orthogonalize_b: b[:,0] <- 3 direction(s) from X columns [0, 2, 3]; b[:,1] <- 1 direction(s) from X columns [1]
  [linear r052 E]  15.0s  rhat_reg 1.000  div 0  (126/270, 30.0 min, ETA 34 min)
standardize_covariates: standardized 2 covariate(s) in long_formula (age: centre -0.5159, scale 9.715, implied intercept correlation -0.05; sex: centre 0.5154, scale 0.4999, implied intercept correlation -0.72). Coefficients are returned on the ORIGINAL scale. Set control$standardize_covariates = FALSE to disable.
  [linear r053 A]  15.0s  rhat_reg 1.016  div 0  (127/270, 30.2 min, ETA 34 min)
standardize_covariates: standardized 2 covariate(s) in long_formula (age: centre -0.5159, scale 9.715, implied intercept correlation -0.05; sex: centre 0.5154, scale 0.4999, implied intercept correlation -0.72). Coefficients are returned on the ORIGINAL scale. Set control$standardize_covariates = FALSE to disable.
sys:1: RuntimeWarning: orthogonalize_b: b[:,0] <- 3 direction(s) from X columns [0, 2, 3]; b[:,1] <- no basis (unconstrained)
  [linear r053 D]  15.0s  rhat_reg 1.007  div 0  (128/270, 30.5 min, ETA 34 min)
standardize_covariates: standardized 2 covariate(s) in long_formula (age: centre -0.5159, scale 9.715, implied intercept correlation -0.05; sex: centre 0.5154, scale 0.4999, implied intercept correlation -0.72). Coefficients are returned on the ORIGINAL scale. Set control$standardize_covariates = FALSE to disable.
sys:1: RuntimeWarning: orthogonalize_b: b[:,0] <- 3 direction(s) from X columns [0, 2, 3]; b[:,1] <- 1 direction(s) from X columns [1]
  [linear r053 E]  13.7s  rhat_reg 1.000  div 0  (129/270, 30.7 min, ETA 34 min)
standardize_covariates: standardized 2 covariate(s) in long_formula (age: centre -0.3373, scale 10.2, implied intercept correlation -0.03; sex: centre 0.5381, scale 0.4986, implied intercept correlation -0.73). Coefficients are returned on the ORIGINAL scale. Set control$standardize_covariates = FALSE to disable.
  [linear r054 A]  14.8s  rhat_reg 1.012  div 0  (130/270, 30.9 min, ETA 33 min)
standardize_covariates: standardized 2 covariate(s) in long_formula (age: centre -0.3373, scale 10.2, implied intercept correlation -0.03; sex: centre 0.5381, scale 0.4986, implied intercept correlation -0.73). Coefficients are returned on the ORIGINAL scale. Set control$standardize_covariates = FALSE to disable.
sys:1: RuntimeWarning: orthogonalize_b: b[:,0] <- 3 direction(s) from X columns [0, 2, 3]; b[:,1] <- no basis (unconstrained)
  [linear r054 D]  15.0s  rhat_reg 1.005  div 0  (131/270, 31.2 min, ETA 33 min)
standardize_covariates: standardized 2 covariate(s) in long_formula (age: centre -0.3373, scale 10.2, implied intercept correlation -0.03; sex: centre 0.5381, scale 0.4986, implied intercept correlation -0.73). Coefficients are returned on the ORIGINAL scale. Set control$standardize_covariates = FALSE to disable.
sys:1: RuntimeWarning: orthogonalize_b: b[:,0] <- 3 direction(s) from X columns [0, 2, 3]; b[:,1] <- 1 direction(s) from X columns [1]
  [linear r054 E]  15.0s  rhat_reg 1.001  div 0  (132/270, 31.4 min, ETA 33 min)
standardize_covariates: standardized 2 covariate(s) in long_formula (age: centre 0.1828, scale 10.27, implied intercept correlation -0.02; sex: centre 0.5107, scale 0.5, implied intercept correlation -0.71). Coefficients are returned on the ORIGINAL scale. Set control$standardize_covariates = FALSE to disable.
  [linear r055 A]  12.8s  rhat_reg 1.010  div 0  (133/270, 31.7 min, ETA 33 min)
standardize_covariates: standardized 2 covariate(s) in long_formula (age: centre 0.1828, scale 10.27, implied intercept correlation -0.02; sex: centre 0.5107, scale 0.5, implied intercept correlation -0.71). Coefficients are returned on the ORIGINAL scale. Set control$standardize_covariates = FALSE to disable.
sys:1: RuntimeWarning: orthogonalize_b: b[:,0] <- 3 direction(s) from X columns [0, 2, 3]; b[:,1] <- no basis (unconstrained)
  [linear r055 D]  15.0s  rhat_reg 1.006  div 0  (134/270, 31.9 min, ETA 32 min)
standardize_covariates: standardized 2 covariate(s) in long_formula (age: centre 0.1828, scale 10.27, implied intercept correlation -0.02; sex: centre 0.5107, scale 0.5, implied intercept correlation -0.71). Coefficients are returned on the ORIGINAL scale. Set control$standardize_covariates = FALSE to disable.
sys:1: RuntimeWarning: orthogonalize_b: b[:,0] <- 3 direction(s) from X columns [0, 2, 3]; b[:,1] <- 1 direction(s) from X columns [1]
  [linear r055 E]  15.2s  rhat_reg 1.000  div 0  (135/270, 32.2 min, ETA 32 min)
standardize_covariates: standardized 2 covariate(s) in long_formula (age: centre -1.135, scale 10.11, implied intercept correlation -0.11; sex: centre 0.5356, scale 0.4988, implied intercept correlation -0.73). Coefficients are returned on the ORIGINAL scale. Set control$standardize_covariates = FALSE to disable.
  [linear r056 A]  13.2s  rhat_reg 1.019  div 0  (136/270, 32.4 min, ETA 32 min)
standardize_covariates: standardized 2 covariate(s) in long_formula (age: centre -1.135, scale 10.11, implied intercept correlation -0.11; sex: centre 0.5356, scale 0.4988, implied intercept correlation -0.73). Coefficients are returned on the ORIGINAL scale. Set control$standardize_covariates = FALSE to disable.
sys:1: RuntimeWarning: orthogonalize_b: b[:,0] <- 3 direction(s) from X columns [0, 2, 3]; b[:,1] <- no basis (unconstrained)
  [linear r056 D]  15.5s  rhat_reg 1.015  div 0  (137/270, 32.6 min, ETA 32 min)
standardize_covariates: standardized 2 covariate(s) in long_formula (age: centre -1.135, scale 10.11, implied intercept correlation -0.11; sex: centre 0.5356, scale 0.4988, implied intercept correlation -0.73). Coefficients are returned on the ORIGINAL scale. Set control$standardize_covariates = FALSE to disable.
sys:1: RuntimeWarning: orthogonalize_b: b[:,0] <- 3 direction(s) from X columns [0, 2, 3]; b[:,1] <- 1 direction(s) from X columns [1]
  [linear r056 E]  13.4s  rhat_reg 1.000  div 0  (138/270, 32.9 min, ETA 31 min)
standardize_covariates: standardized 2 covariate(s) in long_formula (age: centre -0.05622, scale 9.445, implied intercept correlation -0.01; sex: centre 0.5114, scale 0.5, implied intercept correlation -0.72). Coefficients are returned on the ORIGINAL scale. Set control$standardize_covariates = FALSE to disable.
  [linear r057 A]  15.2s  rhat_reg 1.005  div 0  (139/270, 33.1 min, ETA 31 min)
standardize_covariates: standardized 2 covariate(s) in long_formula (age: centre -0.05622, scale 9.445, implied intercept correlation -0.01; sex: centre 0.5114, scale 0.5, implied intercept correlation -0.72). Coefficients are returned on the ORIGINAL scale. Set control$standardize_covariates = FALSE to disable.
sys:1: RuntimeWarning: orthogonalize_b: b[:,0] <- 3 direction(s) from X columns [0, 2, 3]; b[:,1] <- no basis (unconstrained)
  [linear r057 D]  15.5s  rhat_reg 1.001  div 0  (140/270, 33.4 min, ETA 31 min)
standardize_covariates: standardized 2 covariate(s) in long_formula (age: centre -0.05622, scale 9.445, implied intercept correlation -0.01; sex: centre 0.5114, scale 0.5, implied intercept correlation -0.72). Coefficients are returned on the ORIGINAL scale. Set control$standardize_covariates = FALSE to disable.
sys:1: RuntimeWarning: orthogonalize_b: b[:,0] <- 3 direction(s) from X columns [0, 2, 3]; b[:,1] <- 1 direction(s) from X columns [1]
  [linear r057 E]  15.7s  rhat_reg 1.000  div 0  (141/270, 33.7 min, ETA 31 min)
standardize_covariates: standardized 2 covariate(s) in long_formula (age: centre -0.9542, scale 9.846, implied intercept correlation -0.10; sex: centre 0.5011, scale 0.5001, implied intercept correlation -0.71). Coefficients are returned on the ORIGINAL scale. Set control$standardize_covariates = FALSE to disable.
  [linear r058 A]  13.3s  rhat_reg 1.011  div 0  (142/270, 33.9 min, ETA 31 min)
standardize_covariates: standardized 2 covariate(s) in long_formula (age: centre -0.9542, scale 9.846, implied intercept correlation -0.10; sex: centre 0.5011, scale 0.5001, implied intercept correlation -0.71). Coefficients are returned on the ORIGINAL scale. Set control$standardize_covariates = FALSE to disable.
sys:1: RuntimeWarning: orthogonalize_b: b[:,0] <- 3 direction(s) from X columns [0, 2, 3]; b[:,1] <- no basis (unconstrained)
  [linear r058 D]  15.4s  rhat_reg 1.012  div 0  (143/270, 34.1 min, ETA 30 min)
standardize_covariates: standardized 2 covariate(s) in long_formula (age: centre -0.9542, scale 9.846, implied intercept correlation -0.10; sex: centre 0.5011, scale 0.5001, implied intercept correlation -0.71). Coefficients are returned on the ORIGINAL scale. Set control$standardize_covariates = FALSE to disable.
sys:1: RuntimeWarning: orthogonalize_b: b[:,0] <- 3 direction(s) from X columns [0, 2, 3]; b[:,1] <- 1 direction(s) from X columns [1]
  [linear r058 E]  13.4s  rhat_reg 1.004  div 0  (144/270, 34.4 min, ETA 30 min)
standardize_covariates: standardized 2 covariate(s) in long_formula (age: centre -0.4622, scale 9.893, implied intercept correlation -0.05; sex: centre 0.5115, scale 0.5, implied intercept correlation -0.72). Coefficients are returned on the ORIGINAL scale. Set control$standardize_covariates = FALSE to disable.
  [linear r059 A]  15.2s  rhat_reg 1.003  div 0  (145/270, 34.6 min, ETA 30 min)
standardize_covariates: standardized 2 covariate(s) in long_formula (age: centre -0.4622, scale 9.893, implied intercept correlation -0.05; sex: centre 0.5115, scale 0.5, implied intercept correlation -0.72). Coefficients are returned on the ORIGINAL scale. Set control$standardize_covariates = FALSE to disable.
sys:1: RuntimeWarning: orthogonalize_b: b[:,0] <- 3 direction(s) from X columns [0, 2, 3]; b[:,1] <- no basis (unconstrained)
  [linear r059 D]  15.8s  rhat_reg 1.000  div 0  (146/270, 34.9 min, ETA 30 min)
standardize_covariates: standardized 2 covariate(s) in long_formula (age: centre -0.4622, scale 9.893, implied intercept correlation -0.05; sex: centre 0.5115, scale 0.5, implied intercept correlation -0.72). Coefficients are returned on the ORIGINAL scale. Set control$standardize_covariates = FALSE to disable.
sys:1: RuntimeWarning: orthogonalize_b: b[:,0] <- 3 direction(s) from X columns [0, 2, 3]; b[:,1] <- 1 direction(s) from X columns [1]
  [linear r059 E]  13.4s  rhat_reg 1.000  div 0  (147/270, 35.1 min, ETA 29 min)
standardize_covariates: standardized 2 covariate(s) in long_formula (age: centre -0.4672, scale 10.41, implied intercept correlation -0.04; sex: centre 0.523, scale 0.4996, implied intercept correlation -0.72). Coefficients are returned on the ORIGINAL scale. Set control$standardize_covariates = FALSE to disable.
  [linear r060 A]  15.2s  rhat_reg 1.011  div 0  (148/270, 35.4 min, ETA 29 min)
standardize_covariates: standardized 2 covariate(s) in long_formula (age: centre -0.4672, scale 10.41, implied intercept correlation -0.04; sex: centre 0.523, scale 0.4996, implied intercept correlation -0.72). Coefficients are returned on the ORIGINAL scale. Set control$standardize_covariates = FALSE to disable.
sys:1: RuntimeWarning: orthogonalize_b: b[:,0] <- 3 direction(s) from X columns [0, 2, 3]; b[:,1] <- no basis (unconstrained)
  [linear r060 D]  16.0s  rhat_reg 1.002  div 0  (149/270, 35.6 min, ETA 29 min)
standardize_covariates: standardized 2 covariate(s) in long_formula (age: centre -0.4672, scale 10.41, implied intercept correlation -0.04; sex: centre 0.523, scale 0.4996, implied intercept correlation -0.72). Coefficients are returned on the ORIGINAL scale. Set control$standardize_covariates = FALSE to disable.
sys:1: RuntimeWarning: orthogonalize_b: b[:,0] <- 3 direction(s) from X columns [0, 2, 3]; b[:,1] <- 1 direction(s) from X columns [1]
  [linear r060 E]  13.7s  rhat_reg 1.002  div 0  (150/270, 35.9 min, ETA 29 min)
standardize_covariates: standardized 2 covariate(s) in long_formula (age: centre 0.3741, scale 9.904, implied intercept correlation -0.04; sex: centre 0.5098, scale 0.5, implied intercept correlation -0.71). Coefficients are returned on the ORIGINAL scale. Set control$standardize_covariates = FALSE to disable.
  [linear r061 A]  15.5s  rhat_reg 1.007  div 0  (151/270, 36.1 min, ETA 28 min)
standardize_covariates: standardized 2 covariate(s) in long_formula (age: centre 0.3741, scale 9.904, implied intercept correlation -0.04; sex: centre 0.5098, scale 0.5, implied intercept correlation -0.71). Coefficients are returned on the ORIGINAL scale. Set control$standardize_covariates = FALSE to disable.
sys:1: RuntimeWarning: orthogonalize_b: b[:,0] <- 3 direction(s) from X columns [0, 2, 3]; b[:,1] <- no basis (unconstrained)
  [linear r061 D]  15.6s  rhat_reg 1.002  div 0  (152/270, 36.4 min, ETA 28 min)
standardize_covariates: standardized 2 covariate(s) in long_formula (age: centre 0.3741, scale 9.904, implied intercept correlation -0.04; sex: centre 0.5098, scale 0.5, implied intercept correlation -0.71). Coefficients are returned on the ORIGINAL scale. Set control$standardize_covariates = FALSE to disable.
sys:1: RuntimeWarning: orthogonalize_b: b[:,0] <- 3 direction(s) from X columns [0, 2, 3]; b[:,1] <- 1 direction(s) from X columns [1]
  [linear r061 E]  13.0s  rhat_reg 1.002  div 0  (153/270, 36.6 min, ETA 28 min)
standardize_covariates: standardized 2 covariate(s) in long_formula (age: centre -0.3164, scale 10.4, implied intercept correlation -0.03; sex: centre 0.4915, scale 0.5, implied intercept correlation -0.70). Coefficients are returned on the ORIGINAL scale. Set control$standardize_covariates = FALSE to disable.
  [linear r062 A]  15.5s  rhat_reg 1.012  div 0  (154/270, 36.9 min, ETA 28 min)
standardize_covariates: standardized 2 covariate(s) in long_formula (age: centre -0.3164, scale 10.4, implied intercept correlation -0.03; sex: centre 0.4915, scale 0.5, implied intercept correlation -0.70). Coefficients are returned on the ORIGINAL scale. Set control$standardize_covariates = FALSE to disable.
sys:1: RuntimeWarning: orthogonalize_b: b[:,0] <- 3 direction(s) from X columns [0, 2, 3]; b[:,1] <- no basis (unconstrained)
  [linear r062 D]  16.9s  rhat_reg 1.002  div 0  (155/270, 37.1 min, ETA 28 min)
standardize_covariates: standardized 2 covariate(s) in long_formula (age: centre -0.3164, scale 10.4, implied intercept correlation -0.03; sex: centre 0.4915, scale 0.5, implied intercept correlation -0.70). Coefficients are returned on the ORIGINAL scale. Set control$standardize_covariates = FALSE to disable.
sys:1: RuntimeWarning: orthogonalize_b: b[:,0] <- 3 direction(s) from X columns [0, 2, 3]; b[:,1] <- 1 direction(s) from X columns [1]
  [linear r062 E]  13.5s  rhat_reg 0.999  div 0  (156/270, 37.4 min, ETA 27 min)
standardize_covariates: standardized 2 covariate(s) in long_formula (age: centre 0.9753, scale 9.818, implied intercept correlation -0.10; sex: centre 0.4634, scale 0.4987, implied intercept correlation -0.68). Coefficients are returned on the ORIGINAL scale. Set control$standardize_covariates = FALSE to disable.
  [linear r063 A]  15.9s  rhat_reg 1.006  div 0  (157/270, 37.6 min, ETA 27 min)
standardize_covariates: standardized 2 covariate(s) in long_formula (age: centre 0.9753, scale 9.818, implied intercept correlation -0.10; sex: centre 0.4634, scale 0.4987, implied intercept correlation -0.68). Coefficients are returned on the ORIGINAL scale. Set control$standardize_covariates = FALSE to disable.
sys:1: RuntimeWarning: orthogonalize_b: b[:,0] <- 3 direction(s) from X columns [0, 2, 3]; b[:,1] <- no basis (unconstrained)
  [linear r063 D]  14.3s  rhat_reg 1.002  div 0  (158/270, 37.9 min, ETA 27 min)
standardize_covariates: standardized 2 covariate(s) in long_formula (age: centre 0.9753, scale 9.818, implied intercept correlation -0.10; sex: centre 0.4634, scale 0.4987, implied intercept correlation -0.68). Coefficients are returned on the ORIGINAL scale. Set control$standardize_covariates = FALSE to disable.
sys:1: RuntimeWarning: orthogonalize_b: b[:,0] <- 3 direction(s) from X columns [0, 2, 3]; b[:,1] <- 1 direction(s) from X columns [1]
  [linear r063 E]  16.5s  rhat_reg 1.000  div 0  (159/270, 38.1 min, ETA 27 min)
standardize_covariates: standardized 2 covariate(s) in long_formula (age: centre -0.8324, scale 9.574, implied intercept correlation -0.09; sex: centre 0.5112, scale 0.5, implied intercept correlation -0.71). Coefficients are returned on the ORIGINAL scale. Set control$standardize_covariates = FALSE to disable.
  [linear r064 A]  16.0s  rhat_reg 1.008  div 0  (160/270, 38.4 min, ETA 26 min)
standardize_covariates: standardized 2 covariate(s) in long_formula (age: centre -0.8324, scale 9.574, implied intercept correlation -0.09; sex: centre 0.5112, scale 0.5, implied intercept correlation -0.71). Coefficients are returned on the ORIGINAL scale. Set control$standardize_covariates = FALSE to disable.
sys:1: RuntimeWarning: orthogonalize_b: b[:,0] <- 3 direction(s) from X columns [0, 2, 3]; b[:,1] <- no basis (unconstrained)
  [linear r064 D]  14.2s  rhat_reg 1.026  div 0  (161/270, 38.7 min, ETA 26 min)
standardize_covariates: standardized 2 covariate(s) in long_formula (age: centre -0.8324, scale 9.574, implied intercept correlation -0.09; sex: centre 0.5112, scale 0.5, implied intercept correlation -0.71). Coefficients are returned on the ORIGINAL scale. Set control$standardize_covariates = FALSE to disable.
sys:1: RuntimeWarning: orthogonalize_b: b[:,0] <- 3 direction(s) from X columns [0, 2, 3]; b[:,1] <- 1 direction(s) from X columns [1]
  [linear r064 E]  16.7s  rhat_reg 1.000  div 0  (162/270, 38.9 min, ETA 26 min)
standardize_covariates: standardized 2 covariate(s) in long_formula (age: centre 0.02755, scale 9.138, implied intercept correlation -0.00; sex: centre 0.4402, scale 0.4965, implied intercept correlation -0.66). Coefficients are returned on the ORIGINAL scale. Set control$standardize_covariates = FALSE to disable.
  [linear r065 A]  16.6s  rhat_reg 1.020  div 0  (163/270, 39.2 min, ETA 26 min)
standardize_covariates: standardized 2 covariate(s) in long_formula (age: centre 0.02755, scale 9.138, implied intercept correlation -0.00; sex: centre 0.4402, scale 0.4965, implied intercept correlation -0.66). Coefficients are returned on the ORIGINAL scale. Set control$standardize_covariates = FALSE to disable.
sys:1: RuntimeWarning: orthogonalize_b: b[:,0] <- 3 direction(s) from X columns [0, 2, 3]; b[:,1] <- no basis (unconstrained)
  [linear r065 D]  14.7s  rhat_reg 1.001  div 0  (164/270, 39.5 min, ETA 26 min)
standardize_covariates: standardized 2 covariate(s) in long_formula (age: centre 0.02755, scale 9.138, implied intercept correlation -0.00; sex: centre 0.4402, scale 0.4965, implied intercept correlation -0.66). Coefficients are returned on the ORIGINAL scale. Set control$standardize_covariates = FALSE to disable.
sys:1: RuntimeWarning: orthogonalize_b: b[:,0] <- 3 direction(s) from X columns [0, 2, 3]; b[:,1] <- 1 direction(s) from X columns [1]
  [linear r065 E]  17.2s  rhat_reg 1.000  div 0  (165/270, 39.7 min, ETA 25 min)
standardize_covariates: standardized 2 covariate(s) in long_formula (age: centre 0.3898, scale 10.04, implied intercept correlation -0.04; sex: centre 0.5104, scale 0.5, implied intercept correlation -0.71). Coefficients are returned on the ORIGINAL scale. Set control$standardize_covariates = FALSE to disable.
  [linear r066 A]  14.1s  rhat_reg 1.014  div 0  (166/270, 40.0 min, ETA 25 min)
standardize_covariates: standardized 2 covariate(s) in long_formula (age: centre 0.3898, scale 10.04, implied intercept correlation -0.04; sex: centre 0.5104, scale 0.5, implied intercept correlation -0.71). Coefficients are returned on the ORIGINAL scale. Set control$standardize_covariates = FALSE to disable.
sys:1: RuntimeWarning: orthogonalize_b: b[:,0] <- 3 direction(s) from X columns [0, 2, 3]; b[:,1] <- no basis (unconstrained)
  [linear r066 D]  16.9s  rhat_reg 1.008  div 0  (167/270, 40.3 min, ETA 25 min)
standardize_covariates: standardized 2 covariate(s) in long_formula (age: centre 0.3898, scale 10.04, implied intercept correlation -0.04; sex: centre 0.5104, scale 0.5, implied intercept correlation -0.71). Coefficients are returned on the ORIGINAL scale. Set control$standardize_covariates = FALSE to disable.
sys:1: RuntimeWarning: orthogonalize_b: b[:,0] <- 3 direction(s) from X columns [0, 2, 3]; b[:,1] <- 1 direction(s) from X columns [1]
  [linear r066 E]  17.0s  rhat_reg 1.000  div 0  (168/270, 40.6 min, ETA 25 min)
standardize_covariates: standardized 2 covariate(s) in long_formula (age: centre -0.7806, scale 9.478, implied intercept correlation -0.08; sex: centre 0.4989, scale 0.5001, implied intercept correlation -0.71). Coefficients are returned on the ORIGINAL scale. Set control$standardize_covariates = FALSE to disable.
  [linear r067 A]  14.0s  rhat_reg 1.005  div 0  (169/270, 40.8 min, ETA 24 min)
standardize_covariates: standardized 2 covariate(s) in long_formula (age: centre -0.7806, scale 9.478, implied intercept correlation -0.08; sex: centre 0.4989, scale 0.5001, implied intercept correlation -0.71). Coefficients are returned on the ORIGINAL scale. Set control$standardize_covariates = FALSE to disable.
sys:1: RuntimeWarning: orthogonalize_b: b[:,0] <- 3 direction(s) from X columns [0, 2, 3]; b[:,1] <- no basis (unconstrained)
  [linear r067 D]  16.9s  rhat_reg 1.004  div 0  (170/270, 41.1 min, ETA 24 min)
standardize_covariates: standardized 2 covariate(s) in long_formula (age: centre -0.7806, scale 9.478, implied intercept correlation -0.08; sex: centre 0.4989, scale 0.5001, implied intercept correlation -0.71). Coefficients are returned on the ORIGINAL scale. Set control$standardize_covariates = FALSE to disable.
sys:1: RuntimeWarning: orthogonalize_b: b[:,0] <- 3 direction(s) from X columns [0, 2, 3]; b[:,1] <- 1 direction(s) from X columns [1]
  [linear r067 E]  13.1s  rhat_reg 1.001  div 0  (171/270, 41.3 min, ETA 24 min)
standardize_covariates: standardized 2 covariate(s) in long_formula (age: centre -0.1772, scale 9.688, implied intercept correlation -0.02; sex: centre 0.502, scale 0.5001, implied intercept correlation -0.71). Coefficients are returned on the ORIGINAL scale. Set control$standardize_covariates = FALSE to disable.
  [linear r068 A]  16.8s  rhat_reg 1.015  div 0  (172/270, 41.6 min, ETA 24 min)
standardize_covariates: standardized 2 covariate(s) in long_formula (age: centre -0.1772, scale 9.688, implied intercept correlation -0.02; sex: centre 0.502, scale 0.5001, implied intercept correlation -0.71). Coefficients are returned on the ORIGINAL scale. Set control$standardize_covariates = FALSE to disable.
sys:1: RuntimeWarning: orthogonalize_b: b[:,0] <- 3 direction(s) from X columns [0, 2, 3]; b[:,1] <- no basis (unconstrained)
  [linear r068 D]  14.2s  rhat_reg 1.010  div 0  (173/270, 41.8 min, ETA 23 min)
standardize_covariates: standardized 2 covariate(s) in long_formula (age: centre -0.1772, scale 9.688, implied intercept correlation -0.02; sex: centre 0.502, scale 0.5001, implied intercept correlation -0.71). Coefficients are returned on the ORIGINAL scale. Set control$standardize_covariates = FALSE to disable.
sys:1: RuntimeWarning: orthogonalize_b: b[:,0] <- 3 direction(s) from X columns [0, 2, 3]; b[:,1] <- 1 direction(s) from X columns [1]
  [linear r068 E]  16.6s  rhat_reg 1.001  div 0  (174/270, 42.1 min, ETA 23 min)
standardize_covariates: standardized 2 covariate(s) in long_formula (age: centre 0.2356, scale 9.782, implied intercept correlation -0.02; sex: centre 0.539, scale 0.4986, implied intercept correlation -0.73). Coefficients are returned on the ORIGINAL scale. Set control$standardize_covariates = FALSE to disable.
  [linear r069 A]  13.5s  rhat_reg 1.012  div 0  (175/270, 42.3 min, ETA 23 min)
standardize_covariates: standardized 2 covariate(s) in long_formula (age: centre 0.2356, scale 9.782, implied intercept correlation -0.02; sex: centre 0.539, scale 0.4986, implied intercept correlation -0.73). Coefficients are returned on the ORIGINAL scale. Set control$standardize_covariates = FALSE to disable.
sys:1: RuntimeWarning: orthogonalize_b: b[:,0] <- 3 direction(s) from X columns [0, 2, 3]; b[:,1] <- no basis (unconstrained)
  [linear r069 D]  16.7s  rhat_reg 1.001  div 0  (176/270, 42.6 min, ETA 23 min)
standardize_covariates: standardized 2 covariate(s) in long_formula (age: centre 0.2356, scale 9.782, implied intercept correlation -0.02; sex: centre 0.539, scale 0.4986, implied intercept correlation -0.73). Coefficients are returned on the ORIGINAL scale. Set control$standardize_covariates = FALSE to disable.
sys:1: RuntimeWarning: orthogonalize_b: b[:,0] <- 3 direction(s) from X columns [0, 2, 3]; b[:,1] <- 1 direction(s) from X columns [1]
  [linear r069 E]  16.5s  rhat_reg 1.000  div 0  (177/270, 42.9 min, ETA 23 min)
standardize_covariates: standardized 2 covariate(s) in long_formula (age: centre -0.9654, scale 10.11, implied intercept correlation -0.10; sex: centre 0.4476, scale 0.4973, implied intercept correlation -0.67). Coefficients are returned on the ORIGINAL scale. Set control$standardize_covariates = FALSE to disable.
  [linear r070 A]  14.1s  rhat_reg 1.018  div 0  (178/270, 43.1 min, ETA 22 min)
standardize_covariates: standardized 2 covariate(s) in long_formula (age: centre -0.9654, scale 10.11, implied intercept correlation -0.10; sex: centre 0.4476, scale 0.4973, implied intercept correlation -0.67). Coefficients are returned on the ORIGINAL scale. Set control$standardize_covariates = FALSE to disable.
sys:1: RuntimeWarning: orthogonalize_b: b[:,0] <- 3 direction(s) from X columns [0, 2, 3]; b[:,1] <- no basis (unconstrained)
  [linear r070 D]  16.9s  rhat_reg 1.014  div 0  (179/270, 43.4 min, ETA 22 min)
standardize_covariates: standardized 2 covariate(s) in long_formula (age: centre -0.9654, scale 10.11, implied intercept correlation -0.10; sex: centre 0.4476, scale 0.4973, implied intercept correlation -0.67). Coefficients are returned on the ORIGINAL scale. Set control$standardize_covariates = FALSE to disable.
sys:1: RuntimeWarning: orthogonalize_b: b[:,0] <- 3 direction(s) from X columns [0, 2, 3]; b[:,1] <- 1 direction(s) from X columns [1]
  [linear r070 E]  14.1s  rhat_reg 1.000  div 0  (180/270, 43.6 min, ETA 22 min)
standardize_covariates: standardized 2 covariate(s) in long_formula (age: centre 0.02558, scale 9.749, implied intercept correlation -0.00; sex: centre 0.4994, scale 0.5001, implied intercept correlation -0.71). Coefficients are returned on the ORIGINAL scale. Set control$standardize_covariates = FALSE to disable.
  [linear r071 A]  16.3s  rhat_reg 1.012  div 0  (181/270, 43.9 min, ETA 22 min)
standardize_covariates: standardized 2 covariate(s) in long_formula (age: centre 0.02558, scale 9.749, implied intercept correlation -0.00; sex: centre 0.4994, scale 0.5001, implied intercept correlation -0.71). Coefficients are returned on the ORIGINAL scale. Set control$standardize_covariates = FALSE to disable.
sys:1: RuntimeWarning: orthogonalize_b: b[:,0] <- 3 direction(s) from X columns [0, 2, 3]; b[:,1] <- no basis (unconstrained)
  [linear r071 D]  13.0s  rhat_reg 1.034  div 0  (182/270, 44.1 min, ETA 21 min)
standardize_covariates: standardized 2 covariate(s) in long_formula (age: centre 0.02558, scale 9.749, implied intercept correlation -0.00; sex: centre 0.4994, scale 0.5001, implied intercept correlation -0.71). Coefficients are returned on the ORIGINAL scale. Set control$standardize_covariates = FALSE to disable.
sys:1: RuntimeWarning: orthogonalize_b: b[:,0] <- 3 direction(s) from X columns [0, 2, 3]; b[:,1] <- 1 direction(s) from X columns [1]
  [linear r071 E]  13.9s  rhat_reg 1.004  div 0  (183/270, 44.4 min, ETA 21 min)
standardize_covariates: standardized 2 covariate(s) in long_formula (age: centre 0.6692, scale 9.751, implied intercept correlation -0.07; sex: centre 0.5265, scale 0.4994, implied intercept correlation -0.73). Coefficients are returned on the ORIGINAL scale. Set control$standardize_covariates = FALSE to disable.
  [linear r072 A]  16.8s  rhat_reg 1.021  div 0  (184/270, 44.6 min, ETA 21 min)
standardize_covariates: standardized 2 covariate(s) in long_formula (age: centre 0.6692, scale 9.751, implied intercept correlation -0.07; sex: centre 0.5265, scale 0.4994, implied intercept correlation -0.73). Coefficients are returned on the ORIGINAL scale. Set control$standardize_covariates = FALSE to disable.
sys:1: RuntimeWarning: orthogonalize_b: b[:,0] <- 3 direction(s) from X columns [0, 2, 3]; b[:,1] <- no basis (unconstrained)
  [linear r072 D]  14.4s  rhat_reg 1.017  div 0  (185/270, 44.9 min, ETA 21 min)
standardize_covariates: standardized 2 covariate(s) in long_formula (age: centre 0.6692, scale 9.751, implied intercept correlation -0.07; sex: centre 0.5265, scale 0.4994, implied intercept correlation -0.73). Coefficients are returned on the ORIGINAL scale. Set control$standardize_covariates = FALSE to disable.
sys:1: RuntimeWarning: orthogonalize_b: b[:,0] <- 3 direction(s) from X columns [0, 2, 3]; b[:,1] <- 1 direction(s) from X columns [1]
  [linear r072 E]  16.9s  rhat_reg 1.003  div 0  (186/270, 45.2 min, ETA 20 min)
standardize_covariates: standardized 2 covariate(s) in long_formula (age: centre -0.6013, scale 10.25, implied intercept correlation -0.06; sex: centre 0.515, scale 0.4999, implied intercept correlation -0.72). Coefficients are returned on the ORIGINAL scale. Set control$standardize_covariates = FALSE to disable.
  [linear r073 A]  13.9s  rhat_reg 1.013  div 0  (187/270, 45.4 min, ETA 20 min)
standardize_covariates: standardized 2 covariate(s) in long_formula (age: centre -0.6013, scale 10.25, implied intercept correlation -0.06; sex: centre 0.515, scale 0.4999, implied intercept correlation -0.72). Coefficients are returned on the ORIGINAL scale. Set control$standardize_covariates = FALSE to disable.
sys:1: RuntimeWarning: orthogonalize_b: b[:,0] <- 3 direction(s) from X columns [0, 2, 3]; b[:,1] <- no basis (unconstrained)
  [linear r073 D]  16.8s  rhat_reg 1.006  div 0  (188/270, 45.7 min, ETA 20 min)
standardize_covariates: standardized 2 covariate(s) in long_formula (age: centre -0.6013, scale 10.25, implied intercept correlation -0.06; sex: centre 0.515, scale 0.4999, implied intercept correlation -0.72). Coefficients are returned on the ORIGINAL scale. Set control$standardize_covariates = FALSE to disable.
sys:1: RuntimeWarning: orthogonalize_b: b[:,0] <- 3 direction(s) from X columns [0, 2, 3]; b[:,1] <- 1 direction(s) from X columns [1]
  [linear r073 E]  12.6s  rhat_reg 1.001  div 0  (189/270, 45.9 min, ETA 20 min)
standardize_covariates: standardized 2 covariate(s) in long_formula (age: centre 0.7883, scale 9.88, implied intercept correlation -0.08; sex: centre 0.5205, scale 0.4997, implied intercept correlation -0.72). Coefficients are returned on the ORIGINAL scale. Set control$standardize_covariates = FALSE to disable.
  [linear r074 A]  17.3s  rhat_reg 1.002  div 0  (190/270, 46.2 min, ETA 19 min)
standardize_covariates: standardized 2 covariate(s) in long_formula (age: centre 0.7883, scale 9.88, implied intercept correlation -0.08; sex: centre 0.5205, scale 0.4997, implied intercept correlation -0.72). Coefficients are returned on the ORIGINAL scale. Set control$standardize_covariates = FALSE to disable.
sys:1: RuntimeWarning: orthogonalize_b: b[:,0] <- 3 direction(s) from X columns [0, 2, 3]; b[:,1] <- no basis (unconstrained)
  [linear r074 D]  14.7s  rhat_reg 1.001  div 0  (191/270, 46.4 min, ETA 19 min)
standardize_covariates: standardized 2 covariate(s) in long_formula (age: centre 0.7883, scale 9.88, implied intercept correlation -0.08; sex: centre 0.5205, scale 0.4997, implied intercept correlation -0.72). Coefficients are returned on the ORIGINAL scale. Set control$standardize_covariates = FALSE to disable.
sys:1: RuntimeWarning: orthogonalize_b: b[:,0] <- 3 direction(s) from X columns [0, 2, 3]; b[:,1] <- 1 direction(s) from X columns [1]
  [linear r074 E]  17.6s  rhat_reg 1.001  div 0  (192/270, 46.7 min, ETA 19 min)
standardize_covariates: standardized 2 covariate(s) in long_formula (age: centre -0.4424, scale 10.67, implied intercept correlation -0.04; sex: centre 0.53, scale 0.4992, implied intercept correlation -0.73). Coefficients are returned on the ORIGINAL scale. Set control$standardize_covariates = FALSE to disable.
  [linear r075 A]  14.4s  rhat_reg 1.012  div 0  (193/270, 47.0 min, ETA 19 min)
standardize_covariates: standardized 2 covariate(s) in long_formula (age: centre -0.4424, scale 10.67, implied intercept correlation -0.04; sex: centre 0.53, scale 0.4992, implied intercept correlation -0.73). Coefficients are returned on the ORIGINAL scale. Set control$standardize_covariates = FALSE to disable.
sys:1: RuntimeWarning: orthogonalize_b: b[:,0] <- 3 direction(s) from X columns [0, 2, 3]; b[:,1] <- no basis (unconstrained)
  [linear r075 D]  17.4s  rhat_reg 1.023  div 0  (194/270, 47.3 min, ETA 19 min)
standardize_covariates: standardized 2 covariate(s) in long_formula (age: centre -0.4424, scale 10.67, implied intercept correlation -0.04; sex: centre 0.53, scale 0.4992, implied intercept correlation -0.73). Coefficients are returned on the ORIGINAL scale. Set control$standardize_covariates = FALSE to disable.
sys:1: RuntimeWarning: orthogonalize_b: b[:,0] <- 3 direction(s) from X columns [0, 2, 3]; b[:,1] <- 1 direction(s) from X columns [1]
  [linear r075 E]  14.2s  rhat_reg 1.002  div 0  (195/270, 47.5 min, ETA 18 min)
standardize_covariates: standardized 2 covariate(s) in long_formula (age: centre -0.3581, scale 10.46, implied intercept correlation -0.03; sex: centre 0.5488, scale 0.4977, implied intercept correlation -0.74). Coefficients are returned on the ORIGINAL scale. Set control$standardize_covariates = FALSE to disable.
  [linear r076 A]  17.2s  rhat_reg 1.009  div 0  (196/270, 47.8 min, ETA 18 min)
standardize_covariates: standardized 2 covariate(s) in long_formula (age: centre -0.3581, scale 10.46, implied intercept correlation -0.03; sex: centre 0.5488, scale 0.4977, implied intercept correlation -0.74). Coefficients are returned on the ORIGINAL scale. Set control$standardize_covariates = FALSE to disable.
sys:1: RuntimeWarning: orthogonalize_b: b[:,0] <- 3 direction(s) from X columns [0, 2, 3]; b[:,1] <- no basis (unconstrained)
  [linear r076 D]  14.3s  rhat_reg 1.011  div 0  (197/270, 48.0 min, ETA 18 min)
standardize_covariates: standardized 2 covariate(s) in long_formula (age: centre -0.3581, scale 10.46, implied intercept correlation -0.03; sex: centre 0.5488, scale 0.4977, implied intercept correlation -0.74). Coefficients are returned on the ORIGINAL scale. Set control$standardize_covariates = FALSE to disable.
sys:1: RuntimeWarning: orthogonalize_b: b[:,0] <- 3 direction(s) from X columns [0, 2, 3]; b[:,1] <- 1 direction(s) from X columns [1]
  [linear r076 E]  17.3s  rhat_reg 1.000  div 0  (198/270, 48.3 min, ETA 18 min)
standardize_covariates: standardized 2 covariate(s) in long_formula (age: centre -0.4775, scale 10.18, implied intercept correlation -0.05; sex: centre 0.4945, scale 0.5001, implied intercept correlation -0.70). Coefficients are returned on the ORIGINAL scale. Set control$standardize_covariates = FALSE to disable.
  [linear r077 A]  14.4s  rhat_reg 1.014  div 0  (199/270, 48.5 min, ETA 17 min)
standardize_covariates: standardized 2 covariate(s) in long_formula (age: centre -0.4775, scale 10.18, implied intercept correlation -0.05; sex: centre 0.4945, scale 0.5001, implied intercept correlation -0.70). Coefficients are returned on the ORIGINAL scale. Set control$standardize_covariates = FALSE to disable.
sys:1: RuntimeWarning: orthogonalize_b: b[:,0] <- 3 direction(s) from X columns [0, 2, 3]; b[:,1] <- no basis (unconstrained)
  [linear r077 D]  17.6s  rhat_reg 1.015  div 0  (200/270, 48.8 min, ETA 17 min)
standardize_covariates: standardized 2 covariate(s) in long_formula (age: centre -0.4775, scale 10.18, implied intercept correlation -0.05; sex: centre 0.4945, scale 0.5001, implied intercept correlation -0.70). Coefficients are returned on the ORIGINAL scale. Set control$standardize_covariates = FALSE to disable.
sys:1: RuntimeWarning: orthogonalize_b: b[:,0] <- 3 direction(s) from X columns [0, 2, 3]; b[:,1] <- 1 direction(s) from X columns [1]
  [linear r077 E]  14.7s  rhat_reg 1.000  div 0  (201/270, 49.1 min, ETA 17 min)
standardize_covariates: standardized 2 covariate(s) in long_formula (age: centre 0.1597, scale 9.823, implied intercept correlation -0.02; sex: centre 0.4931, scale 0.5, implied intercept correlation -0.70). Coefficients are returned on the ORIGINAL scale. Set control$standardize_covariates = FALSE to disable.
  [linear r078 A]  17.0s  rhat_reg 1.011  div 0  (202/270, 49.4 min, ETA 17 min)
standardize_covariates: standardized 2 covariate(s) in long_formula (age: centre 0.1597, scale 9.823, implied intercept correlation -0.02; sex: centre 0.4931, scale 0.5, implied intercept correlation -0.70). Coefficients are returned on the ORIGINAL scale. Set control$standardize_covariates = FALSE to disable.
sys:1: RuntimeWarning: orthogonalize_b: b[:,0] <- 3 direction(s) from X columns [0, 2, 3]; b[:,1] <- no basis (unconstrained)
  [linear r078 D]  13.7s  rhat_reg 1.001  div 0  (203/270, 49.6 min, ETA 16 min)
standardize_covariates: standardized 2 covariate(s) in long_formula (age: centre 0.1597, scale 9.823, implied intercept correlation -0.02; sex: centre 0.4931, scale 0.5, implied intercept correlation -0.70). Coefficients are returned on the ORIGINAL scale. Set control$standardize_covariates = FALSE to disable.
sys:1: RuntimeWarning: orthogonalize_b: b[:,0] <- 3 direction(s) from X columns [0, 2, 3]; b[:,1] <- 1 direction(s) from X columns [1]
  [linear r078 E]  16.4s  rhat_reg 1.001  div 0  (204/270, 49.9 min, ETA 16 min)
standardize_covariates: standardized 2 covariate(s) in long_formula (age: centre -1.251, scale 9.02, implied intercept correlation -0.14; sex: centre 0.5154, scale 0.4999, implied intercept correlation -0.72). Coefficients are returned on the ORIGINAL scale. Set control$standardize_covariates = FALSE to disable.
  [linear r079 A]  13.0s  rhat_reg 1.014  div 0  (205/270, 50.1 min, ETA 16 min)
standardize_covariates: standardized 2 covariate(s) in long_formula (age: centre -1.251, scale 9.02, implied intercept correlation -0.14; sex: centre 0.5154, scale 0.4999, implied intercept correlation -0.72). Coefficients are returned on the ORIGINAL scale. Set control$standardize_covariates = FALSE to disable.
sys:1: RuntimeWarning: orthogonalize_b: b[:,0] <- 3 direction(s) from X columns [0, 2, 3]; b[:,1] <- no basis (unconstrained)
  [linear r079 D]  15.8s  rhat_reg 1.000  div 0  (206/270, 50.4 min, ETA 16 min)
standardize_covariates: standardized 2 covariate(s) in long_formula (age: centre -1.251, scale 9.02, implied intercept correlation -0.14; sex: centre 0.5154, scale 0.4999, implied intercept correlation -0.72). Coefficients are returned on the ORIGINAL scale. Set control$standardize_covariates = FALSE to disable.
sys:1: RuntimeWarning: orthogonalize_b: b[:,0] <- 3 direction(s) from X columns [0, 2, 3]; b[:,1] <- 1 direction(s) from X columns [1]
  [linear r079 E]  12.9s  rhat_reg 1.000  div 0  (207/270, 50.6 min, ETA 15 min)
standardize_covariates: standardized 2 covariate(s) in long_formula (age: centre -0.6673, scale 10.38, implied intercept correlation -0.06; sex: centre 0.4751, scale 0.4995, implied intercept correlation -0.69). Coefficients are returned on the ORIGINAL scale. Set control$standardize_covariates = FALSE to disable.
  [linear r080 A]  16.3s  rhat_reg 1.007  div 0  (208/270, 50.9 min, ETA 15 min)
standardize_covariates: standardized 2 covariate(s) in long_formula (age: centre -0.6673, scale 10.38, implied intercept correlation -0.06; sex: centre 0.4751, scale 0.4995, implied intercept correlation -0.69). Coefficients are returned on the ORIGINAL scale. Set control$standardize_covariates = FALSE to disable.
sys:1: RuntimeWarning: orthogonalize_b: b[:,0] <- 3 direction(s) from X columns [0, 2, 3]; b[:,1] <- no basis (unconstrained)
  [linear r080 D]  13.4s  rhat_reg 1.005  div 0  (209/270, 51.1 min, ETA 15 min)
standardize_covariates: standardized 2 covariate(s) in long_formula (age: centre -0.6673, scale 10.38, implied intercept correlation -0.06; sex: centre 0.4751, scale 0.4995, implied intercept correlation -0.69). Coefficients are returned on the ORIGINAL scale. Set control$standardize_covariates = FALSE to disable.
sys:1: RuntimeWarning: orthogonalize_b: b[:,0] <- 3 direction(s) from X columns [0, 2, 3]; b[:,1] <- 1 direction(s) from X columns [1]
  [linear r080 E]  15.9s  rhat_reg 1.000  div 0  (210/270, 51.3 min, ETA 15 min)
standardize_covariates: standardized 2 covariate(s) in long_formula (age: centre -0.1831, scale 10.16, implied intercept correlation -0.02; sex: centre 0.5153, scale 0.4999, implied intercept correlation -0.72). Coefficients are returned on the ORIGINAL scale. Set control$standardize_covariates = FALSE to disable.
  [linear r081 A]  13.7s  rhat_reg 1.007  div 0  (211/270, 51.6 min, ETA 14 min)
standardize_covariates: standardized 2 covariate(s) in long_formula (age: centre -0.1831, scale 10.16, implied intercept correlation -0.02; sex: centre 0.5153, scale 0.4999, implied intercept correlation -0.72). Coefficients are returned on the ORIGINAL scale. Set control$standardize_covariates = FALSE to disable.
sys:1: RuntimeWarning: orthogonalize_b: b[:,0] <- 3 direction(s) from X columns [0, 2, 3]; b[:,1] <- no basis (unconstrained)
  [linear r081 D]  13.6s  rhat_reg 1.000  div 0  (212/270, 51.8 min, ETA 14 min)
standardize_covariates: standardized 2 covariate(s) in long_formula (age: centre -0.1831, scale 10.16, implied intercept correlation -0.02; sex: centre 0.5153, scale 0.4999, implied intercept correlation -0.72). Coefficients are returned on the ORIGINAL scale. Set control$standardize_covariates = FALSE to disable.
sys:1: RuntimeWarning: orthogonalize_b: b[:,0] <- 3 direction(s) from X columns [0, 2, 3]; b[:,1] <- 1 direction(s) from X columns [1]
  [linear r081 E]  16.5s  rhat_reg 1.000  div 0  (213/270, 52.1 min, ETA 14 min)
standardize_covariates: standardized 2 covariate(s) in long_formula (age: centre 0.2886, scale 9.841, implied intercept correlation -0.03; sex: centre 0.5436, scale 0.4982, implied intercept correlation -0.74). Coefficients are returned on the ORIGINAL scale. Set control$standardize_covariates = FALSE to disable.
  [linear r082 A]  13.2s  rhat_reg 1.010  div 0  (214/270, 52.3 min, ETA 14 min)
standardize_covariates: standardized 2 covariate(s) in long_formula (age: centre 0.2886, scale 9.841, implied intercept correlation -0.03; sex: centre 0.5436, scale 0.4982, implied intercept correlation -0.74). Coefficients are returned on the ORIGINAL scale. Set control$standardize_covariates = FALSE to disable.
sys:1: RuntimeWarning: orthogonalize_b: b[:,0] <- 3 direction(s) from X columns [0, 2, 3]; b[:,1] <- no basis (unconstrained)
  [linear r082 D]  16.2s  rhat_reg 1.003  div 0  (215/270, 52.6 min, ETA 13 min)
standardize_covariates: standardized 2 covariate(s) in long_formula (age: centre 0.2886, scale 9.841, implied intercept correlation -0.03; sex: centre 0.5436, scale 0.4982, implied intercept correlation -0.74). Coefficients are returned on the ORIGINAL scale. Set control$standardize_covariates = FALSE to disable.
sys:1: RuntimeWarning: orthogonalize_b: b[:,0] <- 3 direction(s) from X columns [0, 2, 3]; b[:,1] <- 1 direction(s) from X columns [1]
  [linear r082 E]  16.4s  rhat_reg 1.001  div 0  (216/270, 52.9 min, ETA 13 min)
standardize_covariates: standardized 2 covariate(s) in long_formula (age: centre 0.03855, scale 8.961, implied intercept correlation -0.00; sex: centre 0.5141, scale 0.4999, implied intercept correlation -0.72). Coefficients are returned on the ORIGINAL scale. Set control$standardize_covariates = FALSE to disable.
  [linear r083 A]  13.0s  rhat_reg 1.018  div 0  (217/270, 53.1 min, ETA 13 min)
standardize_covariates: standardized 2 covariate(s) in long_formula (age: centre 0.03855, scale 8.961, implied intercept correlation -0.00; sex: centre 0.5141, scale 0.4999, implied intercept correlation -0.72). Coefficients are returned on the ORIGINAL scale. Set control$standardize_covariates = FALSE to disable.
sys:1: RuntimeWarning: orthogonalize_b: b[:,0] <- 3 direction(s) from X columns [0, 2, 3]; b[:,1] <- no basis (unconstrained)
  [linear r083 D]  13.3s  rhat_reg 1.005  div 0  (218/270, 53.3 min, ETA 13 min)
standardize_covariates: standardized 2 covariate(s) in long_formula (age: centre 0.03855, scale 8.961, implied intercept correlation -0.00; sex: centre 0.5141, scale 0.4999, implied intercept correlation -0.72). Coefficients are returned on the ORIGINAL scale. Set control$standardize_covariates = FALSE to disable.
sys:1: RuntimeWarning: orthogonalize_b: b[:,0] <- 3 direction(s) from X columns [0, 2, 3]; b[:,1] <- 1 direction(s) from X columns [1]
  [linear r083 E]  16.3s  rhat_reg 1.000  div 0  (219/270, 53.6 min, ETA 12 min)
standardize_covariates: standardized 2 covariate(s) in long_formula (age: centre -0.5595, scale 10.34, implied intercept correlation -0.05; sex: centre 0.535, scale 0.4989, implied intercept correlation -0.73). Coefficients are returned on the ORIGINAL scale. Set control$standardize_covariates = FALSE to disable.
  [linear r084 A]  12.9s  rhat_reg 1.006  div 0  (220/270, 53.8 min, ETA 12 min)
standardize_covariates: standardized 2 covariate(s) in long_formula (age: centre -0.5595, scale 10.34, implied intercept correlation -0.05; sex: centre 0.535, scale 0.4989, implied intercept correlation -0.73). Coefficients are returned on the ORIGINAL scale. Set control$standardize_covariates = FALSE to disable.
sys:1: RuntimeWarning: orthogonalize_b: b[:,0] <- 3 direction(s) from X columns [0, 2, 3]; b[:,1] <- no basis (unconstrained)
  [linear r084 D]  16.4s  rhat_reg 1.003  div 0  (221/270, 54.1 min, ETA 12 min)
standardize_covariates: standardized 2 covariate(s) in long_formula (age: centre -0.5595, scale 10.34, implied intercept correlation -0.05; sex: centre 0.535, scale 0.4989, implied intercept correlation -0.73). Coefficients are returned on the ORIGINAL scale. Set control$standardize_covariates = FALSE to disable.
sys:1: RuntimeWarning: orthogonalize_b: b[:,0] <- 3 direction(s) from X columns [0, 2, 3]; b[:,1] <- 1 direction(s) from X columns [1]
  [linear r084 E]  11.7s  rhat_reg 1.000  div 0  (222/270, 54.3 min, ETA 12 min)
standardize_covariates: standardized 2 covariate(s) in long_formula (age: centre -0.2315, scale 9.941, implied intercept correlation -0.02; sex: centre 0.5063, scale 0.5001, implied intercept correlation -0.71). Coefficients are returned on the ORIGINAL scale. Set control$standardize_covariates = FALSE to disable.
  [linear r085 A]  16.1s  rhat_reg 1.005  div 0  (223/270, 54.5 min, ETA 11 min)
standardize_covariates: standardized 2 covariate(s) in long_formula (age: centre -0.2315, scale 9.941, implied intercept correlation -0.02; sex: centre 0.5063, scale 0.5001, implied intercept correlation -0.71). Coefficients are returned on the ORIGINAL scale. Set control$standardize_covariates = FALSE to disable.
sys:1: RuntimeWarning: orthogonalize_b: b[:,0] <- 3 direction(s) from X columns [0, 2, 3]; b[:,1] <- no basis (unconstrained)
  [linear r085 D]  13.1s  rhat_reg 1.000  div 0  (224/270, 54.7 min, ETA 11 min)
standardize_covariates: standardized 2 covariate(s) in long_formula (age: centre -0.2315, scale 9.941, implied intercept correlation -0.02; sex: centre 0.5063, scale 0.5001, implied intercept correlation -0.71). Coefficients are returned on the ORIGINAL scale. Set control$standardize_covariates = FALSE to disable.
sys:1: RuntimeWarning: orthogonalize_b: b[:,0] <- 3 direction(s) from X columns [0, 2, 3]; b[:,1] <- 1 direction(s) from X columns [1]
  [linear r085 E]  16.0s  rhat_reg 1.000  div 0  (225/270, 55.0 min, ETA 11 min)
standardize_covariates: standardized 2 covariate(s) in long_formula (age: centre 0.5409, scale 10, implied intercept correlation -0.05; sex: centre 0.5173, scale 0.4998, implied intercept correlation -0.72). Coefficients are returned on the ORIGINAL scale. Set control$standardize_covariates = FALSE to disable.
  [linear r086 A]  13.1s  rhat_reg 1.006  div 0  (226/270, 55.2 min, ETA 11 min)
standardize_covariates: standardized 2 covariate(s) in long_formula (age: centre 0.5409, scale 10, implied intercept correlation -0.05; sex: centre 0.5173, scale 0.4998, implied intercept correlation -0.72). Coefficients are returned on the ORIGINAL scale. Set control$standardize_covariates = FALSE to disable.
sys:1: RuntimeWarning: orthogonalize_b: b[:,0] <- 3 direction(s) from X columns [0, 2, 3]; b[:,1] <- no basis (unconstrained)
  [linear r086 D]  16.5s  rhat_reg 1.001  div 0  (227/270, 55.5 min, ETA 11 min)
standardize_covariates: standardized 2 covariate(s) in long_formula (age: centre 0.5409, scale 10, implied intercept correlation -0.05; sex: centre 0.5173, scale 0.4998, implied intercept correlation -0.72). Coefficients are returned on the ORIGINAL scale. Set control$standardize_covariates = FALSE to disable.
sys:1: RuntimeWarning: orthogonalize_b: b[:,0] <- 3 direction(s) from X columns [0, 2, 3]; b[:,1] <- 1 direction(s) from X columns [1]
  [linear r086 E]  12.5s  rhat_reg 1.001  div 0  (228/270, 55.7 min, ETA 10 min)
standardize_covariates: standardized 2 covariate(s) in long_formula (age: centre 0.6019, scale 10.47, implied intercept correlation -0.06; sex: centre 0.4571, scale 0.4982, implied intercept correlation -0.68). Coefficients are returned on the ORIGINAL scale. Set control$standardize_covariates = FALSE to disable.
  [linear r087 A]  16.3s  rhat_reg 1.011  div 0  (229/270, 56.0 min, ETA 10 min)
standardize_covariates: standardized 2 covariate(s) in long_formula (age: centre 0.6019, scale 10.47, implied intercept correlation -0.06; sex: centre 0.4571, scale 0.4982, implied intercept correlation -0.68). Coefficients are returned on the ORIGINAL scale. Set control$standardize_covariates = FALSE to disable.
sys:1: RuntimeWarning: orthogonalize_b: b[:,0] <- 3 direction(s) from X columns [0, 2, 3]; b[:,1] <- no basis (unconstrained)
  [linear r087 D]  13.3s  rhat_reg 1.008  div 0  (230/270, 56.2 min, ETA 10 min)
standardize_covariates: standardized 2 covariate(s) in long_formula (age: centre 0.6019, scale 10.47, implied intercept correlation -0.06; sex: centre 0.4571, scale 0.4982, implied intercept correlation -0.68). Coefficients are returned on the ORIGINAL scale. Set control$standardize_covariates = FALSE to disable.
sys:1: RuntimeWarning: orthogonalize_b: b[:,0] <- 3 direction(s) from X columns [0, 2, 3]; b[:,1] <- 1 direction(s) from X columns [1]
  [linear r087 E]  16.5s  rhat_reg 1.000  div 0  (231/270, 56.5 min, ETA 10 min)
standardize_covariates: standardized 2 covariate(s) in long_formula (age: centre -0.9428, scale 10.19, implied intercept correlation -0.09; sex: centre 0.5259, scale 0.4994, implied intercept correlation -0.73). Coefficients are returned on the ORIGINAL scale. Set control$standardize_covariates = FALSE to disable.
  [linear r088 A]  13.3s  rhat_reg 1.008  div 0  (232/270, 56.7 min, ETA 9 min)
standardize_covariates: standardized 2 covariate(s) in long_formula (age: centre -0.9428, scale 10.19, implied intercept correlation -0.09; sex: centre 0.5259, scale 0.4994, implied intercept correlation -0.73). Coefficients are returned on the ORIGINAL scale. Set control$standardize_covariates = FALSE to disable.
sys:1: RuntimeWarning: orthogonalize_b: b[:,0] <- 3 direction(s) from X columns [0, 2, 3]; b[:,1] <- no basis (unconstrained)
  [linear r088 D]  17.1s  rhat_reg 1.010  div 0  (233/270, 57.0 min, ETA 9 min)
standardize_covariates: standardized 2 covariate(s) in long_formula (age: centre -0.9428, scale 10.19, implied intercept correlation -0.09; sex: centre 0.5259, scale 0.4994, implied intercept correlation -0.73). Coefficients are returned on the ORIGINAL scale. Set control$standardize_covariates = FALSE to disable.
sys:1: RuntimeWarning: orthogonalize_b: b[:,0] <- 3 direction(s) from X columns [0, 2, 3]; b[:,1] <- 1 direction(s) from X columns [1]
  [linear r088 E]  13.1s  rhat_reg 1.000  div 0  (234/270, 57.2 min, ETA 9 min)
standardize_covariates: standardized 2 covariate(s) in long_formula (age: centre -0.3405, scale 10.49, implied intercept correlation -0.03; sex: centre 0.4919, scale 0.5, implied intercept correlation -0.70). Coefficients are returned on the ORIGINAL scale. Set control$standardize_covariates = FALSE to disable.
  [linear r089 A]  16.4s  rhat_reg 1.014  div 0  (235/270, 57.5 min, ETA 9 min)
standardize_covariates: standardized 2 covariate(s) in long_formula (age: centre -0.3405, scale 10.49, implied intercept correlation -0.03; sex: centre 0.4919, scale 0.5, implied intercept correlation -0.70). Coefficients are returned on the ORIGINAL scale. Set control$standardize_covariates = FALSE to disable.
sys:1: RuntimeWarning: orthogonalize_b: b[:,0] <- 3 direction(s) from X columns [0, 2, 3]; b[:,1] <- no basis (unconstrained)
  [linear r089 D]  13.1s  rhat_reg 1.001  div 0  (236/270, 57.7 min, ETA 8 min)
standardize_covariates: standardized 2 covariate(s) in long_formula (age: centre -0.3405, scale 10.49, implied intercept correlation -0.03; sex: centre 0.4919, scale 0.5, implied intercept correlation -0.70). Coefficients are returned on the ORIGINAL scale. Set control$standardize_covariates = FALSE to disable.
sys:1: RuntimeWarning: orthogonalize_b: b[:,0] <- 3 direction(s) from X columns [0, 2, 3]; b[:,1] <- 1 direction(s) from X columns [1]
  [linear r089 E]  11.1s  rhat_reg 1.000  div 0  (237/270, 57.9 min, ETA 8 min)
standardize_covariates: standardized 2 covariate(s) in long_formula (age: centre -0.8514, scale 9.02, implied intercept correlation -0.09; sex: centre 0.474, scale 0.4994, implied intercept correlation -0.69). Coefficients are returned on the ORIGINAL scale. Set control$standardize_covariates = FALSE to disable.
  [linear r090 A]  16.3s  rhat_reg 1.009  div 0  (238/270, 58.2 min, ETA 8 min)
standardize_covariates: standardized 2 covariate(s) in long_formula (age: centre -0.8514, scale 9.02, implied intercept correlation -0.09; sex: centre 0.474, scale 0.4994, implied intercept correlation -0.69). Coefficients are returned on the ORIGINAL scale. Set control$standardize_covariates = FALSE to disable.
sys:1: RuntimeWarning: orthogonalize_b: b[:,0] <- 3 direction(s) from X columns [0, 2, 3]; b[:,1] <- no basis (unconstrained)
  [linear r090 D]  13.5s  rhat_reg 1.007  div 0  (239/270, 58.4 min, ETA 8 min)
standardize_covariates: standardized 2 covariate(s) in long_formula (age: centre -0.8514, scale 9.02, implied intercept correlation -0.09; sex: centre 0.474, scale 0.4994, implied intercept correlation -0.69). Coefficients are returned on the ORIGINAL scale. Set control$standardize_covariates = FALSE to disable.
sys:1: RuntimeWarning: orthogonalize_b: b[:,0] <- 3 direction(s) from X columns [0, 2, 3]; b[:,1] <- 1 direction(s) from X columns [1]
  [linear r090 E]  16.8s  rhat_reg 1.001  div 0  (240/270, 58.7 min, ETA 7 min)
standardize_covariates: standardized 2 covariate(s) in long_formula (age: centre 0.2657, scale 8.956, implied intercept correlation -0.03; sex: centre 0.5461, scale 0.498, implied intercept correlation -0.74). Coefficients are returned on the ORIGINAL scale. Set control$standardize_covariates = FALSE to disable.
  [linear r091 A]  13.4s  rhat_reg 1.023  div 0  (241/270, 58.9 min, ETA 7 min)
standardize_covariates: standardized 2 covariate(s) in long_formula (age: centre 0.2657, scale 8.956, implied intercept correlation -0.03; sex: centre 0.5461, scale 0.498, implied intercept correlation -0.74). Coefficients are returned on the ORIGINAL scale. Set control$standardize_covariates = FALSE to disable.
sys:1: RuntimeWarning: orthogonalize_b: b[:,0] <- 3 direction(s) from X columns [0, 2, 3]; b[:,1] <- no basis (unconstrained)
  [linear r091 D]  17.3s  rhat_reg 1.825  div 86  (242/270, 59.2 min, ETA 7 min)
standardize_covariates: standardized 2 covariate(s) in long_formula (age: centre 0.2657, scale 8.956, implied intercept correlation -0.03; sex: centre 0.5461, scale 0.498, implied intercept correlation -0.74). Coefficients are returned on the ORIGINAL scale. Set control$standardize_covariates = FALSE to disable.
sys:1: RuntimeWarning: orthogonalize_b: b[:,0] <- 3 direction(s) from X columns [0, 2, 3]; b[:,1] <- 1 direction(s) from X columns [1]
  [linear r091 E]  13.0s  rhat_reg 1.002  div 0  (243/270, 59.4 min, ETA 7 min)
standardize_covariates: standardized 2 covariate(s) in long_formula (age: centre 0.7268, scale 10.59, implied intercept correlation -0.07; sex: centre 0.5156, scale 0.4999, implied intercept correlation -0.72). Coefficients are returned on the ORIGINAL scale. Set control$standardize_covariates = FALSE to disable.
  [linear r092 A]  16.9s  rhat_reg 1.014  div 0  (244/270, 59.7 min, ETA 6 min)
standardize_covariates: standardized 2 covariate(s) in long_formula (age: centre 0.7268, scale 10.59, implied intercept correlation -0.07; sex: centre 0.5156, scale 0.4999, implied intercept correlation -0.72). Coefficients are returned on the ORIGINAL scale. Set control$standardize_covariates = FALSE to disable.
sys:1: RuntimeWarning: orthogonalize_b: b[:,0] <- 3 direction(s) from X columns [0, 2, 3]; b[:,1] <- no basis (unconstrained)
  [linear r092 D]  14.0s  rhat_reg 1.007  div 0  (245/270, 59.9 min, ETA 6 min)
standardize_covariates: standardized 2 covariate(s) in long_formula (age: centre 0.7268, scale 10.59, implied intercept correlation -0.07; sex: centre 0.5156, scale 0.4999, implied intercept correlation -0.72). Coefficients are returned on the ORIGINAL scale. Set control$standardize_covariates = FALSE to disable.
sys:1: RuntimeWarning: orthogonalize_b: b[:,0] <- 3 direction(s) from X columns [0, 2, 3]; b[:,1] <- 1 direction(s) from X columns [1]
  [linear r092 E]  14.1s  rhat_reg 1.000  div 0  (246/270, 60.2 min, ETA 6 min)
standardize_covariates: standardized 2 covariate(s) in long_formula (age: centre -1.325, scale 9.626, implied intercept correlation -0.14; sex: centre 0.4656, scale 0.4989, implied intercept correlation -0.68). Coefficients are returned on the ORIGINAL scale. Set control$standardize_covariates = FALSE to disable.
  [linear r093 A]  18.4s  rhat_reg 1.008  div 0  (247/270, 60.5 min, ETA 6 min)
standardize_covariates: standardized 2 covariate(s) in long_formula (age: centre -1.325, scale 9.626, implied intercept correlation -0.14; sex: centre 0.4656, scale 0.4989, implied intercept correlation -0.68). Coefficients are returned on the ORIGINAL scale. Set control$standardize_covariates = FALSE to disable.
sys:1: RuntimeWarning: orthogonalize_b: b[:,0] <- 3 direction(s) from X columns [0, 2, 3]; b[:,1] <- no basis (unconstrained)
  [linear r093 D]  14.7s  rhat_reg 1.005  div 0  (248/270, 60.7 min, ETA 5 min)
standardize_covariates: standardized 2 covariate(s) in long_formula (age: centre -1.325, scale 9.626, implied intercept correlation -0.14; sex: centre 0.4656, scale 0.4989, implied intercept correlation -0.68). Coefficients are returned on the ORIGINAL scale. Set control$standardize_covariates = FALSE to disable.
sys:1: RuntimeWarning: orthogonalize_b: b[:,0] <- 3 direction(s) from X columns [0, 2, 3]; b[:,1] <- 1 direction(s) from X columns [1]
  [linear r093 E]  18.3s  rhat_reg 1.000  div 0  (249/270, 61.0 min, ETA 5 min)
standardize_covariates: standardized 2 covariate(s) in long_formula (age: centre 0.2221, scale 9.966, implied intercept correlation -0.02; sex: centre 0.5478, scale 0.4978, implied intercept correlation -0.74). Coefficients are returned on the ORIGINAL scale. Set control$standardize_covariates = FALSE to disable.
  [linear r094 A]  14.4s  rhat_reg 1.012  div 0  (250/270, 61.3 min, ETA 5 min)
standardize_covariates: standardized 2 covariate(s) in long_formula (age: centre 0.2221, scale 9.966, implied intercept correlation -0.02; sex: centre 0.5478, scale 0.4978, implied intercept correlation -0.74). Coefficients are returned on the ORIGINAL scale. Set control$standardize_covariates = FALSE to disable.
sys:1: RuntimeWarning: orthogonalize_b: b[:,0] <- 3 direction(s) from X columns [0, 2, 3]; b[:,1] <- no basis (unconstrained)
  [linear r094 D]  18.0s  rhat_reg 1.017  div 0  (251/270, 61.6 min, ETA 5 min)
standardize_covariates: standardized 2 covariate(s) in long_formula (age: centre 0.2221, scale 9.966, implied intercept correlation -0.02; sex: centre 0.5478, scale 0.4978, implied intercept correlation -0.74). Coefficients are returned on the ORIGINAL scale. Set control$standardize_covariates = FALSE to disable.
sys:1: RuntimeWarning: orthogonalize_b: b[:,0] <- 3 direction(s) from X columns [0, 2, 3]; b[:,1] <- 1 direction(s) from X columns [1]
  [linear r094 E]  14.4s  rhat_reg 1.000  div 0  (252/270, 61.8 min, ETA 4 min)
standardize_covariates: standardized 2 covariate(s) in long_formula (age: centre -0.01039, scale 10.13, implied intercept correlation -0.00; sex: centre 0.512, scale 0.4999, implied intercept correlation -0.72). Coefficients are returned on the ORIGINAL scale. Set control$standardize_covariates = FALSE to disable.
  [linear r095 A]  18.3s  rhat_reg 1.012  div 0  (253/270, 62.1 min, ETA 4 min)
standardize_covariates: standardized 2 covariate(s) in long_formula (age: centre -0.01039, scale 10.13, implied intercept correlation -0.00; sex: centre 0.512, scale 0.4999, implied intercept correlation -0.72). Coefficients are returned on the ORIGINAL scale. Set control$standardize_covariates = FALSE to disable.
sys:1: RuntimeWarning: orthogonalize_b: b[:,0] <- 3 direction(s) from X columns [0, 2, 3]; b[:,1] <- no basis (unconstrained)
  [linear r095 D]  14.7s  rhat_reg 1.015  div 0  (254/270, 62.4 min, ETA 4 min)
standardize_covariates: standardized 2 covariate(s) in long_formula (age: centre -0.01039, scale 10.13, implied intercept correlation -0.00; sex: centre 0.512, scale 0.4999, implied intercept correlation -0.72). Coefficients are returned on the ORIGINAL scale. Set control$standardize_covariates = FALSE to disable.
sys:1: RuntimeWarning: orthogonalize_b: b[:,0] <- 3 direction(s) from X columns [0, 2, 3]; b[:,1] <- 1 direction(s) from X columns [1]
  [linear r095 E]  14.5s  rhat_reg 1.000  div 0  (255/270, 62.6 min, ETA 4 min)
standardize_covariates: standardized 2 covariate(s) in long_formula (age: centre -1.501, scale 9.141, implied intercept correlation -0.16; sex: centre 0.4439, scale 0.4969, implied intercept correlation -0.67). Coefficients are returned on the ORIGINAL scale. Set control$standardize_covariates = FALSE to disable.
  [linear r096 A]  17.4s  rhat_reg 1.011  div 0  (256/270, 62.9 min, ETA 3 min)
standardize_covariates: standardized 2 covariate(s) in long_formula (age: centre -1.501, scale 9.141, implied intercept correlation -0.16; sex: centre 0.4439, scale 0.4969, implied intercept correlation -0.67). Coefficients are returned on the ORIGINAL scale. Set control$standardize_covariates = FALSE to disable.
sys:1: RuntimeWarning: orthogonalize_b: b[:,0] <- 3 direction(s) from X columns [0, 2, 3]; b[:,1] <- no basis (unconstrained)
  [linear r096 D]  14.7s  rhat_reg 1.014  div 0  (257/270, 63.2 min, ETA 3 min)
standardize_covariates: standardized 2 covariate(s) in long_formula (age: centre -1.501, scale 9.141, implied intercept correlation -0.16; sex: centre 0.4439, scale 0.4969, implied intercept correlation -0.67). Coefficients are returned on the ORIGINAL scale. Set control$standardize_covariates = FALSE to disable.
sys:1: RuntimeWarning: orthogonalize_b: b[:,0] <- 3 direction(s) from X columns [0, 2, 3]; b[:,1] <- 1 direction(s) from X columns [1]
  [linear r096 E]  15.6s  rhat_reg 1.002  div 0  (258/270, 63.4 min, ETA 3 min)
standardize_covariates: standardized 2 covariate(s) in long_formula (age: centre -0.1251, scale 10.71, implied intercept correlation -0.01; sex: centre 0.5057, scale 0.5001, implied intercept correlation -0.71). Coefficients are returned on the ORIGINAL scale. Set control$standardize_covariates = FALSE to disable.
  [linear r097 A]  14.3s  rhat_reg 1.016  div 0  (259/270, 63.7 min, ETA 3 min)
standardize_covariates: standardized 2 covariate(s) in long_formula (age: centre -0.1251, scale 10.71, implied intercept correlation -0.01; sex: centre 0.5057, scale 0.5001, implied intercept correlation -0.71). Coefficients are returned on the ORIGINAL scale. Set control$standardize_covariates = FALSE to disable.
sys:1: RuntimeWarning: orthogonalize_b: b[:,0] <- 3 direction(s) from X columns [0, 2, 3]; b[:,1] <- no basis (unconstrained)
  [linear r097 D]  14.9s  rhat_reg 1.009  div 0  (260/270, 63.9 min, ETA 2 min)
standardize_covariates: standardized 2 covariate(s) in long_formula (age: centre -0.1251, scale 10.71, implied intercept correlation -0.01; sex: centre 0.5057, scale 0.5001, implied intercept correlation -0.71). Coefficients are returned on the ORIGINAL scale. Set control$standardize_covariates = FALSE to disable.
sys:1: RuntimeWarning: orthogonalize_b: b[:,0] <- 3 direction(s) from X columns [0, 2, 3]; b[:,1] <- 1 direction(s) from X columns [1]
  [linear r097 E]  18.0s  rhat_reg 1.000  div 0  (261/270, 64.2 min, ETA 2 min)
standardize_covariates: standardized 2 covariate(s) in long_formula (age: centre -0.4027, scale 9.946, implied intercept correlation -0.04; sex: centre 0.4076, scale 0.4915, implied intercept correlation -0.64). Coefficients are returned on the ORIGINAL scale. Set control$standardize_covariates = FALSE to disable.
  [linear r098 A]  14.2s  rhat_reg 1.011  div 0  (262/270, 64.4 min, ETA 2 min)
standardize_covariates: standardized 2 covariate(s) in long_formula (age: centre -0.4027, scale 9.946, implied intercept correlation -0.04; sex: centre 0.4076, scale 0.4915, implied intercept correlation -0.64). Coefficients are returned on the ORIGINAL scale. Set control$standardize_covariates = FALSE to disable.
sys:1: RuntimeWarning: orthogonalize_b: b[:,0] <- 3 direction(s) from X columns [0, 2, 3]; b[:,1] <- no basis (unconstrained)
  [linear r098 D]  18.5s  rhat_reg 1.000  div 0  (263/270, 64.8 min, ETA 2 min)
standardize_covariates: standardized 2 covariate(s) in long_formula (age: centre -0.4027, scale 9.946, implied intercept correlation -0.04; sex: centre 0.4076, scale 0.4915, implied intercept correlation -0.64). Coefficients are returned on the ORIGINAL scale. Set control$standardize_covariates = FALSE to disable.
sys:1: RuntimeWarning: orthogonalize_b: b[:,0] <- 3 direction(s) from X columns [0, 2, 3]; b[:,1] <- 1 direction(s) from X columns [1]
  [linear r098 E]  14.4s  rhat_reg 1.000  div 0  (264/270, 65.0 min, ETA 1 min)
standardize_covariates: standardized 2 covariate(s) in long_formula (age: centre -0.1827, scale 9.26, implied intercept correlation -0.02; sex: centre 0.5358, scale 0.4988, implied intercept correlation -0.73). Coefficients are returned on the ORIGINAL scale. Set control$standardize_covariates = FALSE to disable.
  [linear r099 A]  18.3s  rhat_reg 1.029  div 0  (265/270, 65.3 min, ETA 1 min)
standardize_covariates: standardized 2 covariate(s) in long_formula (age: centre -0.1827, scale 9.26, implied intercept correlation -0.02; sex: centre 0.5358, scale 0.4988, implied intercept correlation -0.73). Coefficients are returned on the ORIGINAL scale. Set control$standardize_covariates = FALSE to disable.
sys:1: RuntimeWarning: orthogonalize_b: b[:,0] <- 3 direction(s) from X columns [0, 2, 3]; b[:,1] <- no basis (unconstrained)
  [linear r099 D]  14.4s  rhat_reg 1.001  div 0  (266/270, 65.5 min, ETA 1 min)
standardize_covariates: standardized 2 covariate(s) in long_formula (age: centre -0.1827, scale 9.26, implied intercept correlation -0.02; sex: centre 0.5358, scale 0.4988, implied intercept correlation -0.73). Coefficients are returned on the ORIGINAL scale. Set control$standardize_covariates = FALSE to disable.
sys:1: RuntimeWarning: orthogonalize_b: b[:,0] <- 3 direction(s) from X columns [0, 2, 3]; b[:,1] <- 1 direction(s) from X columns [1]
  [linear r099 E]  14.4s  rhat_reg 1.001  div 0  (267/270, 65.8 min, ETA 1 min)
standardize_covariates: standardized 2 covariate(s) in long_formula (age: centre -0.521, scale 10.11, implied intercept correlation -0.05; sex: centre 0.4233, scale 0.4942, implied intercept correlation -0.65). Coefficients are returned on the ORIGINAL scale. Set control$standardize_covariates = FALSE to disable.
  [linear r100 A]  18.4s  rhat_reg 1.005  div 0  (268/270, 66.1 min, ETA 0 min)
standardize_covariates: standardized 2 covariate(s) in long_formula (age: centre -0.521, scale 10.11, implied intercept correlation -0.05; sex: centre 0.4233, scale 0.4942, implied intercept correlation -0.65). Coefficients are returned on the ORIGINAL scale. Set control$standardize_covariates = FALSE to disable.
sys:1: RuntimeWarning: orthogonalize_b: b[:,0] <- 3 direction(s) from X columns [0, 2, 3]; b[:,1] <- no basis (unconstrained)
  [linear r100 D]  13.7s  rhat_reg 1.000  div 0  (269/270, 66.3 min, ETA 0 min)
standardize_covariates: standardized 2 covariate(s) in long_formula (age: centre -0.521, scale 10.11, implied intercept correlation -0.05; sex: centre 0.4233, scale 0.4942, implied intercept correlation -0.65). Coefficients are returned on the ORIGINAL scale. Set control$standardize_covariates = FALSE to disable.
sys:1: RuntimeWarning: orthogonalize_b: b[:,0] <- 3 direction(s) from X columns [0, 2, 3]; b[:,1] <- 1 direction(s) from X columns [1]
  [linear r100 E]  17.6s  rhat_reg 1.000  div 0  (270/270, 66.6 min, ETA 0 min)


Convergence gate (regression-only R-hat <= 1.05): 1196 of 1200 rows kept
dropped per design x arm:
        
         D
  linear 4

=========================================================================
 CALIBRATION. coverage = fraction of replicates containing the truth.
 sd_ratio = mean(posterior SD) / SD(posterior means); 1 is calibrated,
 below 1 means intervals too narrow. bias is in MC standard errors.
=========================================================================

design   arm  param          n   cov50   cov80   cov95  sd_ratio  bias/se
linear   A    beta_0       100   0.490   0.870   0.990     1.164     1.68
linear   D    beta_0        99   0.152   0.242   0.323     0.262     1.13
linear   E    beta_0       100   0.150   0.240   0.320     0.264     1.23
linear   A    beta_slope   100   0.490   0.820   0.970     1.027    -0.30
linear   D    beta_slope    99   0.475   0.838   0.960     1.032    -0.19
linear   E    beta_slope   100   0.140   0.210   0.250     0.223    -0.32
linear   A    alpha        100   0.480   0.800   0.930     0.922     2.97
linear   D    alpha         99   0.465   0.788   0.929     0.920     2.91
linear   E    alpha        100   0.470   0.780   0.920     0.921     2.98
linear   A    sigma_b0     100   0.510   0.830   0.940     0.914     0.63
linear   D    sigma_b0      99   0.475   0.838   0.929     0.906     0.58
linear   E    sigma_b0     100   0.490   0.810   0.940     0.910     0.59

Monte Carlo SE on 95% coverage at these counts: ~0.011

Read this against arm A. A departure shared by A, D and E is a
property of the model or these settings, not of orthogonalization.
alpha is the negative control: no arm should move it.
