standardize_covariates: standardized 2 covariate(s) in long_formula (age: centre -0.5688, scale 9.371, implied intercept correlation -0.06; sex: centre 0.5134, scale 0.4999, implied intercept correlation -0.72). Coefficients are returned on the ORIGINAL scale. Set control$standardize_covariates = FALSE to disable.
  [linear r001 A]  18.0s  rhat_reg 1.025  div 0  (1/48, 0.3 min, ETA 14 min)
standardize_covariates: standardized 2 covariate(s) in long_formula (age: centre -0.5688, scale 9.371, implied intercept correlation -0.06; sex: centre 0.5134, scale 0.4999, implied intercept correlation -0.72). Coefficients are returned on the ORIGINAL scale. Set control$standardize_covariates = FALSE to disable.
sys:1: RuntimeWarning: orthogonalize_b: b[:,0] <- 3 direction(s) from X columns [0, 2, 3]; b[:,1] <- no basis (unconstrained)
  [linear r001 D]  14.8s  rhat_reg 1.020  div 0  (2/48, 0.5 min, ETA 13 min)
standardize_covariates: standardized 2 covariate(s) in long_formula (age: centre -0.5688, scale 9.371, implied intercept correlation -0.06; sex: centre 0.5134, scale 0.4999, implied intercept correlation -0.72). Coefficients are returned on the ORIGINAL scale. Set control$standardize_covariates = FALSE to disable.
sys:1: RuntimeWarning: orthogonalize_b: b[:,0] <- 3 direction(s) from X columns [0, 2, 3]; b[:,1] <- 1 direction(s) from X columns [1]
  [linear r001 E]  14.5s  rhat_reg 1.000  div 0  (3/48, 0.8 min, ETA 12 min)
standardize_covariates: standardized 2 covariate(s) in long_formula (age: centre 0.1636, scale 9.871, implied intercept correlation -0.02; sex: centre 0.5319, scale 0.4991, implied intercept correlation -0.73). Coefficients are returned on the ORIGINAL scale. Set control$standardize_covariates = FALSE to disable.
  [linear r002 A]  14.3s  rhat_reg 1.010  div 0  (4/48, 1.0 min, ETA 11 min)
standardize_covariates: standardized 2 covariate(s) in long_formula (age: centre 0.1636, scale 9.871, implied intercept correlation -0.02; sex: centre 0.5319, scale 0.4991, implied intercept correlation -0.73). Coefficients are returned on the ORIGINAL scale. Set control$standardize_covariates = FALSE to disable.
sys:1: RuntimeWarning: orthogonalize_b: b[:,0] <- 3 direction(s) from X columns [0, 2, 3]; b[:,1] <- no basis (unconstrained)
  [linear r002 D]  14.7s  rhat_reg 1.003  div 0  (5/48, 1.3 min, ETA 11 min)
standardize_covariates: standardized 2 covariate(s) in long_formula (age: centre 0.1636, scale 9.871, implied intercept correlation -0.02; sex: centre 0.5319, scale 0.4991, implied intercept correlation -0.73). Coefficients are returned on the ORIGINAL scale. Set control$standardize_covariates = FALSE to disable.
sys:1: RuntimeWarning: orthogonalize_b: b[:,0] <- 3 direction(s) from X columns [0, 2, 3]; b[:,1] <- 1 direction(s) from X columns [1]
  [linear r002 E]  14.7s  rhat_reg 1.001  div 0  (6/48, 1.5 min, ETA 11 min)
standardize_covariates: standardized 2 covariate(s) in long_formula (age: centre -0.3036, scale 9.821, implied intercept correlation -0.03; sex: centre 0.495, scale 0.5001, implied intercept correlation -0.70). Coefficients are returned on the ORIGINAL scale. Set control$standardize_covariates = FALSE to disable.
  [linear r003 A]  14.5s  rhat_reg 1.007  div 0  (7/48, 1.8 min, ETA 10 min)
standardize_covariates: standardized 2 covariate(s) in long_formula (age: centre -0.3036, scale 9.821, implied intercept correlation -0.03; sex: centre 0.495, scale 0.5001, implied intercept correlation -0.70). Coefficients are returned on the ORIGINAL scale. Set control$standardize_covariates = FALSE to disable.
sys:1: RuntimeWarning: orthogonalize_b: b[:,0] <- 3 direction(s) from X columns [0, 2, 3]; b[:,1] <- no basis (unconstrained)
  [linear r003 D]  15.0s  rhat_reg 1.005  div 0  (8/48, 2.0 min, ETA 10 min)
standardize_covariates: standardized 2 covariate(s) in long_formula (age: centre -0.3036, scale 9.821, implied intercept correlation -0.03; sex: centre 0.495, scale 0.5001, implied intercept correlation -0.70). Coefficients are returned on the ORIGINAL scale. Set control$standardize_covariates = FALSE to disable.
sys:1: RuntimeWarning: orthogonalize_b: b[:,0] <- 3 direction(s) from X columns [0, 2, 3]; b[:,1] <- 1 direction(s) from X columns [1]
  [linear r003 E]  15.3s  rhat_reg 1.003  div 0  (9/48, 2.3 min, ETA 10 min)
standardize_covariates: standardized 2 covariate(s) in long_formula (age: centre 0.1425, scale 10.62, implied intercept correlation -0.01; sex: centre 0.5114, scale 0.5, implied intercept correlation -0.72). Coefficients are returned on the ORIGINAL scale. Set control$standardize_covariates = FALSE to disable.
  [linear r004 A]  15.0s  rhat_reg 1.009  div 0  (10/48, 2.5 min, ETA 10 min)
standardize_covariates: standardized 2 covariate(s) in long_formula (age: centre 0.1425, scale 10.62, implied intercept correlation -0.01; sex: centre 0.5114, scale 0.5, implied intercept correlation -0.72). Coefficients are returned on the ORIGINAL scale. Set control$standardize_covariates = FALSE to disable.
sys:1: RuntimeWarning: orthogonalize_b: b[:,0] <- 3 direction(s) from X columns [0, 2, 3]; b[:,1] <- no basis (unconstrained)
  [linear r004 D]  15.0s  rhat_reg 1.004  div 0  (11/48, 2.8 min, ETA 9 min)
standardize_covariates: standardized 2 covariate(s) in long_formula (age: centre 0.1425, scale 10.62, implied intercept correlation -0.01; sex: centre 0.5114, scale 0.5, implied intercept correlation -0.72). Coefficients are returned on the ORIGINAL scale. Set control$standardize_covariates = FALSE to disable.
sys:1: RuntimeWarning: orthogonalize_b: b[:,0] <- 3 direction(s) from X columns [0, 2, 3]; b[:,1] <- 1 direction(s) from X columns [1]
  [linear r004 E]  15.0s  rhat_reg 1.001  div 0  (12/48, 3.0 min, ETA 9 min)
standardize_covariates: standardized 2 covariate(s) in long_formula (age: centre -0.06033, scale 9.966, implied intercept correlation -0.01; sex: centre 0.4871, scale 0.4999, implied intercept correlation -0.70). Coefficients are returned on the ORIGINAL scale. Set control$standardize_covariates = FALSE to disable.
  [linear r005 A]  14.4s  rhat_reg 1.012  div 0  (13/48, 3.3 min, ETA 9 min)
standardize_covariates: standardized 2 covariate(s) in long_formula (age: centre -0.06033, scale 9.966, implied intercept correlation -0.01; sex: centre 0.4871, scale 0.4999, implied intercept correlation -0.70). Coefficients are returned on the ORIGINAL scale. Set control$standardize_covariates = FALSE to disable.
sys:1: RuntimeWarning: orthogonalize_b: b[:,0] <- 3 direction(s) from X columns [0, 2, 3]; b[:,1] <- no basis (unconstrained)
  [linear r005 D]  15.4s  rhat_reg 1.003  div 0  (14/48, 3.5 min, ETA 9 min)
standardize_covariates: standardized 2 covariate(s) in long_formula (age: centre -0.06033, scale 9.966, implied intercept correlation -0.01; sex: centre 0.4871, scale 0.4999, implied intercept correlation -0.70). Coefficients are returned on the ORIGINAL scale. Set control$standardize_covariates = FALSE to disable.
sys:1: RuntimeWarning: orthogonalize_b: b[:,0] <- 3 direction(s) from X columns [0, 2, 3]; b[:,1] <- 1 direction(s) from X columns [1]
  [linear r005 E]  14.6s  rhat_reg 1.001  div 0  (15/48, 3.8 min, ETA 8 min)
standardize_covariates: standardized 2 covariate(s) in long_formula (age: centre 0.05899, scale 9.511, implied intercept correlation -0.01; sex: centre 0.4974, scale 0.5001, implied intercept correlation -0.71). Coefficients are returned on the ORIGINAL scale. Set control$standardize_covariates = FALSE to disable.
  [linear r006 A]  15.1s  rhat_reg 1.018  div 0  (16/48, 4.0 min, ETA 8 min)
standardize_covariates: standardized 2 covariate(s) in long_formula (age: centre 0.05899, scale 9.511, implied intercept correlation -0.01; sex: centre 0.4974, scale 0.5001, implied intercept correlation -0.71). Coefficients are returned on the ORIGINAL scale. Set control$standardize_covariates = FALSE to disable.
sys:1: RuntimeWarning: orthogonalize_b: b[:,0] <- 3 direction(s) from X columns [0, 2, 3]; b[:,1] <- no basis (unconstrained)
  [linear r006 D]  15.4s  rhat_reg 1.019  div 0  (17/48, 4.3 min, ETA 8 min)
standardize_covariates: standardized 2 covariate(s) in long_formula (age: centre 0.05899, scale 9.511, implied intercept correlation -0.01; sex: centre 0.4974, scale 0.5001, implied intercept correlation -0.71). Coefficients are returned on the ORIGINAL scale. Set control$standardize_covariates = FALSE to disable.
sys:1: RuntimeWarning: orthogonalize_b: b[:,0] <- 3 direction(s) from X columns [0, 2, 3]; b[:,1] <- 1 direction(s) from X columns [1]
  [linear r006 E]  15.4s  rhat_reg 1.000  div 0  (18/48, 4.5 min, ETA 8 min)
standardize_covariates: standardized 2 covariate(s) in long_formula (age: centre 0.3241, scale 10.33, implied intercept correlation -0.03; sex: centre 0.4949, scale 0.5001, implied intercept correlation -0.70). Coefficients are returned on the ORIGINAL scale. Set control$standardize_covariates = FALSE to disable.
  [linear r007 A]  14.5s  rhat_reg 1.022  div 0  (19/48, 4.8 min, ETA 7 min)
standardize_covariates: standardized 2 covariate(s) in long_formula (age: centre 0.3241, scale 10.33, implied intercept correlation -0.03; sex: centre 0.4949, scale 0.5001, implied intercept correlation -0.70). Coefficients are returned on the ORIGINAL scale. Set control$standardize_covariates = FALSE to disable.
sys:1: RuntimeWarning: orthogonalize_b: b[:,0] <- 3 direction(s) from X columns [0, 2, 3]; b[:,1] <- no basis (unconstrained)
  [linear r007 D]  15.1s  rhat_reg 1.020  div 0  (20/48, 5.0 min, ETA 7 min)
standardize_covariates: standardized 2 covariate(s) in long_formula (age: centre 0.3241, scale 10.33, implied intercept correlation -0.03; sex: centre 0.4949, scale 0.5001, implied intercept correlation -0.70). Coefficients are returned on the ORIGINAL scale. Set control$standardize_covariates = FALSE to disable.
sys:1: RuntimeWarning: orthogonalize_b: b[:,0] <- 3 direction(s) from X columns [0, 2, 3]; b[:,1] <- 1 direction(s) from X columns [1]
  [linear r007 E]  15.5s  rhat_reg 1.000  div 0  (21/48, 5.3 min, ETA 7 min)
standardize_covariates: standardized 2 covariate(s) in long_formula (age: centre -0.07109, scale 9.904, implied intercept correlation -0.01; sex: centre 0.497, scale 0.5001, implied intercept correlation -0.70). Coefficients are returned on the ORIGINAL scale. Set control$standardize_covariates = FALSE to disable.
  [linear r008 A]  14.1s  rhat_reg 1.006  div 0  (22/48, 5.5 min, ETA 7 min)
standardize_covariates: standardized 2 covariate(s) in long_formula (age: centre -0.07109, scale 9.904, implied intercept correlation -0.01; sex: centre 0.497, scale 0.5001, implied intercept correlation -0.70). Coefficients are returned on the ORIGINAL scale. Set control$standardize_covariates = FALSE to disable.
sys:1: RuntimeWarning: orthogonalize_b: b[:,0] <- 3 direction(s) from X columns [0, 2, 3]; b[:,1] <- no basis (unconstrained)
  [linear r008 D]  15.1s  rhat_reg 1.001  div 0  (23/48, 5.8 min, ETA 6 min)
standardize_covariates: standardized 2 covariate(s) in long_formula (age: centre -0.07109, scale 9.904, implied intercept correlation -0.01; sex: centre 0.497, scale 0.5001, implied intercept correlation -0.70). Coefficients are returned on the ORIGINAL scale. Set control$standardize_covariates = FALSE to disable.
sys:1: RuntimeWarning: orthogonalize_b: b[:,0] <- 3 direction(s) from X columns [0, 2, 3]; b[:,1] <- 1 direction(s) from X columns [1]
  [linear r008 E]  15.3s  rhat_reg 1.000  div 0  (24/48, 6.1 min, ETA 6 min)
standardize_covariates: standardized 2 covariate(s) in long_formula (age: centre 0.3303, scale 10.49, implied intercept correlation -0.03; sex: centre 0.5139, scale 0.4999, implied intercept correlation -0.72). Coefficients are returned on the ORIGINAL scale. Set control$standardize_covariates = FALSE to disable.
  [linear r009 A]  14.7s  rhat_reg 1.004  div 0  (25/48, 6.3 min, ETA 6 min)
standardize_covariates: standardized 2 covariate(s) in long_formula (age: centre 0.3303, scale 10.49, implied intercept correlation -0.03; sex: centre 0.5139, scale 0.4999, implied intercept correlation -0.72). Coefficients are returned on the ORIGINAL scale. Set control$standardize_covariates = FALSE to disable.
sys:1: RuntimeWarning: orthogonalize_b: b[:,0] <- 3 direction(s) from X columns [0, 2, 3]; b[:,1] <- no basis (unconstrained)
  [linear r009 D]  15.1s  rhat_reg 1.001  div 0  (26/48, 6.6 min, ETA 6 min)
standardize_covariates: standardized 2 covariate(s) in long_formula (age: centre 0.3303, scale 10.49, implied intercept correlation -0.03; sex: centre 0.5139, scale 0.4999, implied intercept correlation -0.72). Coefficients are returned on the ORIGINAL scale. Set control$standardize_covariates = FALSE to disable.
sys:1: RuntimeWarning: orthogonalize_b: b[:,0] <- 3 direction(s) from X columns [0, 2, 3]; b[:,1] <- 1 direction(s) from X columns [1]
  [linear r009 E]  15.4s  rhat_reg 1.000  div 0  (27/48, 6.8 min, ETA 5 min)
standardize_covariates: standardized 2 covariate(s) in long_formula (age: centre 0.4484, scale 10.37, implied intercept correlation -0.04; sex: centre 0.5241, scale 0.4995, implied intercept correlation -0.72). Coefficients are returned on the ORIGINAL scale. Set control$standardize_covariates = FALSE to disable.
  [linear r010 A]  14.5s  rhat_reg 1.010  div 0  (28/48, 7.1 min, ETA 5 min)
standardize_covariates: standardized 2 covariate(s) in long_formula (age: centre 0.4484, scale 10.37, implied intercept correlation -0.04; sex: centre 0.5241, scale 0.4995, implied intercept correlation -0.72). Coefficients are returned on the ORIGINAL scale. Set control$standardize_covariates = FALSE to disable.
sys:1: RuntimeWarning: orthogonalize_b: b[:,0] <- 3 direction(s) from X columns [0, 2, 3]; b[:,1] <- no basis (unconstrained)
  [linear r010 D]  14.9s  rhat_reg 1.012  div 0  (29/48, 7.3 min, ETA 5 min)
standardize_covariates: standardized 2 covariate(s) in long_formula (age: centre 0.4484, scale 10.37, implied intercept correlation -0.04; sex: centre 0.5241, scale 0.4995, implied intercept correlation -0.72). Coefficients are returned on the ORIGINAL scale. Set control$standardize_covariates = FALSE to disable.
sys:1: RuntimeWarning: orthogonalize_b: b[:,0] <- 3 direction(s) from X columns [0, 2, 3]; b[:,1] <- 1 direction(s) from X columns [1]
  [linear r010 E]  14.1s  rhat_reg 1.001  div 0  (30/48, 7.5 min, ETA 5 min)
standardize_covariates: standardized 2 covariate(s) in long_formula (age: centre -0.8388, scale 9.489, implied intercept correlation -0.09; sex: centre 0.5471, scale 0.4979, implied intercept correlation -0.74). Coefficients are returned on the ORIGINAL scale. Set control$standardize_covariates = FALSE to disable.
  [linear r011 A]  14.9s  rhat_reg 1.011  div 0  (31/48, 7.8 min, ETA 4 min)
standardize_covariates: standardized 2 covariate(s) in long_formula (age: centre -0.8388, scale 9.489, implied intercept correlation -0.09; sex: centre 0.5471, scale 0.4979, implied intercept correlation -0.74). Coefficients are returned on the ORIGINAL scale. Set control$standardize_covariates = FALSE to disable.
sys:1: RuntimeWarning: orthogonalize_b: b[:,0] <- 3 direction(s) from X columns [0, 2, 3]; b[:,1] <- no basis (unconstrained)
  [linear r011 D]  15.6s  rhat_reg 1.005  div 0  (32/48, 8.1 min, ETA 4 min)
standardize_covariates: standardized 2 covariate(s) in long_formula (age: centre -0.8388, scale 9.489, implied intercept correlation -0.09; sex: centre 0.5471, scale 0.4979, implied intercept correlation -0.74). Coefficients are returned on the ORIGINAL scale. Set control$standardize_covariates = FALSE to disable.
sys:1: RuntimeWarning: orthogonalize_b: b[:,0] <- 3 direction(s) from X columns [0, 2, 3]; b[:,1] <- 1 direction(s) from X columns [1]
  [linear r011 E]  15.0s  rhat_reg 0.999  div 0  (33/48, 8.3 min, ETA 4 min)
standardize_covariates: standardized 2 covariate(s) in long_formula (age: centre -1.059, scale 9.611, implied intercept correlation -0.11; sex: centre 0.5468, scale 0.4979, implied intercept correlation -0.74). Coefficients are returned on the ORIGINAL scale. Set control$standardize_covariates = FALSE to disable.
  [linear r012 A]  15.0s  rhat_reg 1.008  div 0  (34/48, 8.6 min, ETA 4 min)
standardize_covariates: standardized 2 covariate(s) in long_formula (age: centre -1.059, scale 9.611, implied intercept correlation -0.11; sex: centre 0.5468, scale 0.4979, implied intercept correlation -0.74). Coefficients are returned on the ORIGINAL scale. Set control$standardize_covariates = FALSE to disable.
sys:1: RuntimeWarning: orthogonalize_b: b[:,0] <- 3 direction(s) from X columns [0, 2, 3]; b[:,1] <- no basis (unconstrained)
  [linear r012 D]  15.1s  rhat_reg 1.009  div 0  (35/48, 8.8 min, ETA 3 min)
standardize_covariates: standardized 2 covariate(s) in long_formula (age: centre -1.059, scale 9.611, implied intercept correlation -0.11; sex: centre 0.5468, scale 0.4979, implied intercept correlation -0.74). Coefficients are returned on the ORIGINAL scale. Set control$standardize_covariates = FALSE to disable.
sys:1: RuntimeWarning: orthogonalize_b: b[:,0] <- 3 direction(s) from X columns [0, 2, 3]; b[:,1] <- 1 direction(s) from X columns [1]
  [linear r012 E]  14.7s  rhat_reg 1.000  div 0  (36/48, 9.1 min, ETA 3 min)
standardize_covariates: standardized 2 covariate(s) in long_formula (age: centre -0.254, scale 10.95, implied intercept correlation -0.02; sex: centre 0.5055, scale 0.5001, implied intercept correlation -0.71). Coefficients are returned on the ORIGINAL scale. Set control$standardize_covariates = FALSE to disable.
  [linear r013 A]  15.0s  rhat_reg 1.007  div 0  (37/48, 9.3 min, ETA 3 min)
standardize_covariates: standardized 2 covariate(s) in long_formula (age: centre -0.254, scale 10.95, implied intercept correlation -0.02; sex: centre 0.5055, scale 0.5001, implied intercept correlation -0.71). Coefficients are returned on the ORIGINAL scale. Set control$standardize_covariates = FALSE to disable.
sys:1: RuntimeWarning: orthogonalize_b: b[:,0] <- 3 direction(s) from X columns [0, 2, 3]; b[:,1] <- no basis (unconstrained)
  [linear r013 D]  15.3s  rhat_reg 1.007  div 0  (38/48, 9.6 min, ETA 3 min)
standardize_covariates: standardized 2 covariate(s) in long_formula (age: centre -0.254, scale 10.95, implied intercept correlation -0.02; sex: centre 0.5055, scale 0.5001, implied intercept correlation -0.71). Coefficients are returned on the ORIGINAL scale. Set control$standardize_covariates = FALSE to disable.
sys:1: RuntimeWarning: orthogonalize_b: b[:,0] <- 3 direction(s) from X columns [0, 2, 3]; b[:,1] <- 1 direction(s) from X columns [1]
  [linear r013 E]  14.1s  rhat_reg 1.001  div 0  (39/48, 9.8 min, ETA 2 min)
standardize_covariates: standardized 2 covariate(s) in long_formula (age: centre -0.1567, scale 9.895, implied intercept correlation -0.02; sex: centre 0.5484, scale 0.4977, implied intercept correlation -0.74). Coefficients are returned on the ORIGINAL scale. Set control$standardize_covariates = FALSE to disable.
  [linear r014 A]  14.7s  rhat_reg 1.013  div 0  (40/48, 10.0 min, ETA 2 min)
standardize_covariates: standardized 2 covariate(s) in long_formula (age: centre -0.1567, scale 9.895, implied intercept correlation -0.02; sex: centre 0.5484, scale 0.4977, implied intercept correlation -0.74). Coefficients are returned on the ORIGINAL scale. Set control$standardize_covariates = FALSE to disable.
sys:1: RuntimeWarning: orthogonalize_b: b[:,0] <- 3 direction(s) from X columns [0, 2, 3]; b[:,1] <- no basis (unconstrained)
  [linear r014 D]  16.0s  rhat_reg 1.013  div 0  (41/48, 10.3 min, ETA 2 min)
standardize_covariates: standardized 2 covariate(s) in long_formula (age: centre -0.1567, scale 9.895, implied intercept correlation -0.02; sex: centre 0.5484, scale 0.4977, implied intercept correlation -0.74). Coefficients are returned on the ORIGINAL scale. Set control$standardize_covariates = FALSE to disable.
sys:1: RuntimeWarning: orthogonalize_b: b[:,0] <- 3 direction(s) from X columns [0, 2, 3]; b[:,1] <- 1 direction(s) from X columns [1]
  [linear r014 E]  14.8s  rhat_reg 1.000  div 0  (42/48, 10.6 min, ETA 2 min)
standardize_covariates: standardized 2 covariate(s) in long_formula (age: centre -1.796, scale 9.647, implied intercept correlation -0.18; sex: centre 0.4861, scale 0.4999, implied intercept correlation -0.70). Coefficients are returned on the ORIGINAL scale. Set control$standardize_covariates = FALSE to disable.
  [linear r015 A]  14.9s  rhat_reg 1.015  div 0  (43/48, 10.8 min, ETA 1 min)
standardize_covariates: standardized 2 covariate(s) in long_formula (age: centre -1.796, scale 9.647, implied intercept correlation -0.18; sex: centre 0.4861, scale 0.4999, implied intercept correlation -0.70). Coefficients are returned on the ORIGINAL scale. Set control$standardize_covariates = FALSE to disable.
sys:1: RuntimeWarning: orthogonalize_b: b[:,0] <- 3 direction(s) from X columns [0, 2, 3]; b[:,1] <- no basis (unconstrained)
  [linear r015 D]  15.2s  rhat_reg 1.002  div 0  (44/48, 11.1 min, ETA 1 min)
standardize_covariates: standardized 2 covariate(s) in long_formula (age: centre -1.796, scale 9.647, implied intercept correlation -0.18; sex: centre 0.4861, scale 0.4999, implied intercept correlation -0.70). Coefficients are returned on the ORIGINAL scale. Set control$standardize_covariates = FALSE to disable.
sys:1: RuntimeWarning: orthogonalize_b: b[:,0] <- 3 direction(s) from X columns [0, 2, 3]; b[:,1] <- 1 direction(s) from X columns [1]
  [linear r015 E]  16.2s  rhat_reg 1.001  div 0  (45/48, 11.3 min, ETA 1 min)
standardize_covariates: standardized 2 covariate(s) in long_formula (age: centre 0.1572, scale 9.987, implied intercept correlation -0.02; sex: centre 0.4981, scale 0.5001, implied intercept correlation -0.71). Coefficients are returned on the ORIGINAL scale. Set control$standardize_covariates = FALSE to disable.
  [linear r016 A]  14.9s  rhat_reg 1.012  div 0  (46/48, 11.6 min, ETA 1 min)
standardize_covariates: standardized 2 covariate(s) in long_formula (age: centre 0.1572, scale 9.987, implied intercept correlation -0.02; sex: centre 0.4981, scale 0.5001, implied intercept correlation -0.71). Coefficients are returned on the ORIGINAL scale. Set control$standardize_covariates = FALSE to disable.
sys:1: RuntimeWarning: orthogonalize_b: b[:,0] <- 3 direction(s) from X columns [0, 2, 3]; b[:,1] <- no basis (unconstrained)
  [linear r016 D]  15.0s  rhat_reg 1.002  div 0  (47/48, 11.8 min, ETA 0 min)
standardize_covariates: standardized 2 covariate(s) in long_formula (age: centre 0.1572, scale 9.987, implied intercept correlation -0.02; sex: centre 0.4981, scale 0.5001, implied intercept correlation -0.71). Coefficients are returned on the ORIGINAL scale. Set control$standardize_covariates = FALSE to disable.
sys:1: RuntimeWarning: orthogonalize_b: b[:,0] <- 3 direction(s) from X columns [0, 2, 3]; b[:,1] <- 1 direction(s) from X columns [1]
  [linear r016 E]  15.9s  rhat_reg 1.000  div 0  (48/48, 12.1 min, ETA 0 min)


Convergence gate (regression-only R-hat <= 1.05): 256 of 256 rows kept

=========================================================================
 CALIBRATION. coverage = fraction of replicates containing the truth.
 sd_ratio = mean(posterior SD) / SD(posterior means); 1 is calibrated,
 below 1 means intervals too narrow. bias is in MC standard errors.
=========================================================================

design   arm  param          n   cov50   cov80   cov95  sd_ratio  bias/se
linear   A    beta_0        16   0.562   0.875   1.000     1.177    -0.57
linear   D    beta_0        16   0.250   0.312   0.500     0.283    -0.60
linear   E    beta_0        16   0.250   0.312   0.500     0.283    -0.60
linear   A    beta_slope    16   0.438   0.875   1.000     1.184    -0.45
linear   D    beta_slope    16   0.438   0.875   1.000     1.183    -0.46
linear   E    beta_slope    16   0.125   0.188   0.250     0.267    -0.55
linear   A    alpha         16   0.562   0.812   0.875     0.935     1.98
linear   D    alpha         16   0.500   0.750   0.875     0.934     1.97
linear   E    alpha         16   0.500   0.812   0.875     0.927     2.00
linear   A    sigma_b0      16   0.562   0.875   1.000     1.135    -0.30
linear   D    sigma_b0      16   0.562   0.875   1.000     1.138    -0.30
linear   E    sigma_b0      16   0.562   0.812   1.000     1.152    -0.39
linear   D    beta_0_corrected   16   0.562   0.875   1.000     1.181    -0.56
linear   E    beta_0_corrected   16   0.562   0.875   1.000     1.193    -0.56
linear   D    beta_slope_corrected   16   0.438   0.875   1.000     1.183    -0.46
linear   E    beta_slope_corrected   16   0.438   0.875   1.000     1.195    -0.57

Monte Carlo SE on 95% coverage at these counts: ~0.027

Read this against arm A. A departure shared by A, D and E is a
property of the model or these settings, not of orthogonalization.
alpha is the negative control: no arm should move it.
resuming: 48 of 600 fits already in dev/calibration_correction_pilot.csv
standardize_covariates: standardized 2 covariate(s) in long_formula (age: centre 0.3648, scale 9.614, implied intercept correlation -0.04; sex: centre 0.4944, scale 0.5001, implied intercept correlation -0.70). Coefficients are returned on the ORIGINAL scale. Set control$standardize_covariates = FALSE to disable.
  [linear r017 A]  18.0s  rhat_reg 1.013  div 0  (1/552, 0.3 min, ETA 166 min)
standardize_covariates: standardized 2 covariate(s) in long_formula (age: centre 0.3648, scale 9.614, implied intercept correlation -0.04; sex: centre 0.4944, scale 0.5001, implied intercept correlation -0.70). Coefficients are returned on the ORIGINAL scale. Set control$standardize_covariates = FALSE to disable.
sys:1: RuntimeWarning: orthogonalize_b: b[:,0] <- 3 direction(s) from X columns [0, 2, 3]; b[:,1] <- no basis (unconstrained)
  [linear r017 D]  14.8s  rhat_reg 1.009  div 0  (2/552, 0.5 min, ETA 151 min)
standardize_covariates: standardized 2 covariate(s) in long_formula (age: centre 0.3648, scale 9.614, implied intercept correlation -0.04; sex: centre 0.4944, scale 0.5001, implied intercept correlation -0.70). Coefficients are returned on the ORIGINAL scale. Set control$standardize_covariates = FALSE to disable.
sys:1: RuntimeWarning: orthogonalize_b: b[:,0] <- 3 direction(s) from X columns [0, 2, 3]; b[:,1] <- 1 direction(s) from X columns [1]
  [linear r017 E]  15.0s  rhat_reg 1.000  div 0  (3/552, 0.8 min, ETA 147 min)
standardize_covariates: standardized 2 covariate(s) in long_formula (age: centre -0.4753, scale 10.5, implied intercept correlation -0.05; sex: centre 0.5356, scale 0.4988, implied intercept correlation -0.73). Coefficients are returned on the ORIGINAL scale. Set control$standardize_covariates = FALSE to disable.
  [linear r018 A]  15.0s  rhat_reg 1.007  div 0  (4/552, 1.1 min, ETA 144 min)
standardize_covariates: standardized 2 covariate(s) in long_formula (age: centre -0.4753, scale 10.5, implied intercept correlation -0.05; sex: centre 0.5356, scale 0.4988, implied intercept correlation -0.73). Coefficients are returned on the ORIGINAL scale. Set control$standardize_covariates = FALSE to disable.
sys:1: RuntimeWarning: orthogonalize_b: b[:,0] <- 3 direction(s) from X columns [0, 2, 3]; b[:,1] <- no basis (unconstrained)
  [linear r018 D]  15.1s  rhat_reg 1.007  div 0  (5/552, 1.3 min, ETA 143 min)
standardize_covariates: standardized 2 covariate(s) in long_formula (age: centre -0.4753, scale 10.5, implied intercept correlation -0.05; sex: centre 0.5356, scale 0.4988, implied intercept correlation -0.73). Coefficients are returned on the ORIGINAL scale. Set control$standardize_covariates = FALSE to disable.
sys:1: RuntimeWarning: orthogonalize_b: b[:,0] <- 3 direction(s) from X columns [0, 2, 3]; b[:,1] <- 1 direction(s) from X columns [1]
  [linear r018 E]  14.4s  rhat_reg 1.001  div 0  (6/552, 1.5 min, ETA 141 min)
standardize_covariates: standardized 2 covariate(s) in long_formula (age: centre -1.867, scale 10.5, implied intercept correlation -0.18; sex: centre 0.4458, scale 0.4971, implied intercept correlation -0.67). Coefficients are returned on the ORIGINAL scale. Set control$standardize_covariates = FALSE to disable.
  [linear r019 A]  14.6s  rhat_reg 1.002  div 0  (7/552, 1.8 min, ETA 140 min)
standardize_covariates: standardized 2 covariate(s) in long_formula (age: centre -1.867, scale 10.5, implied intercept correlation -0.18; sex: centre 0.4458, scale 0.4971, implied intercept correlation -0.67). Coefficients are returned on the ORIGINAL scale. Set control$standardize_covariates = FALSE to disable.
sys:1: RuntimeWarning: orthogonalize_b: b[:,0] <- 3 direction(s) from X columns [0, 2, 3]; b[:,1] <- no basis (unconstrained)
  [linear r019 D]  15.2s  rhat_reg 1.000  div 0  (8/552, 2.0 min, ETA 139 min)
standardize_covariates: standardized 2 covariate(s) in long_formula (age: centre -1.867, scale 10.5, implied intercept correlation -0.18; sex: centre 0.4458, scale 0.4971, implied intercept correlation -0.67). Coefficients are returned on the ORIGINAL scale. Set control$standardize_covariates = FALSE to disable.
sys:1: RuntimeWarning: orthogonalize_b: b[:,0] <- 3 direction(s) from X columns [0, 2, 3]; b[:,1] <- 1 direction(s) from X columns [1]
  [linear r019 E]  15.2s  rhat_reg 1.001  div 0  (9/552, 2.3 min, ETA 139 min)
standardize_covariates: standardized 2 covariate(s) in long_formula (age: centre -0.5882, scale 10.93, implied intercept correlation -0.05; sex: centre 0.4979, scale 0.5001, implied intercept correlation -0.71). Coefficients are returned on the ORIGINAL scale. Set control$standardize_covariates = FALSE to disable.
  [linear r020 A]  15.3s  rhat_reg 1.016  div 0  (10/552, 2.6 min, ETA 139 min)
standardize_covariates: standardized 2 covariate(s) in long_formula (age: centre -0.5882, scale 10.93, implied intercept correlation -0.05; sex: centre 0.4979, scale 0.5001, implied intercept correlation -0.71). Coefficients are returned on the ORIGINAL scale. Set control$standardize_covariates = FALSE to disable.
sys:1: RuntimeWarning: orthogonalize_b: b[:,0] <- 3 direction(s) from X columns [0, 2, 3]; b[:,1] <- no basis (unconstrained)
  [linear r020 D]  14.8s  rhat_reg 1.013  div 0  (11/552, 2.8 min, ETA 138 min)
standardize_covariates: standardized 2 covariate(s) in long_formula (age: centre -0.5882, scale 10.93, implied intercept correlation -0.05; sex: centre 0.4979, scale 0.5001, implied intercept correlation -0.71). Coefficients are returned on the ORIGINAL scale. Set control$standardize_covariates = FALSE to disable.
sys:1: RuntimeWarning: orthogonalize_b: b[:,0] <- 3 direction(s) from X columns [0, 2, 3]; b[:,1] <- 1 direction(s) from X columns [1]
  [linear r020 E]  14.9s  rhat_reg 1.002  div 0  (12/552, 3.1 min, ETA 138 min)
standardize_covariates: standardized 2 covariate(s) in long_formula (age: centre -0.7917, scale 10.1, implied intercept correlation -0.08; sex: centre 0.5432, scale 0.4982, implied intercept correlation -0.74). Coefficients are returned on the ORIGINAL scale. Set control$standardize_covariates = FALSE to disable.
  [linear r021 A]  14.5s  rhat_reg 1.008  div 0  (13/552, 3.3 min, ETA 137 min)
standardize_covariates: standardized 2 covariate(s) in long_formula (age: centre -0.7917, scale 10.1, implied intercept correlation -0.08; sex: centre 0.5432, scale 0.4982, implied intercept correlation -0.74). Coefficients are returned on the ORIGINAL scale. Set control$standardize_covariates = FALSE to disable.
sys:1: RuntimeWarning: orthogonalize_b: b[:,0] <- 3 direction(s) from X columns [0, 2, 3]; b[:,1] <- no basis (unconstrained)
  [linear r021 D]  15.2s  rhat_reg 1.007  div 0  (14/552, 3.6 min, ETA 137 min)
standardize_covariates: standardized 2 covariate(s) in long_formula (age: centre -0.7917, scale 10.1, implied intercept correlation -0.08; sex: centre 0.5432, scale 0.4982, implied intercept correlation -0.74). Coefficients are returned on the ORIGINAL scale. Set control$standardize_covariates = FALSE to disable.
sys:1: RuntimeWarning: orthogonalize_b: b[:,0] <- 3 direction(s) from X columns [0, 2, 3]; b[:,1] <- 1 direction(s) from X columns [1]
  [linear r021 E]  15.3s  rhat_reg 1.000  div 0  (15/552, 3.8 min, ETA 136 min)
standardize_covariates: standardized 2 covariate(s) in long_formula (age: centre -0.1962, scale 10.08, implied intercept correlation -0.02; sex: centre 0.4756, scale 0.4995, implied intercept correlation -0.69). Coefficients are returned on the ORIGINAL scale. Set control$standardize_covariates = FALSE to disable.
  [linear r022 A]  15.3s  rhat_reg 1.027  div 0  (16/552, 4.1 min, ETA 136 min)
standardize_covariates: standardized 2 covariate(s) in long_formula (age: centre -0.1962, scale 10.08, implied intercept correlation -0.02; sex: centre 0.4756, scale 0.4995, implied intercept correlation -0.69). Coefficients are returned on the ORIGINAL scale. Set control$standardize_covariates = FALSE to disable.
sys:1: RuntimeWarning: orthogonalize_b: b[:,0] <- 3 direction(s) from X columns [0, 2, 3]; b[:,1] <- no basis (unconstrained)
  [linear r022 D]  15.5s  rhat_reg 1.021  div 0  (17/552, 4.3 min, ETA 136 min)
standardize_covariates: standardized 2 covariate(s) in long_formula (age: centre -0.1962, scale 10.08, implied intercept correlation -0.02; sex: centre 0.4756, scale 0.4995, implied intercept correlation -0.69). Coefficients are returned on the ORIGINAL scale. Set control$standardize_covariates = FALSE to disable.
sys:1: RuntimeWarning: orthogonalize_b: b[:,0] <- 3 direction(s) from X columns [0, 2, 3]; b[:,1] <- 1 direction(s) from X columns [1]
  [linear r022 E]  15.0s  rhat_reg 1.001  div 0  (18/552, 4.6 min, ETA 136 min)
standardize_covariates: standardized 2 covariate(s) in long_formula (age: centre -0.7377, scale 9.959, implied intercept correlation -0.07; sex: centre 0.5104, scale 0.5, implied intercept correlation -0.71). Coefficients are returned on the ORIGINAL scale. Set control$standardize_covariates = FALSE to disable.
  [linear r023 A]  15.2s  rhat_reg 1.011  div 0  (19/552, 4.8 min, ETA 136 min)
standardize_covariates: standardized 2 covariate(s) in long_formula (age: centre -0.7377, scale 9.959, implied intercept correlation -0.07; sex: centre 0.5104, scale 0.5, implied intercept correlation -0.71). Coefficients are returned on the ORIGINAL scale. Set control$standardize_covariates = FALSE to disable.
sys:1: RuntimeWarning: orthogonalize_b: b[:,0] <- 3 direction(s) from X columns [0, 2, 3]; b[:,1] <- no basis (unconstrained)
  [linear r023 D]  15.3s  rhat_reg 1.006  div 0  (20/552, 5.1 min, ETA 135 min)
standardize_covariates: standardized 2 covariate(s) in long_formula (age: centre -0.7377, scale 9.959, implied intercept correlation -0.07; sex: centre 0.5104, scale 0.5, implied intercept correlation -0.71). Coefficients are returned on the ORIGINAL scale. Set control$standardize_covariates = FALSE to disable.
sys:1: RuntimeWarning: orthogonalize_b: b[:,0] <- 3 direction(s) from X columns [0, 2, 3]; b[:,1] <- 1 direction(s) from X columns [1]
  [linear r023 E]  15.1s  rhat_reg 1.000  div 0  (21/552, 5.3 min, ETA 135 min)
standardize_covariates: standardized 2 covariate(s) in long_formula (age: centre -0.8279, scale 10.61, implied intercept correlation -0.08; sex: centre 0.5481, scale 0.4978, implied intercept correlation -0.74). Coefficients are returned on the ORIGINAL scale. Set control$standardize_covariates = FALSE to disable.
  [linear r024 A]  14.4s  rhat_reg 1.013  div 0  (22/552, 5.6 min, ETA 135 min)
standardize_covariates: standardized 2 covariate(s) in long_formula (age: centre -0.8279, scale 10.61, implied intercept correlation -0.08; sex: centre 0.5481, scale 0.4978, implied intercept correlation -0.74). Coefficients are returned on the ORIGINAL scale. Set control$standardize_covariates = FALSE to disable.
sys:1: RuntimeWarning: orthogonalize_b: b[:,0] <- 3 direction(s) from X columns [0, 2, 3]; b[:,1] <- no basis (unconstrained)
  [linear r024 D]  15.3s  rhat_reg 1.030  div 0  (23/552, 5.8 min, ETA 134 min)
standardize_covariates: standardized 2 covariate(s) in long_formula (age: centre -0.8279, scale 10.61, implied intercept correlation -0.08; sex: centre 0.5481, scale 0.4978, implied intercept correlation -0.74). Coefficients are returned on the ORIGINAL scale. Set control$standardize_covariates = FALSE to disable.
sys:1: RuntimeWarning: orthogonalize_b: b[:,0] <- 3 direction(s) from X columns [0, 2, 3]; b[:,1] <- 1 direction(s) from X columns [1]
  [linear r024 E]  15.7s  rhat_reg 1.000  div 0  (24/552, 6.1 min, ETA 134 min)
standardize_covariates: standardized 2 covariate(s) in long_formula (age: centre -1.277, scale 9.832, implied intercept correlation -0.13; sex: centre 0.4583, scale 0.4984, implied intercept correlation -0.68). Coefficients are returned on the ORIGINAL scale. Set control$standardize_covariates = FALSE to disable.
  [linear r025 A]  14.4s  rhat_reg 1.014  div 0  (25/552, 6.3 min, ETA 134 min)
standardize_covariates: standardized 2 covariate(s) in long_formula (age: centre -1.277, scale 9.832, implied intercept correlation -0.13; sex: centre 0.4583, scale 0.4984, implied intercept correlation -0.68). Coefficients are returned on the ORIGINAL scale. Set control$standardize_covariates = FALSE to disable.
sys:1: RuntimeWarning: orthogonalize_b: b[:,0] <- 3 direction(s) from X columns [0, 2, 3]; b[:,1] <- no basis (unconstrained)
  [linear r025 D]  15.3s  rhat_reg 1.003  div 0  (26/552, 6.6 min, ETA 134 min)
standardize_covariates: standardized 2 covariate(s) in long_formula (age: centre -1.277, scale 9.832, implied intercept correlation -0.13; sex: centre 0.4583, scale 0.4984, implied intercept correlation -0.68). Coefficients are returned on the ORIGINAL scale. Set control$standardize_covariates = FALSE to disable.
sys:1: RuntimeWarning: orthogonalize_b: b[:,0] <- 3 direction(s) from X columns [0, 2, 3]; b[:,1] <- 1 direction(s) from X columns [1]
  [linear r025 E]  14.3s  rhat_reg 1.001  div 0  (27/552, 6.8 min, ETA 133 min)
standardize_covariates: standardized 2 covariate(s) in long_formula (age: centre 0.1332, scale 9.548, implied intercept correlation -0.01; sex: centre 0.4898, scale 0.5, implied intercept correlation -0.70). Coefficients are returned on the ORIGINAL scale. Set control$standardize_covariates = FALSE to disable.
  [linear r026 A]  13.2s  rhat_reg 1.016  div 0  (28/552, 7.1 min, ETA 132 min)
standardize_covariates: standardized 2 covariate(s) in long_formula (age: centre 0.1332, scale 9.548, implied intercept correlation -0.01; sex: centre 0.4898, scale 0.5, implied intercept correlation -0.70). Coefficients are returned on the ORIGINAL scale. Set control$standardize_covariates = FALSE to disable.
sys:1: RuntimeWarning: orthogonalize_b: b[:,0] <- 3 direction(s) from X columns [0, 2, 3]; b[:,1] <- no basis (unconstrained)
  [linear r026 D]  11.2s  rhat_reg 1.002  div 0  (29/552, 7.3 min, ETA 131 min)
standardize_covariates: standardized 2 covariate(s) in long_formula (age: centre 0.1332, scale 9.548, implied intercept correlation -0.01; sex: centre 0.4898, scale 0.5, implied intercept correlation -0.70). Coefficients are returned on the ORIGINAL scale. Set control$standardize_covariates = FALSE to disable.
sys:1: RuntimeWarning: orthogonalize_b: b[:,0] <- 3 direction(s) from X columns [0, 2, 3]; b[:,1] <- 1 direction(s) from X columns [1]
  [linear r026 E]  10.7s  rhat_reg 1.001  div 0  (30/552, 7.4 min, ETA 129 min)
standardize_covariates: standardized 2 covariate(s) in long_formula (age: centre 0.2567, scale 9.71, implied intercept correlation -0.03; sex: centre 0.4813, scale 0.4997, implied intercept correlation -0.69). Coefficients are returned on the ORIGINAL scale. Set control$standardize_covariates = FALSE to disable.
  [linear r027 A]  14.3s  rhat_reg 1.024  div 0  (31/552, 7.7 min, ETA 129 min)
standardize_covariates: standardized 2 covariate(s) in long_formula (age: centre 0.2567, scale 9.71, implied intercept correlation -0.03; sex: centre 0.4813, scale 0.4997, implied intercept correlation -0.69). Coefficients are returned on the ORIGINAL scale. Set control$standardize_covariates = FALSE to disable.
sys:1: RuntimeWarning: orthogonalize_b: b[:,0] <- 3 direction(s) from X columns [0, 2, 3]; b[:,1] <- no basis (unconstrained)
  [linear r027 D]  14.5s  rhat_reg 1.020  div 0  (32/552, 7.9 min, ETA 129 min)
standardize_covariates: standardized 2 covariate(s) in long_formula (age: centre 0.2567, scale 9.71, implied intercept correlation -0.03; sex: centre 0.4813, scale 0.4997, implied intercept correlation -0.69). Coefficients are returned on the ORIGINAL scale. Set control$standardize_covariates = FALSE to disable.
sys:1: RuntimeWarning: orthogonalize_b: b[:,0] <- 3 direction(s) from X columns [0, 2, 3]; b[:,1] <- 1 direction(s) from X columns [1]
  [linear r027 E]  13.7s  rhat_reg 1.002  div 0  (33/552, 8.1 min, ETA 128 min)
standardize_covariates: standardized 2 covariate(s) in long_formula (age: centre 0.3149, scale 9.946, implied intercept correlation -0.03; sex: centre 0.4683, scale 0.4991, implied intercept correlation -0.68). Coefficients are returned on the ORIGINAL scale. Set control$standardize_covariates = FALSE to disable.
  [linear r028 A]  14.0s  rhat_reg 1.012  div 0  (34/552, 8.4 min, ETA 128 min)
standardize_covariates: standardized 2 covariate(s) in long_formula (age: centre 0.3149, scale 9.946, implied intercept correlation -0.03; sex: centre 0.4683, scale 0.4991, implied intercept correlation -0.68). Coefficients are returned on the ORIGINAL scale. Set control$standardize_covariates = FALSE to disable.
sys:1: RuntimeWarning: orthogonalize_b: b[:,0] <- 3 direction(s) from X columns [0, 2, 3]; b[:,1] <- no basis (unconstrained)
  [linear r028 D]  13.8s  rhat_reg 1.014  div 0  (35/552, 8.6 min, ETA 127 min)
standardize_covariates: standardized 2 covariate(s) in long_formula (age: centre 0.3149, scale 9.946, implied intercept correlation -0.03; sex: centre 0.4683, scale 0.4991, implied intercept correlation -0.68). Coefficients are returned on the ORIGINAL scale. Set control$standardize_covariates = FALSE to disable.
sys:1: RuntimeWarning: orthogonalize_b: b[:,0] <- 3 direction(s) from X columns [0, 2, 3]; b[:,1] <- 1 direction(s) from X columns [1]
  [linear r028 E]  13.2s  rhat_reg 1.001  div 0  (36/552, 8.8 min, ETA 127 min)
standardize_covariates: standardized 2 covariate(s) in long_formula (age: centre 0.5404, scale 10.08, implied intercept correlation -0.05; sex: centre 0.4518, scale 0.4978, implied intercept correlation -0.67). Coefficients are returned on the ORIGINAL scale. Set control$standardize_covariates = FALSE to disable.
  [linear r029 A]  14.3s  rhat_reg 1.005  div 0  (37/552, 9.1 min, ETA 126 min)
standardize_covariates: standardized 2 covariate(s) in long_formula (age: centre 0.5404, scale 10.08, implied intercept correlation -0.05; sex: centre 0.4518, scale 0.4978, implied intercept correlation -0.67). Coefficients are returned on the ORIGINAL scale. Set control$standardize_covariates = FALSE to disable.
sys:1: RuntimeWarning: orthogonalize_b: b[:,0] <- 3 direction(s) from X columns [0, 2, 3]; b[:,1] <- no basis (unconstrained)
  [linear r029 D]  13.6s  rhat_reg 1.004  div 0  (38/552, 9.3 min, ETA 126 min)
standardize_covariates: standardized 2 covariate(s) in long_formula (age: centre 0.5404, scale 10.08, implied intercept correlation -0.05; sex: centre 0.4518, scale 0.4978, implied intercept correlation -0.67). Coefficients are returned on the ORIGINAL scale. Set control$standardize_covariates = FALSE to disable.
sys:1: RuntimeWarning: orthogonalize_b: b[:,0] <- 3 direction(s) from X columns [0, 2, 3]; b[:,1] <- 1 direction(s) from X columns [1]
  [linear r029 E]  14.6s  rhat_reg 1.000  div 0  (39/552, 9.5 min, ETA 126 min)
standardize_covariates: standardized 2 covariate(s) in long_formula (age: centre -0.6723, scale 9.987, implied intercept correlation -0.07; sex: centre 0.4915, scale 0.5, implied intercept correlation -0.70). Coefficients are returned on the ORIGINAL scale. Set control$standardize_covariates = FALSE to disable.
  [linear r030 A]  14.1s  rhat_reg 1.007  div 0  (40/552, 9.8 min, ETA 125 min)
standardize_covariates: standardized 2 covariate(s) in long_formula (age: centre -0.6723, scale 9.987, implied intercept correlation -0.07; sex: centre 0.4915, scale 0.5, implied intercept correlation -0.70). Coefficients are returned on the ORIGINAL scale. Set control$standardize_covariates = FALSE to disable.
sys:1: RuntimeWarning: orthogonalize_b: b[:,0] <- 3 direction(s) from X columns [0, 2, 3]; b[:,1] <- no basis (unconstrained)
  [linear r030 D]  15.2s  rhat_reg 1.008  div 0  (41/552, 10.0 min, ETA 125 min)
standardize_covariates: standardized 2 covariate(s) in long_formula (age: centre -0.6723, scale 9.987, implied intercept correlation -0.07; sex: centre 0.4915, scale 0.5, implied intercept correlation -0.70). Coefficients are returned on the ORIGINAL scale. Set control$standardize_covariates = FALSE to disable.
sys:1: RuntimeWarning: orthogonalize_b: b[:,0] <- 3 direction(s) from X columns [0, 2, 3]; b[:,1] <- 1 direction(s) from X columns [1]
  [linear r030 E]  14.5s  rhat_reg 1.001  div 0  (42/552, 10.3 min, ETA 125 min)
standardize_covariates: standardized 2 covariate(s) in long_formula (age: centre -1.023, scale 10.26, implied intercept correlation -0.10; sex: centre 0.5314, scale 0.4991, implied intercept correlation -0.73). Coefficients are returned on the ORIGINAL scale. Set control$standardize_covariates = FALSE to disable.
  [linear r031 A]  13.7s  rhat_reg 1.012  div 0  (43/552, 10.5 min, ETA 124 min)
standardize_covariates: standardized 2 covariate(s) in long_formula (age: centre -1.023, scale 10.26, implied intercept correlation -0.10; sex: centre 0.5314, scale 0.4991, implied intercept correlation -0.73). Coefficients are returned on the ORIGINAL scale. Set control$standardize_covariates = FALSE to disable.
sys:1: RuntimeWarning: orthogonalize_b: b[:,0] <- 3 direction(s) from X columns [0, 2, 3]; b[:,1] <- no basis (unconstrained)
  [linear r031 D]  14.0s  rhat_reg 1.006  div 0  (44/552, 10.8 min, ETA 124 min)
standardize_covariates: standardized 2 covariate(s) in long_formula (age: centre -1.023, scale 10.26, implied intercept correlation -0.10; sex: centre 0.5314, scale 0.4991, implied intercept correlation -0.73). Coefficients are returned on the ORIGINAL scale. Set control$standardize_covariates = FALSE to disable.
sys:1: RuntimeWarning: orthogonalize_b: b[:,0] <- 3 direction(s) from X columns [0, 2, 3]; b[:,1] <- 1 direction(s) from X columns [1]
  [linear r031 E]  13.7s  rhat_reg 1.000  div 0  (45/552, 11.0 min, ETA 124 min)
standardize_covariates: standardized 2 covariate(s) in long_formula (age: centre 0.4759, scale 10.31, implied intercept correlation -0.05; sex: centre 0.52, scale 0.4997, implied intercept correlation -0.72). Coefficients are returned on the ORIGINAL scale. Set control$standardize_covariates = FALSE to disable.
  [linear r032 A]  13.8s  rhat_reg 1.007  div 0  (46/552, 11.2 min, ETA 123 min)
standardize_covariates: standardized 2 covariate(s) in long_formula (age: centre 0.4759, scale 10.31, implied intercept correlation -0.05; sex: centre 0.52, scale 0.4997, implied intercept correlation -0.72). Coefficients are returned on the ORIGINAL scale. Set control$standardize_covariates = FALSE to disable.
sys:1: RuntimeWarning: orthogonalize_b: b[:,0] <- 3 direction(s) from X columns [0, 2, 3]; b[:,1] <- no basis (unconstrained)
  [linear r032 D]  14.0s  rhat_reg 1.004  div 0  (47/552, 11.4 min, ETA 123 min)
standardize_covariates: standardized 2 covariate(s) in long_formula (age: centre 0.4759, scale 10.31, implied intercept correlation -0.05; sex: centre 0.52, scale 0.4997, implied intercept correlation -0.72). Coefficients are returned on the ORIGINAL scale. Set control$standardize_covariates = FALSE to disable.
sys:1: RuntimeWarning: orthogonalize_b: b[:,0] <- 3 direction(s) from X columns [0, 2, 3]; b[:,1] <- 1 direction(s) from X columns [1]
  [linear r032 E]  14.9s  rhat_reg 1.001  div 0  (48/552, 11.7 min, ETA 123 min)
standardize_covariates: standardized 2 covariate(s) in long_formula (age: centre -0.07318, scale 10.27, implied intercept correlation -0.01; sex: centre 0.5206, scale 0.4997, implied intercept correlation -0.72). Coefficients are returned on the ORIGINAL scale. Set control$standardize_covariates = FALSE to disable.
  [linear r033 A]  13.8s  rhat_reg 1.041  div 0  (49/552, 11.9 min, ETA 122 min)
standardize_covariates: standardized 2 covariate(s) in long_formula (age: centre -0.07318, scale 10.27, implied intercept correlation -0.01; sex: centre 0.5206, scale 0.4997, implied intercept correlation -0.72). Coefficients are returned on the ORIGINAL scale. Set control$standardize_covariates = FALSE to disable.
sys:1: RuntimeWarning: orthogonalize_b: b[:,0] <- 3 direction(s) from X columns [0, 2, 3]; b[:,1] <- no basis (unconstrained)
  [linear r033 D]  14.1s  rhat_reg 1.048  div 0  (50/552, 12.2 min, ETA 122 min)
standardize_covariates: standardized 2 covariate(s) in long_formula (age: centre -0.07318, scale 10.27, implied intercept correlation -0.01; sex: centre 0.5206, scale 0.4997, implied intercept correlation -0.72). Coefficients are returned on the ORIGINAL scale. Set control$standardize_covariates = FALSE to disable.
sys:1: RuntimeWarning: orthogonalize_b: b[:,0] <- 3 direction(s) from X columns [0, 2, 3]; b[:,1] <- 1 direction(s) from X columns [1]
  [linear r033 E]  14.2s  rhat_reg 1.001  div 0  (51/552, 12.4 min, ETA 122 min)
standardize_covariates: standardized 2 covariate(s) in long_formula (age: centre -0.9706, scale 9.93, implied intercept correlation -0.10; sex: centre 0.4325, scale 0.4955, implied intercept correlation -0.66). Coefficients are returned on the ORIGINAL scale. Set control$standardize_covariates = FALSE to disable.
  [linear r034 A]  14.2s  rhat_reg 1.041  div 0  (52/552, 12.6 min, ETA 122 min)
standardize_covariates: standardized 2 covariate(s) in long_formula (age: centre -0.9706, scale 9.93, implied intercept correlation -0.10; sex: centre 0.4325, scale 0.4955, implied intercept correlation -0.66). Coefficients are returned on the ORIGINAL scale. Set control$standardize_covariates = FALSE to disable.
sys:1: RuntimeWarning: orthogonalize_b: b[:,0] <- 3 direction(s) from X columns [0, 2, 3]; b[:,1] <- no basis (unconstrained)
  [linear r034 D]  14.9s  rhat_reg 1.012  div 0  (53/552, 12.9 min, ETA 121 min)
standardize_covariates: standardized 2 covariate(s) in long_formula (age: centre -0.9706, scale 9.93, implied intercept correlation -0.10; sex: centre 0.4325, scale 0.4955, implied intercept correlation -0.66). Coefficients are returned on the ORIGINAL scale. Set control$standardize_covariates = FALSE to disable.
sys:1: RuntimeWarning: orthogonalize_b: b[:,0] <- 3 direction(s) from X columns [0, 2, 3]; b[:,1] <- 1 direction(s) from X columns [1]
  [linear r034 E]  14.1s  rhat_reg 1.000  div 0  (54/552, 13.1 min, ETA 121 min)
standardize_covariates: standardized 2 covariate(s) in long_formula (age: centre -0.1917, scale 9.554, implied intercept correlation -0.02; sex: centre 0.5137, scale 0.4999, implied intercept correlation -0.72). Coefficients are returned on the ORIGINAL scale. Set control$standardize_covariates = FALSE to disable.
  [linear r035 A]  13.8s  rhat_reg 1.010  div 0  (55/552, 13.4 min, ETA 121 min)
standardize_covariates: standardized 2 covariate(s) in long_formula (age: centre -0.1917, scale 9.554, implied intercept correlation -0.02; sex: centre 0.5137, scale 0.4999, implied intercept correlation -0.72). Coefficients are returned on the ORIGINAL scale. Set control$standardize_covariates = FALSE to disable.
sys:1: RuntimeWarning: orthogonalize_b: b[:,0] <- 3 direction(s) from X columns [0, 2, 3]; b[:,1] <- no basis (unconstrained)
  [linear r035 D]  14.1s  rhat_reg 1.008  div 0  (56/552, 13.6 min, ETA 120 min)
standardize_covariates: standardized 2 covariate(s) in long_formula (age: centre -0.1917, scale 9.554, implied intercept correlation -0.02; sex: centre 0.5137, scale 0.4999, implied intercept correlation -0.72). Coefficients are returned on the ORIGINAL scale. Set control$standardize_covariates = FALSE to disable.
sys:1: RuntimeWarning: orthogonalize_b: b[:,0] <- 3 direction(s) from X columns [0, 2, 3]; b[:,1] <- 1 direction(s) from X columns [1]
  [linear r035 E]  14.0s  rhat_reg 1.001  div 0  (57/552, 13.8 min, ETA 120 min)
standardize_covariates: standardized 2 covariate(s) in long_formula (age: centre -0.1844, scale 9.846, implied intercept correlation -0.02; sex: centre 0.5085, scale 0.5, implied intercept correlation -0.71). Coefficients are returned on the ORIGINAL scale. Set control$standardize_covariates = FALSE to disable.
  [linear r036 A]  14.1s  rhat_reg 1.008  div 0  (58/552, 14.1 min, ETA 120 min)
standardize_covariates: standardized 2 covariate(s) in long_formula (age: centre -0.1844, scale 9.846, implied intercept correlation -0.02; sex: centre 0.5085, scale 0.5, implied intercept correlation -0.71). Coefficients are returned on the ORIGINAL scale. Set control$standardize_covariates = FALSE to disable.
sys:1: RuntimeWarning: orthogonalize_b: b[:,0] <- 3 direction(s) from X columns [0, 2, 3]; b[:,1] <- no basis (unconstrained)
  [linear r036 D]  14.5s  rhat_reg 1.005  div 0  (59/552, 14.3 min, ETA 120 min)
standardize_covariates: standardized 2 covariate(s) in long_formula (age: centre -0.1844, scale 9.846, implied intercept correlation -0.02; sex: centre 0.5085, scale 0.5, implied intercept correlation -0.71). Coefficients are returned on the ORIGINAL scale. Set control$standardize_covariates = FALSE to disable.
sys:1: RuntimeWarning: orthogonalize_b: b[:,0] <- 3 direction(s) from X columns [0, 2, 3]; b[:,1] <- 1 direction(s) from X columns [1]
  [linear r036 E]  14.1s  rhat_reg 1.000  div 0  (60/552, 14.5 min, ETA 119 min)
standardize_covariates: standardized 2 covariate(s) in long_formula (age: centre 0.3113, scale 10.21, implied intercept correlation -0.03; sex: centre 0.4915, scale 0.5, implied intercept correlation -0.70). Coefficients are returned on the ORIGINAL scale. Set control$standardize_covariates = FALSE to disable.
  [linear r037 A]  13.9s  rhat_reg 1.008  div 0  (61/552, 14.8 min, ETA 119 min)
standardize_covariates: standardized 2 covariate(s) in long_formula (age: centre 0.3113, scale 10.21, implied intercept correlation -0.03; sex: centre 0.4915, scale 0.5, implied intercept correlation -0.70). Coefficients are returned on the ORIGINAL scale. Set control$standardize_covariates = FALSE to disable.
sys:1: RuntimeWarning: orthogonalize_b: b[:,0] <- 3 direction(s) from X columns [0, 2, 3]; b[:,1] <- no basis (unconstrained)
  [linear r037 D]  15.9s  rhat_reg 1.004  div 0  (62/552, 15.0 min, ETA 119 min)
standardize_covariates: standardized 2 covariate(s) in long_formula (age: centre 0.3113, scale 10.21, implied intercept correlation -0.03; sex: centre 0.4915, scale 0.5, implied intercept correlation -0.70). Coefficients are returned on the ORIGINAL scale. Set control$standardize_covariates = FALSE to disable.
sys:1: RuntimeWarning: orthogonalize_b: b[:,0] <- 3 direction(s) from X columns [0, 2, 3]; b[:,1] <- 1 direction(s) from X columns [1]
  [linear r037 E]  15.4s  rhat_reg 1.001  div 0  (63/552, 15.3 min, ETA 119 min)
standardize_covariates: standardized 2 covariate(s) in long_formula (age: centre 0.05292, scale 9.747, implied intercept correlation -0.01; sex: centre 0.4339, scale 0.4957, implied intercept correlation -0.66). Coefficients are returned on the ORIGINAL scale. Set control$standardize_covariates = FALSE to disable.
  [linear r038 A]  15.3s  rhat_reg 1.026  div 0  (64/552, 15.6 min, ETA 119 min)
standardize_covariates: standardized 2 covariate(s) in long_formula (age: centre 0.05292, scale 9.747, implied intercept correlation -0.01; sex: centre 0.4339, scale 0.4957, implied intercept correlation -0.66). Coefficients are returned on the ORIGINAL scale. Set control$standardize_covariates = FALSE to disable.
sys:1: RuntimeWarning: orthogonalize_b: b[:,0] <- 3 direction(s) from X columns [0, 2, 3]; b[:,1] <- no basis (unconstrained)
  [linear r038 D]  14.5s  rhat_reg 1.019  div 0  (65/552, 15.8 min, ETA 118 min)
standardize_covariates: standardized 2 covariate(s) in long_formula (age: centre 0.05292, scale 9.747, implied intercept correlation -0.01; sex: centre 0.4339, scale 0.4957, implied intercept correlation -0.66). Coefficients are returned on the ORIGINAL scale. Set control$standardize_covariates = FALSE to disable.
sys:1: RuntimeWarning: orthogonalize_b: b[:,0] <- 3 direction(s) from X columns [0, 2, 3]; b[:,1] <- 1 direction(s) from X columns [1]
  [linear r038 E]  15.6s  rhat_reg 1.003  div 0  (66/552, 16.1 min, ETA 118 min)
standardize_covariates: standardized 2 covariate(s) in long_formula (age: centre 0.258, scale 10.38, implied intercept correlation -0.02; sex: centre 0.4896, scale 0.5, implied intercept correlation -0.70). Coefficients are returned on the ORIGINAL scale. Set control$standardize_covariates = FALSE to disable.
  [linear r039 A]  14.0s  rhat_reg 1.013  div 0  (67/552, 16.3 min, ETA 118 min)
standardize_covariates: standardized 2 covariate(s) in long_formula (age: centre 0.258, scale 10.38, implied intercept correlation -0.02; sex: centre 0.4896, scale 0.5, implied intercept correlation -0.70). Coefficients are returned on the ORIGINAL scale. Set control$standardize_covariates = FALSE to disable.
sys:1: RuntimeWarning: orthogonalize_b: b[:,0] <- 3 direction(s) from X columns [0, 2, 3]; b[:,1] <- no basis (unconstrained)
  [linear r039 D]  13.2s  rhat_reg 1.009  div 0  (68/552, 16.5 min, ETA 118 min)
standardize_covariates: standardized 2 covariate(s) in long_formula (age: centre 0.258, scale 10.38, implied intercept correlation -0.02; sex: centre 0.4896, scale 0.5, implied intercept correlation -0.70). Coefficients are returned on the ORIGINAL scale. Set control$standardize_covariates = FALSE to disable.
sys:1: RuntimeWarning: orthogonalize_b: b[:,0] <- 3 direction(s) from X columns [0, 2, 3]; b[:,1] <- 1 direction(s) from X columns [1]
  [linear r039 E]  15.4s  rhat_reg 1.000  div 0  (69/552, 16.8 min, ETA 117 min)
standardize_covariates: standardized 2 covariate(s) in long_formula (age: centre -0.2842, scale 10.07, implied intercept correlation -0.03; sex: centre 0.4768, scale 0.4996, implied intercept correlation -0.69). Coefficients are returned on the ORIGINAL scale. Set control$standardize_covariates = FALSE to disable.
  [linear r040 A]  12.9s  rhat_reg 1.013  div 0  (70/552, 17.0 min, ETA 117 min)
standardize_covariates: standardized 2 covariate(s) in long_formula (age: centre -0.2842, scale 10.07, implied intercept correlation -0.03; sex: centre 0.4768, scale 0.4996, implied intercept correlation -0.69). Coefficients are returned on the ORIGINAL scale. Set control$standardize_covariates = FALSE to disable.
sys:1: RuntimeWarning: orthogonalize_b: b[:,0] <- 3 direction(s) from X columns [0, 2, 3]; b[:,1] <- no basis (unconstrained)
  [linear r040 D]  15.3s  rhat_reg 1.019  div 0  (71/552, 17.3 min, ETA 117 min)
standardize_covariates: standardized 2 covariate(s) in long_formula (age: centre -0.2842, scale 10.07, implied intercept correlation -0.03; sex: centre 0.4768, scale 0.4996, implied intercept correlation -0.69). Coefficients are returned on the ORIGINAL scale. Set control$standardize_covariates = FALSE to disable.
sys:1: RuntimeWarning: orthogonalize_b: b[:,0] <- 3 direction(s) from X columns [0, 2, 3]; b[:,1] <- 1 direction(s) from X columns [1]
  [linear r040 E]  12.8s  rhat_reg 1.000  div 0  (72/552, 17.5 min, ETA 116 min)
standardize_covariates: standardized 2 covariate(s) in long_formula (age: centre -1.379, scale 9.953, implied intercept correlation -0.14; sex: centre 0.4928, scale 0.5, implied intercept correlation -0.70). Coefficients are returned on the ORIGINAL scale. Set control$standardize_covariates = FALSE to disable.
  [linear r041 A]  15.3s  rhat_reg 1.009  div 0  (73/552, 17.7 min, ETA 116 min)
standardize_covariates: standardized 2 covariate(s) in long_formula (age: centre -1.379, scale 9.953, implied intercept correlation -0.14; sex: centre 0.4928, scale 0.5, implied intercept correlation -0.70). Coefficients are returned on the ORIGINAL scale. Set control$standardize_covariates = FALSE to disable.
sys:1: RuntimeWarning: orthogonalize_b: b[:,0] <- 3 direction(s) from X columns [0, 2, 3]; b[:,1] <- no basis (unconstrained)
  [linear r041 D]  13.4s  rhat_reg 1.005  div 0  (74/552, 18.0 min, ETA 116 min)
standardize_covariates: standardized 2 covariate(s) in long_formula (age: centre -1.379, scale 9.953, implied intercept correlation -0.14; sex: centre 0.4928, scale 0.5, implied intercept correlation -0.70). Coefficients are returned on the ORIGINAL scale. Set control$standardize_covariates = FALSE to disable.
sys:1: RuntimeWarning: orthogonalize_b: b[:,0] <- 3 direction(s) from X columns [0, 2, 3]; b[:,1] <- 1 direction(s) from X columns [1]
  [linear r041 E]  14.2s  rhat_reg 1.001  div 0  (75/552, 18.2 min, ETA 116 min)
standardize_covariates: standardized 2 covariate(s) in long_formula (age: centre 0.1413, scale 9.417, implied intercept correlation -0.02; sex: centre 0.4664, scale 0.499, implied intercept correlation -0.68). Coefficients are returned on the ORIGINAL scale. Set control$standardize_covariates = FALSE to disable.
  [linear r042 A]  13.2s  rhat_reg 1.018  div 0  (76/552, 18.4 min, ETA 115 min)
standardize_covariates: standardized 2 covariate(s) in long_formula (age: centre 0.1413, scale 9.417, implied intercept correlation -0.02; sex: centre 0.4664, scale 0.499, implied intercept correlation -0.68). Coefficients are returned on the ORIGINAL scale. Set control$standardize_covariates = FALSE to disable.
sys:1: RuntimeWarning: orthogonalize_b: b[:,0] <- 3 direction(s) from X columns [0, 2, 3]; b[:,1] <- no basis (unconstrained)
  [linear r042 D]  14.8s  rhat_reg 1.005  div 0  (77/552, 18.7 min, ETA 115 min)
standardize_covariates: standardized 2 covariate(s) in long_formula (age: centre 0.1413, scale 9.417, implied intercept correlation -0.02; sex: centre 0.4664, scale 0.499, implied intercept correlation -0.68). Coefficients are returned on the ORIGINAL scale. Set control$standardize_covariates = FALSE to disable.
sys:1: RuntimeWarning: orthogonalize_b: b[:,0] <- 3 direction(s) from X columns [0, 2, 3]; b[:,1] <- 1 direction(s) from X columns [1]
  [linear r042 E]  14.6s  rhat_reg 1.000  div 0  (78/552, 18.9 min, ETA 115 min)
standardize_covariates: standardized 2 covariate(s) in long_formula (age: centre -0.03174, scale 9.43, implied intercept correlation -0.00; sex: centre 0.4696, scale 0.4992, implied intercept correlation -0.69). Coefficients are returned on the ORIGINAL scale. Set control$standardize_covariates = FALSE to disable.
  [linear r043 A]  15.4s  rhat_reg 1.023  div 0  (79/552, 19.2 min, ETA 115 min)
standardize_covariates: standardized 2 covariate(s) in long_formula (age: centre -0.03174, scale 9.43, implied intercept correlation -0.00; sex: centre 0.4696, scale 0.4992, implied intercept correlation -0.69). Coefficients are returned on the ORIGINAL scale. Set control$standardize_covariates = FALSE to disable.
sys:1: RuntimeWarning: orthogonalize_b: b[:,0] <- 3 direction(s) from X columns [0, 2, 3]; b[:,1] <- no basis (unconstrained)
  [linear r043 D]  13.4s  rhat_reg 1.013  div 0  (80/552, 19.4 min, ETA 114 min)
standardize_covariates: standardized 2 covariate(s) in long_formula (age: centre -0.03174, scale 9.43, implied intercept correlation -0.00; sex: centre 0.4696, scale 0.4992, implied intercept correlation -0.69). Coefficients are returned on the ORIGINAL scale. Set control$standardize_covariates = FALSE to disable.
sys:1: RuntimeWarning: orthogonalize_b: b[:,0] <- 3 direction(s) from X columns [0, 2, 3]; b[:,1] <- 1 direction(s) from X columns [1]
  [linear r043 E]  14.3s  rhat_reg 1.000  div 0  (81/552, 19.6 min, ETA 114 min)
standardize_covariates: standardized 2 covariate(s) in long_formula (age: centre 0.4837, scale 10.19, implied intercept correlation -0.05; sex: centre 0.5563, scale 0.4969, implied intercept correlation -0.75). Coefficients are returned on the ORIGINAL scale. Set control$standardize_covariates = FALSE to disable.
  [linear r044 A]  14.2s  rhat_reg 1.011  div 0  (82/552, 19.9 min, ETA 114 min)
standardize_covariates: standardized 2 covariate(s) in long_formula (age: centre 0.4837, scale 10.19, implied intercept correlation -0.05; sex: centre 0.5563, scale 0.4969, implied intercept correlation -0.75). Coefficients are returned on the ORIGINAL scale. Set control$standardize_covariates = FALSE to disable.
sys:1: RuntimeWarning: orthogonalize_b: b[:,0] <- 3 direction(s) from X columns [0, 2, 3]; b[:,1] <- no basis (unconstrained)
  [linear r044 D]  14.6s  rhat_reg 1.013  div 0  (83/552, 20.1 min, ETA 114 min)
standardize_covariates: standardized 2 covariate(s) in long_formula (age: centre 0.4837, scale 10.19, implied intercept correlation -0.05; sex: centre 0.5563, scale 0.4969, implied intercept correlation -0.75). Coefficients are returned on the ORIGINAL scale. Set control$standardize_covariates = FALSE to disable.
sys:1: RuntimeWarning: orthogonalize_b: b[:,0] <- 3 direction(s) from X columns [0, 2, 3]; b[:,1] <- 1 direction(s) from X columns [1]
  [linear r044 E]  14.4s  rhat_reg 1.001  div 0  (84/552, 20.4 min, ETA 113 min)
standardize_covariates: standardized 2 covariate(s) in long_formula (age: centre 0.4286, scale 10.65, implied intercept correlation -0.04; sex: centre 0.4733, scale 0.4994, implied intercept correlation -0.69). Coefficients are returned on the ORIGINAL scale. Set control$standardize_covariates = FALSE to disable.
  [linear r045 A]  14.4s  rhat_reg 1.015  div 0  (85/552, 20.6 min, ETA 113 min)
standardize_covariates: standardized 2 covariate(s) in long_formula (age: centre 0.4286, scale 10.65, implied intercept correlation -0.04; sex: centre 0.4733, scale 0.4994, implied intercept correlation -0.69). Coefficients are returned on the ORIGINAL scale. Set control$standardize_covariates = FALSE to disable.
sys:1: RuntimeWarning: orthogonalize_b: b[:,0] <- 3 direction(s) from X columns [0, 2, 3]; b[:,1] <- no basis (unconstrained)
  [linear r045 D]  14.3s  rhat_reg 1.015  div 0  (86/552, 20.8 min, ETA 113 min)
standardize_covariates: standardized 2 covariate(s) in long_formula (age: centre 0.4286, scale 10.65, implied intercept correlation -0.04; sex: centre 0.4733, scale 0.4994, implied intercept correlation -0.69). Coefficients are returned on the ORIGINAL scale. Set control$standardize_covariates = FALSE to disable.
sys:1: RuntimeWarning: orthogonalize_b: b[:,0] <- 3 direction(s) from X columns [0, 2, 3]; b[:,1] <- 1 direction(s) from X columns [1]
  [linear r045 E]  14.7s  rhat_reg 1.000  div 0  (87/552, 21.1 min, ETA 113 min)
standardize_covariates: standardized 2 covariate(s) in long_formula (age: centre -0.9188, scale 9.68, implied intercept correlation -0.09; sex: centre 0.5017, scale 0.5001, implied intercept correlation -0.71). Coefficients are returned on the ORIGINAL scale. Set control$standardize_covariates = FALSE to disable.
  [linear r046 A]  14.7s  rhat_reg 1.015  div 0  (88/552, 21.3 min, ETA 112 min)
standardize_covariates: standardized 2 covariate(s) in long_formula (age: centre -0.9188, scale 9.68, implied intercept correlation -0.09; sex: centre 0.5017, scale 0.5001, implied intercept correlation -0.71). Coefficients are returned on the ORIGINAL scale. Set control$standardize_covariates = FALSE to disable.
sys:1: RuntimeWarning: orthogonalize_b: b[:,0] <- 3 direction(s) from X columns [0, 2, 3]; b[:,1] <- no basis (unconstrained)
  [linear r046 D]  14.8s  rhat_reg 1.017  div 0  (89/552, 21.6 min, ETA 112 min)
standardize_covariates: standardized 2 covariate(s) in long_formula (age: centre -0.9188, scale 9.68, implied intercept correlation -0.09; sex: centre 0.5017, scale 0.5001, implied intercept correlation -0.71). Coefficients are returned on the ORIGINAL scale. Set control$standardize_covariates = FALSE to disable.
sys:1: RuntimeWarning: orthogonalize_b: b[:,0] <- 3 direction(s) from X columns [0, 2, 3]; b[:,1] <- 1 direction(s) from X columns [1]
  [linear r046 E]  15.3s  rhat_reg 1.000  div 0  (90/552, 21.8 min, ETA 112 min)
standardize_covariates: standardized 2 covariate(s) in long_formula (age: centre -0.7687, scale 10.71, implied intercept correlation -0.07; sex: centre 0.4647, scale 0.4988, implied intercept correlation -0.68). Coefficients are returned on the ORIGINAL scale. Set control$standardize_covariates = FALSE to disable.
  [linear r047 A]  14.7s  rhat_reg 1.029  div 0  (91/552, 22.1 min, ETA 112 min)
standardize_covariates: standardized 2 covariate(s) in long_formula (age: centre -0.7687, scale 10.71, implied intercept correlation -0.07; sex: centre 0.4647, scale 0.4988, implied intercept correlation -0.68). Coefficients are returned on the ORIGINAL scale. Set control$standardize_covariates = FALSE to disable.
sys:1: RuntimeWarning: orthogonalize_b: b[:,0] <- 3 direction(s) from X columns [0, 2, 3]; b[:,1] <- no basis (unconstrained)
  [linear r047 D]  14.9s  rhat_reg 1.021  div 0  (92/552, 22.3 min, ETA 112 min)
standardize_covariates: standardized 2 covariate(s) in long_formula (age: centre -0.7687, scale 10.71, implied intercept correlation -0.07; sex: centre 0.4647, scale 0.4988, implied intercept correlation -0.68). Coefficients are returned on the ORIGINAL scale. Set control$standardize_covariates = FALSE to disable.
sys:1: RuntimeWarning: orthogonalize_b: b[:,0] <- 3 direction(s) from X columns [0, 2, 3]; b[:,1] <- 1 direction(s) from X columns [1]
  [linear r047 E]  15.3s  rhat_reg 1.000  div 0  (93/552, 22.6 min, ETA 111 min)
standardize_covariates: standardized 2 covariate(s) in long_formula (age: centre 0.5154, scale 9.45, implied intercept correlation -0.05; sex: centre 0.4824, scale 0.4998, implied intercept correlation -0.69). Coefficients are returned on the ORIGINAL scale. Set control$standardize_covariates = FALSE to disable.
  [linear r048 A]  13.3s  rhat_reg 1.011  div 0  (94/552, 22.8 min, ETA 111 min)
standardize_covariates: standardized 2 covariate(s) in long_formula (age: centre 0.5154, scale 9.45, implied intercept correlation -0.05; sex: centre 0.4824, scale 0.4998, implied intercept correlation -0.69). Coefficients are returned on the ORIGINAL scale. Set control$standardize_covariates = FALSE to disable.
sys:1: RuntimeWarning: orthogonalize_b: b[:,0] <- 3 direction(s) from X columns [0, 2, 3]; b[:,1] <- no basis (unconstrained)
  [linear r048 D]  15.0s  rhat_reg 1.005  div 0  (95/552, 23.1 min, ETA 111 min)
standardize_covariates: standardized 2 covariate(s) in long_formula (age: centre 0.5154, scale 9.45, implied intercept correlation -0.05; sex: centre 0.4824, scale 0.4998, implied intercept correlation -0.69). Coefficients are returned on the ORIGINAL scale. Set control$standardize_covariates = FALSE to disable.
sys:1: RuntimeWarning: orthogonalize_b: b[:,0] <- 3 direction(s) from X columns [0, 2, 3]; b[:,1] <- 1 direction(s) from X columns [1]
  [linear r048 E]  15.0s  rhat_reg 1.000  div 0  (96/552, 23.3 min, ETA 111 min)
standardize_covariates: standardized 2 covariate(s) in long_formula (age: centre -1.269, scale 9.307, implied intercept correlation -0.14; sex: centre 0.5253, scale 0.4995, implied intercept correlation -0.72). Coefficients are returned on the ORIGINAL scale. Set control$standardize_covariates = FALSE to disable.
  [linear r049 A]  14.8s  rhat_reg 1.010  div 0  (97/552, 23.6 min, ETA 111 min)
standardize_covariates: standardized 2 covariate(s) in long_formula (age: centre -1.269, scale 9.307, implied intercept correlation -0.14; sex: centre 0.5253, scale 0.4995, implied intercept correlation -0.72). Coefficients are returned on the ORIGINAL scale. Set control$standardize_covariates = FALSE to disable.
sys:1: RuntimeWarning: orthogonalize_b: b[:,0] <- 3 direction(s) from X columns [0, 2, 3]; b[:,1] <- no basis (unconstrained)
  [linear r049 D]  15.2s  rhat_reg 1.000  div 0  (98/552, 23.8 min, ETA 110 min)
standardize_covariates: standardized 2 covariate(s) in long_formula (age: centre -1.269, scale 9.307, implied intercept correlation -0.14; sex: centre 0.5253, scale 0.4995, implied intercept correlation -0.72). Coefficients are returned on the ORIGINAL scale. Set control$standardize_covariates = FALSE to disable.
sys:1: RuntimeWarning: orthogonalize_b: b[:,0] <- 3 direction(s) from X columns [0, 2, 3]; b[:,1] <- 1 direction(s) from X columns [1]
  [linear r049 E]  14.9s  rhat_reg 1.000  div 0  (99/552, 24.1 min, ETA 110 min)
standardize_covariates: standardized 2 covariate(s) in long_formula (age: centre 0.8518, scale 10.36, implied intercept correlation -0.08; sex: centre 0.5028, scale 0.5001, implied intercept correlation -0.71). Coefficients are returned on the ORIGINAL scale. Set control$standardize_covariates = FALSE to disable.
  [linear r050 A]  14.9s  rhat_reg 1.016  div 0  (100/552, 24.3 min, ETA 110 min)
standardize_covariates: standardized 2 covariate(s) in long_formula (age: centre 0.8518, scale 10.36, implied intercept correlation -0.08; sex: centre 0.5028, scale 0.5001, implied intercept correlation -0.71). Coefficients are returned on the ORIGINAL scale. Set control$standardize_covariates = FALSE to disable.
sys:1: RuntimeWarning: orthogonalize_b: b[:,0] <- 3 direction(s) from X columns [0, 2, 3]; b[:,1] <- no basis (unconstrained)
  [linear r050 D]  13.3s  rhat_reg 1.009  div 0  (101/552, 24.5 min, ETA 110 min)
standardize_covariates: standardized 2 covariate(s) in long_formula (age: centre 0.8518, scale 10.36, implied intercept correlation -0.08; sex: centre 0.5028, scale 0.5001, implied intercept correlation -0.71). Coefficients are returned on the ORIGINAL scale. Set control$standardize_covariates = FALSE to disable.
sys:1: RuntimeWarning: orthogonalize_b: b[:,0] <- 3 direction(s) from X columns [0, 2, 3]; b[:,1] <- 1 direction(s) from X columns [1]
  [linear r050 E]  15.1s  rhat_reg 1.001  div 0  (102/552, 24.8 min, ETA 109 min)
standardize_covariates: standardized 2 covariate(s) in long_formula (age: centre -0.1159, scale 10.71, implied intercept correlation -0.01; sex: centre 0.5053, scale 0.5001, implied intercept correlation -0.71). Coefficients are returned on the ORIGINAL scale. Set control$standardize_covariates = FALSE to disable.
  [linear r051 A]  14.7s  rhat_reg 1.006  div 0  (103/552, 25.0 min, ETA 109 min)
standardize_covariates: standardized 2 covariate(s) in long_formula (age: centre -0.1159, scale 10.71, implied intercept correlation -0.01; sex: centre 0.5053, scale 0.5001, implied intercept correlation -0.71). Coefficients are returned on the ORIGINAL scale. Set control$standardize_covariates = FALSE to disable.
sys:1: RuntimeWarning: orthogonalize_b: b[:,0] <- 3 direction(s) from X columns [0, 2, 3]; b[:,1] <- no basis (unconstrained)
  [linear r051 D]  14.6s  rhat_reg 1.005  div 0  (104/552, 25.3 min, ETA 109 min)
standardize_covariates: standardized 2 covariate(s) in long_formula (age: centre -0.1159, scale 10.71, implied intercept correlation -0.01; sex: centre 0.5053, scale 0.5001, implied intercept correlation -0.71). Coefficients are returned on the ORIGINAL scale. Set control$standardize_covariates = FALSE to disable.
sys:1: RuntimeWarning: orthogonalize_b: b[:,0] <- 3 direction(s) from X columns [0, 2, 3]; b[:,1] <- 1 direction(s) from X columns [1]
  [linear r051 E]  12.9s  rhat_reg 1.001  div 0  (105/552, 25.5 min, ETA 109 min)
standardize_covariates: standardized 2 covariate(s) in long_formula (age: centre 1.573, scale 9.571, implied intercept correlation -0.16; sex: centre 0.5213, scale 0.4996, implied intercept correlation -0.72). Coefficients are returned on the ORIGINAL scale. Set control$standardize_covariates = FALSE to disable.
  [linear r052 A]  14.7s  rhat_reg 1.012  div 0  (106/552, 25.7 min, ETA 108 min)
standardize_covariates: standardized 2 covariate(s) in long_formula (age: centre 1.573, scale 9.571, implied intercept correlation -0.16; sex: centre 0.5213, scale 0.4996, implied intercept correlation -0.72). Coefficients are returned on the ORIGINAL scale. Set control$standardize_covariates = FALSE to disable.
sys:1: RuntimeWarning: orthogonalize_b: b[:,0] <- 3 direction(s) from X columns [0, 2, 3]; b[:,1] <- no basis (unconstrained)
  [linear r052 D]  15.0s  rhat_reg 1.012  div 0  (107/552, 26.0 min, ETA 108 min)
standardize_covariates: standardized 2 covariate(s) in long_formula (age: centre 1.573, scale 9.571, implied intercept correlation -0.16; sex: centre 0.5213, scale 0.4996, implied intercept correlation -0.72). Coefficients are returned on the ORIGINAL scale. Set control$standardize_covariates = FALSE to disable.
sys:1: RuntimeWarning: orthogonalize_b: b[:,0] <- 3 direction(s) from X columns [0, 2, 3]; b[:,1] <- 1 direction(s) from X columns [1]
  [linear r052 E]  13.3s  rhat_reg 1.000  div 0  (108/552, 26.2 min, ETA 108 min)
standardize_covariates: standardized 2 covariate(s) in long_formula (age: centre -0.5159, scale 9.715, implied intercept correlation -0.05; sex: centre 0.5154, scale 0.4999, implied intercept correlation -0.72). Coefficients are returned on the ORIGINAL scale. Set control$standardize_covariates = FALSE to disable.
  [linear r053 A]  14.9s  rhat_reg 1.016  div 0  (109/552, 26.5 min, ETA 108 min)
standardize_covariates: standardized 2 covariate(s) in long_formula (age: centre -0.5159, scale 9.715, implied intercept correlation -0.05; sex: centre 0.5154, scale 0.4999, implied intercept correlation -0.72). Coefficients are returned on the ORIGINAL scale. Set control$standardize_covariates = FALSE to disable.
sys:1: RuntimeWarning: orthogonalize_b: b[:,0] <- 3 direction(s) from X columns [0, 2, 3]; b[:,1] <- no basis (unconstrained)
  [linear r053 D]  14.7s  rhat_reg 1.007  div 0  (110/552, 26.7 min, ETA 107 min)
standardize_covariates: standardized 2 covariate(s) in long_formula (age: centre -0.5159, scale 9.715, implied intercept correlation -0.05; sex: centre 0.5154, scale 0.4999, implied intercept correlation -0.72). Coefficients are returned on the ORIGINAL scale. Set control$standardize_covariates = FALSE to disable.
sys:1: RuntimeWarning: orthogonalize_b: b[:,0] <- 3 direction(s) from X columns [0, 2, 3]; b[:,1] <- 1 direction(s) from X columns [1]
  [linear r053 E]  16.5s  rhat_reg 1.000  div 0  (111/552, 27.0 min, ETA 107 min)
standardize_covariates: standardized 2 covariate(s) in long_formula (age: centre -0.3373, scale 10.2, implied intercept correlation -0.03; sex: centre 0.5381, scale 0.4986, implied intercept correlation -0.73). Coefficients are returned on the ORIGINAL scale. Set control$standardize_covariates = FALSE to disable.
  [linear r054 A]  14.1s  rhat_reg 1.012  div 0  (112/552, 27.2 min, ETA 107 min)
standardize_covariates: standardized 2 covariate(s) in long_formula (age: centre -0.3373, scale 10.2, implied intercept correlation -0.03; sex: centre 0.5381, scale 0.4986, implied intercept correlation -0.73). Coefficients are returned on the ORIGINAL scale. Set control$standardize_covariates = FALSE to disable.
sys:1: RuntimeWarning: orthogonalize_b: b[:,0] <- 3 direction(s) from X columns [0, 2, 3]; b[:,1] <- no basis (unconstrained)
  [linear r054 D]  16.0s  rhat_reg 1.005  div 0  (113/552, 27.5 min, ETA 107 min)
standardize_covariates: standardized 2 covariate(s) in long_formula (age: centre -0.3373, scale 10.2, implied intercept correlation -0.03; sex: centre 0.5381, scale 0.4986, implied intercept correlation -0.73). Coefficients are returned on the ORIGINAL scale. Set control$standardize_covariates = FALSE to disable.
sys:1: RuntimeWarning: orthogonalize_b: b[:,0] <- 3 direction(s) from X columns [0, 2, 3]; b[:,1] <- 1 direction(s) from X columns [1]
  [linear r054 E]  16.2s  rhat_reg 1.001  div 0  (114/552, 27.8 min, ETA 107 min)
standardize_covariates: standardized 2 covariate(s) in long_formula (age: centre 0.1828, scale 10.27, implied intercept correlation -0.02; sex: centre 0.5107, scale 0.5, implied intercept correlation -0.71). Coefficients are returned on the ORIGINAL scale. Set control$standardize_covariates = FALSE to disable.
  [linear r055 A]  15.9s  rhat_reg 1.010  div 0  (115/552, 28.0 min, ETA 107 min)
standardize_covariates: standardized 2 covariate(s) in long_formula (age: centre 0.1828, scale 10.27, implied intercept correlation -0.02; sex: centre 0.5107, scale 0.5, implied intercept correlation -0.71). Coefficients are returned on the ORIGINAL scale. Set control$standardize_covariates = FALSE to disable.
sys:1: RuntimeWarning: orthogonalize_b: b[:,0] <- 3 direction(s) from X columns [0, 2, 3]; b[:,1] <- no basis (unconstrained)
  [linear r055 D]  14.1s  rhat_reg 1.006  div 0  (116/552, 28.3 min, ETA 106 min)
standardize_covariates: standardized 2 covariate(s) in long_formula (age: centre 0.1828, scale 10.27, implied intercept correlation -0.02; sex: centre 0.5107, scale 0.5, implied intercept correlation -0.71). Coefficients are returned on the ORIGINAL scale. Set control$standardize_covariates = FALSE to disable.
sys:1: RuntimeWarning: orthogonalize_b: b[:,0] <- 3 direction(s) from X columns [0, 2, 3]; b[:,1] <- 1 direction(s) from X columns [1]
  [linear r055 E]  15.1s  rhat_reg 1.000  div 0  (117/552, 28.5 min, ETA 106 min)
standardize_covariates: standardized 2 covariate(s) in long_formula (age: centre -1.135, scale 10.11, implied intercept correlation -0.11; sex: centre 0.5356, scale 0.4988, implied intercept correlation -0.73). Coefficients are returned on the ORIGINAL scale. Set control$standardize_covariates = FALSE to disable.
  [linear r056 A]  14.9s  rhat_reg 1.019  div 0  (118/552, 28.8 min, ETA 106 min)
standardize_covariates: standardized 2 covariate(s) in long_formula (age: centre -1.135, scale 10.11, implied intercept correlation -0.11; sex: centre 0.5356, scale 0.4988, implied intercept correlation -0.73). Coefficients are returned on the ORIGINAL scale. Set control$standardize_covariates = FALSE to disable.
sys:1: RuntimeWarning: orthogonalize_b: b[:,0] <- 3 direction(s) from X columns [0, 2, 3]; b[:,1] <- no basis (unconstrained)
  [linear r056 D]  13.6s  rhat_reg 1.015  div 0  (119/552, 29.0 min, ETA 106 min)
standardize_covariates: standardized 2 covariate(s) in long_formula (age: centre -1.135, scale 10.11, implied intercept correlation -0.11; sex: centre 0.5356, scale 0.4988, implied intercept correlation -0.73). Coefficients are returned on the ORIGINAL scale. Set control$standardize_covariates = FALSE to disable.
sys:1: RuntimeWarning: orthogonalize_b: b[:,0] <- 3 direction(s) from X columns [0, 2, 3]; b[:,1] <- 1 direction(s) from X columns [1]
  [linear r056 E]  15.1s  rhat_reg 1.000  div 0  (120/552, 29.3 min, ETA 105 min)
standardize_covariates: standardized 2 covariate(s) in long_formula (age: centre -0.05622, scale 9.445, implied intercept correlation -0.01; sex: centre 0.5114, scale 0.5, implied intercept correlation -0.72). Coefficients are returned on the ORIGINAL scale. Set control$standardize_covariates = FALSE to disable.
  [linear r057 A]  15.0s  rhat_reg 1.005  div 0  (121/552, 29.5 min, ETA 105 min)
standardize_covariates: standardized 2 covariate(s) in long_formula (age: centre -0.05622, scale 9.445, implied intercept correlation -0.01; sex: centre 0.5114, scale 0.5, implied intercept correlation -0.72). Coefficients are returned on the ORIGINAL scale. Set control$standardize_covariates = FALSE to disable.
sys:1: RuntimeWarning: orthogonalize_b: b[:,0] <- 3 direction(s) from X columns [0, 2, 3]; b[:,1] <- no basis (unconstrained)
  [linear r057 D]  15.2s  rhat_reg 1.001  div 0  (122/552, 29.8 min, ETA 105 min)
standardize_covariates: standardized 2 covariate(s) in long_formula (age: centre -0.05622, scale 9.445, implied intercept correlation -0.01; sex: centre 0.5114, scale 0.5, implied intercept correlation -0.72). Coefficients are returned on the ORIGINAL scale. Set control$standardize_covariates = FALSE to disable.
sys:1: RuntimeWarning: orthogonalize_b: b[:,0] <- 3 direction(s) from X columns [0, 2, 3]; b[:,1] <- 1 direction(s) from X columns [1]
  [linear r057 E]  13.4s  rhat_reg 1.000  div 0  (123/552, 30.0 min, ETA 105 min)
standardize_covariates: standardized 2 covariate(s) in long_formula (age: centre -0.9542, scale 9.846, implied intercept correlation -0.10; sex: centre 0.5011, scale 0.5001, implied intercept correlation -0.71). Coefficients are returned on the ORIGINAL scale. Set control$standardize_covariates = FALSE to disable.
  [linear r058 A]  14.8s  rhat_reg 1.011  div 0  (124/552, 30.2 min, ETA 104 min)
standardize_covariates: standardized 2 covariate(s) in long_formula (age: centre -0.9542, scale 9.846, implied intercept correlation -0.10; sex: centre 0.5011, scale 0.5001, implied intercept correlation -0.71). Coefficients are returned on the ORIGINAL scale. Set control$standardize_covariates = FALSE to disable.
sys:1: RuntimeWarning: orthogonalize_b: b[:,0] <- 3 direction(s) from X columns [0, 2, 3]; b[:,1] <- no basis (unconstrained)
  [linear r058 D]  15.0s  rhat_reg 1.012  div 0  (125/552, 30.5 min, ETA 104 min)
standardize_covariates: standardized 2 covariate(s) in long_formula (age: centre -0.9542, scale 9.846, implied intercept correlation -0.10; sex: centre 0.5011, scale 0.5001, implied intercept correlation -0.71). Coefficients are returned on the ORIGINAL scale. Set control$standardize_covariates = FALSE to disable.
sys:1: RuntimeWarning: orthogonalize_b: b[:,0] <- 3 direction(s) from X columns [0, 2, 3]; b[:,1] <- 1 direction(s) from X columns [1]
  [linear r058 E]  15.0s  rhat_reg 1.004  div 0  (126/552, 30.7 min, ETA 104 min)
standardize_covariates: standardized 2 covariate(s) in long_formula (age: centre -0.4622, scale 9.893, implied intercept correlation -0.05; sex: centre 0.5115, scale 0.5, implied intercept correlation -0.72). Coefficients are returned on the ORIGINAL scale. Set control$standardize_covariates = FALSE to disable.
  [linear r059 A]  12.9s  rhat_reg 1.003  div 0  (127/552, 31.0 min, ETA 104 min)
standardize_covariates: standardized 2 covariate(s) in long_formula (age: centre -0.4622, scale 9.893, implied intercept correlation -0.05; sex: centre 0.5115, scale 0.5, implied intercept correlation -0.72). Coefficients are returned on the ORIGINAL scale. Set control$standardize_covariates = FALSE to disable.
sys:1: RuntimeWarning: orthogonalize_b: b[:,0] <- 3 direction(s) from X columns [0, 2, 3]; b[:,1] <- no basis (unconstrained)
  [linear r059 D]  15.4s  rhat_reg 1.000  div 0  (128/552, 31.2 min, ETA 103 min)
standardize_covariates: standardized 2 covariate(s) in long_formula (age: centre -0.4622, scale 9.893, implied intercept correlation -0.05; sex: centre 0.5115, scale 0.5, implied intercept correlation -0.72). Coefficients are returned on the ORIGINAL scale. Set control$standardize_covariates = FALSE to disable.
sys:1: RuntimeWarning: orthogonalize_b: b[:,0] <- 3 direction(s) from X columns [0, 2, 3]; b[:,1] <- 1 direction(s) from X columns [1]
  [linear r059 E]  15.2s  rhat_reg 1.000  div 0  (129/552, 31.5 min, ETA 103 min)
standardize_covariates: standardized 2 covariate(s) in long_formula (age: centre -0.4672, scale 10.41, implied intercept correlation -0.04; sex: centre 0.523, scale 0.4996, implied intercept correlation -0.72). Coefficients are returned on the ORIGINAL scale. Set control$standardize_covariates = FALSE to disable.
  [linear r060 A]  13.1s  rhat_reg 1.011  div 0  (130/552, 31.7 min, ETA 103 min)
standardize_covariates: standardized 2 covariate(s) in long_formula (age: centre -0.4672, scale 10.41, implied intercept correlation -0.04; sex: centre 0.523, scale 0.4996, implied intercept correlation -0.72). Coefficients are returned on the ORIGINAL scale. Set control$standardize_covariates = FALSE to disable.
sys:1: RuntimeWarning: orthogonalize_b: b[:,0] <- 3 direction(s) from X columns [0, 2, 3]; b[:,1] <- no basis (unconstrained)
  [linear r060 D]  15.6s  rhat_reg 1.002  div 0  (131/552, 31.9 min, ETA 103 min)
standardize_covariates: standardized 2 covariate(s) in long_formula (age: centre -0.4672, scale 10.41, implied intercept correlation -0.04; sex: centre 0.523, scale 0.4996, implied intercept correlation -0.72). Coefficients are returned on the ORIGINAL scale. Set control$standardize_covariates = FALSE to disable.
sys:1: RuntimeWarning: orthogonalize_b: b[:,0] <- 3 direction(s) from X columns [0, 2, 3]; b[:,1] <- 1 direction(s) from X columns [1]
  [linear r060 E]  15.5s  rhat_reg 1.002  div 0  (132/552, 32.2 min, ETA 102 min)
standardize_covariates: standardized 2 covariate(s) in long_formula (age: centre 0.3741, scale 9.904, implied intercept correlation -0.04; sex: centre 0.5098, scale 0.5, implied intercept correlation -0.71). Coefficients are returned on the ORIGINAL scale. Set control$standardize_covariates = FALSE to disable.
  [linear r061 A]  13.2s  rhat_reg 1.007  div 0  (133/552, 32.4 min, ETA 102 min)
standardize_covariates: standardized 2 covariate(s) in long_formula (age: centre 0.3741, scale 9.904, implied intercept correlation -0.04; sex: centre 0.5098, scale 0.5, implied intercept correlation -0.71). Coefficients are returned on the ORIGINAL scale. Set control$standardize_covariates = FALSE to disable.
sys:1: RuntimeWarning: orthogonalize_b: b[:,0] <- 3 direction(s) from X columns [0, 2, 3]; b[:,1] <- no basis (unconstrained)
  [linear r061 D]  15.4s  rhat_reg 1.002  div 0  (134/552, 32.7 min, ETA 102 min)
standardize_covariates: standardized 2 covariate(s) in long_formula (age: centre 0.3741, scale 9.904, implied intercept correlation -0.04; sex: centre 0.5098, scale 0.5, implied intercept correlation -0.71). Coefficients are returned on the ORIGINAL scale. Set control$standardize_covariates = FALSE to disable.
sys:1: RuntimeWarning: orthogonalize_b: b[:,0] <- 3 direction(s) from X columns [0, 2, 3]; b[:,1] <- 1 direction(s) from X columns [1]
  [linear r061 E]  15.0s  rhat_reg 1.002  div 0  (135/552, 32.9 min, ETA 102 min)
standardize_covariates: standardized 2 covariate(s) in long_formula (age: centre -0.3164, scale 10.4, implied intercept correlation -0.03; sex: centre 0.4915, scale 0.5, implied intercept correlation -0.70). Coefficients are returned on the ORIGINAL scale. Set control$standardize_covariates = FALSE to disable.
  [linear r062 A]  13.4s  rhat_reg 1.012  div 0  (136/552, 33.2 min, ETA 101 min)
standardize_covariates: standardized 2 covariate(s) in long_formula (age: centre -0.3164, scale 10.4, implied intercept correlation -0.03; sex: centre 0.4915, scale 0.5, implied intercept correlation -0.70). Coefficients are returned on the ORIGINAL scale. Set control$standardize_covariates = FALSE to disable.
sys:1: RuntimeWarning: orthogonalize_b: b[:,0] <- 3 direction(s) from X columns [0, 2, 3]; b[:,1] <- no basis (unconstrained)
  [linear r062 D]  15.8s  rhat_reg 1.002  div 0  (137/552, 33.4 min, ETA 101 min)
standardize_covariates: standardized 2 covariate(s) in long_formula (age: centre -0.3164, scale 10.4, implied intercept correlation -0.03; sex: centre 0.4915, scale 0.5, implied intercept correlation -0.70). Coefficients are returned on the ORIGINAL scale. Set control$standardize_covariates = FALSE to disable.
sys:1: RuntimeWarning: orthogonalize_b: b[:,0] <- 3 direction(s) from X columns [0, 2, 3]; b[:,1] <- 1 direction(s) from X columns [1]
  [linear r062 E]  15.4s  rhat_reg 0.999  div 0  (138/552, 33.7 min, ETA 101 min)
standardize_covariates: standardized 2 covariate(s) in long_formula (age: centre 0.9753, scale 9.818, implied intercept correlation -0.10; sex: centre 0.4634, scale 0.4987, implied intercept correlation -0.68). Coefficients are returned on the ORIGINAL scale. Set control$standardize_covariates = FALSE to disable.
  [linear r063 A]  13.1s  rhat_reg 1.006  div 0  (139/552, 33.9 min, ETA 101 min)
standardize_covariates: standardized 2 covariate(s) in long_formula (age: centre 0.9753, scale 9.818, implied intercept correlation -0.10; sex: centre 0.4634, scale 0.4987, implied intercept correlation -0.68). Coefficients are returned on the ORIGINAL scale. Set control$standardize_covariates = FALSE to disable.
sys:1: RuntimeWarning: orthogonalize_b: b[:,0] <- 3 direction(s) from X columns [0, 2, 3]; b[:,1] <- no basis (unconstrained)
  [linear r063 D]  15.2s  rhat_reg 1.002  div 0  (140/552, 34.2 min, ETA 101 min)
standardize_covariates: standardized 2 covariate(s) in long_formula (age: centre 0.9753, scale 9.818, implied intercept correlation -0.10; sex: centre 0.4634, scale 0.4987, implied intercept correlation -0.68). Coefficients are returned on the ORIGINAL scale. Set control$standardize_covariates = FALSE to disable.
sys:1: RuntimeWarning: orthogonalize_b: b[:,0] <- 3 direction(s) from X columns [0, 2, 3]; b[:,1] <- 1 direction(s) from X columns [1]
  [linear r063 E]  15.0s  rhat_reg 1.000  div 0  (141/552, 34.4 min, ETA 100 min)
standardize_covariates: standardized 2 covariate(s) in long_formula (age: centre -0.8324, scale 9.574, implied intercept correlation -0.09; sex: centre 0.5112, scale 0.5, implied intercept correlation -0.71). Coefficients are returned on the ORIGINAL scale. Set control$standardize_covariates = FALSE to disable.
  [linear r064 A]  14.8s  rhat_reg 1.008  div 0  (142/552, 34.7 min, ETA 100 min)
standardize_covariates: standardized 2 covariate(s) in long_formula (age: centre -0.8324, scale 9.574, implied intercept correlation -0.09; sex: centre 0.5112, scale 0.5, implied intercept correlation -0.71). Coefficients are returned on the ORIGINAL scale. Set control$standardize_covariates = FALSE to disable.
sys:1: RuntimeWarning: orthogonalize_b: b[:,0] <- 3 direction(s) from X columns [0, 2, 3]; b[:,1] <- no basis (unconstrained)
  [linear r064 D]  13.2s  rhat_reg 1.026  div 0  (143/552, 34.9 min, ETA 100 min)
standardize_covariates: standardized 2 covariate(s) in long_formula (age: centre -0.8324, scale 9.574, implied intercept correlation -0.09; sex: centre 0.5112, scale 0.5, implied intercept correlation -0.71). Coefficients are returned on the ORIGINAL scale. Set control$standardize_covariates = FALSE to disable.
sys:1: RuntimeWarning: orthogonalize_b: b[:,0] <- 3 direction(s) from X columns [0, 2, 3]; b[:,1] <- 1 direction(s) from X columns [1]
  [linear r064 E]  15.4s  rhat_reg 1.000  div 0  (144/552, 35.1 min, ETA 100 min)
standardize_covariates: standardized 2 covariate(s) in long_formula (age: centre 0.02755, scale 9.138, implied intercept correlation -0.00; sex: centre 0.4402, scale 0.4965, implied intercept correlation -0.66). Coefficients are returned on the ORIGINAL scale. Set control$standardize_covariates = FALSE to disable.
  [linear r065 A]  13.0s  rhat_reg 1.020  div 0  (145/552, 35.4 min, ETA 99 min)
standardize_covariates: standardized 2 covariate(s) in long_formula (age: centre 0.02755, scale 9.138, implied intercept correlation -0.00; sex: centre 0.4402, scale 0.4965, implied intercept correlation -0.66). Coefficients are returned on the ORIGINAL scale. Set control$standardize_covariates = FALSE to disable.
sys:1: RuntimeWarning: orthogonalize_b: b[:,0] <- 3 direction(s) from X columns [0, 2, 3]; b[:,1] <- no basis (unconstrained)
  [linear r065 D]  15.4s  rhat_reg 1.001  div 0  (146/552, 35.6 min, ETA 99 min)
standardize_covariates: standardized 2 covariate(s) in long_formula (age: centre 0.02755, scale 9.138, implied intercept correlation -0.00; sex: centre 0.4402, scale 0.4965, implied intercept correlation -0.66). Coefficients are returned on the ORIGINAL scale. Set control$standardize_covariates = FALSE to disable.
sys:1: RuntimeWarning: orthogonalize_b: b[:,0] <- 3 direction(s) from X columns [0, 2, 3]; b[:,1] <- 1 direction(s) from X columns [1]
  [linear r065 E]  15.3s  rhat_reg 1.000  div 0  (147/552, 35.9 min, ETA 99 min)
standardize_covariates: standardized 2 covariate(s) in long_formula (age: centre 0.3898, scale 10.04, implied intercept correlation -0.04; sex: centre 0.5104, scale 0.5, implied intercept correlation -0.71). Coefficients are returned on the ORIGINAL scale. Set control$standardize_covariates = FALSE to disable.
  [linear r066 A]  13.0s  rhat_reg 1.014  div 0  (148/552, 36.1 min, ETA 99 min)
standardize_covariates: standardized 2 covariate(s) in long_formula (age: centre 0.3898, scale 10.04, implied intercept correlation -0.04; sex: centre 0.5104, scale 0.5, implied intercept correlation -0.71). Coefficients are returned on the ORIGINAL scale. Set control$standardize_covariates = FALSE to disable.
sys:1: RuntimeWarning: orthogonalize_b: b[:,0] <- 3 direction(s) from X columns [0, 2, 3]; b[:,1] <- no basis (unconstrained)
  [linear r066 D]  15.3s  rhat_reg 1.008  div 0  (149/552, 36.3 min, ETA 98 min)
standardize_covariates: standardized 2 covariate(s) in long_formula (age: centre 0.3898, scale 10.04, implied intercept correlation -0.04; sex: centre 0.5104, scale 0.5, implied intercept correlation -0.71). Coefficients are returned on the ORIGINAL scale. Set control$standardize_covariates = FALSE to disable.
sys:1: RuntimeWarning: orthogonalize_b: b[:,0] <- 3 direction(s) from X columns [0, 2, 3]; b[:,1] <- 1 direction(s) from X columns [1]
  [linear r066 E]  15.7s  rhat_reg 1.000  div 0  (150/552, 36.6 min, ETA 98 min)
standardize_covariates: standardized 2 covariate(s) in long_formula (age: centre -0.7806, scale 9.478, implied intercept correlation -0.08; sex: centre 0.4989, scale 0.5001, implied intercept correlation -0.71). Coefficients are returned on the ORIGINAL scale. Set control$standardize_covariates = FALSE to disable.
  [linear r067 A]  13.0s  rhat_reg 1.005  div 0  (151/552, 36.8 min, ETA 98 min)
standardize_covariates: standardized 2 covariate(s) in long_formula (age: centre -0.7806, scale 9.478, implied intercept correlation -0.08; sex: centre 0.4989, scale 0.5001, implied intercept correlation -0.71). Coefficients are returned on the ORIGINAL scale. Set control$standardize_covariates = FALSE to disable.
sys:1: RuntimeWarning: orthogonalize_b: b[:,0] <- 3 direction(s) from X columns [0, 2, 3]; b[:,1] <- no basis (unconstrained)
  [linear r067 D]  15.4s  rhat_reg 1.004  div 0  (152/552, 37.1 min, ETA 98 min)
standardize_covariates: standardized 2 covariate(s) in long_formula (age: centre -0.7806, scale 9.478, implied intercept correlation -0.08; sex: centre 0.4989, scale 0.5001, implied intercept correlation -0.71). Coefficients are returned on the ORIGINAL scale. Set control$standardize_covariates = FALSE to disable.
sys:1: RuntimeWarning: orthogonalize_b: b[:,0] <- 3 direction(s) from X columns [0, 2, 3]; b[:,1] <- 1 direction(s) from X columns [1]
  [linear r067 E]  14.8s  rhat_reg 1.001  div 0  (153/552, 37.3 min, ETA 97 min)
standardize_covariates: standardized 2 covariate(s) in long_formula (age: centre -0.1772, scale 9.688, implied intercept correlation -0.02; sex: centre 0.502, scale 0.5001, implied intercept correlation -0.71). Coefficients are returned on the ORIGINAL scale. Set control$standardize_covariates = FALSE to disable.
  [linear r068 A]  13.2s  rhat_reg 1.015  div 0  (154/552, 37.6 min, ETA 97 min)
standardize_covariates: standardized 2 covariate(s) in long_formula (age: centre -0.1772, scale 9.688, implied intercept correlation -0.02; sex: centre 0.502, scale 0.5001, implied intercept correlation -0.71). Coefficients are returned on the ORIGINAL scale. Set control$standardize_covariates = FALSE to disable.
sys:1: RuntimeWarning: orthogonalize_b: b[:,0] <- 3 direction(s) from X columns [0, 2, 3]; b[:,1] <- no basis (unconstrained)
  [linear r068 D]  15.6s  rhat_reg 1.010  div 0  (155/552, 37.8 min, ETA 97 min)
standardize_covariates: standardized 2 covariate(s) in long_formula (age: centre -0.1772, scale 9.688, implied intercept correlation -0.02; sex: centre 0.502, scale 0.5001, implied intercept correlation -0.71). Coefficients are returned on the ORIGINAL scale. Set control$standardize_covariates = FALSE to disable.
sys:1: RuntimeWarning: orthogonalize_b: b[:,0] <- 3 direction(s) from X columns [0, 2, 3]; b[:,1] <- 1 direction(s) from X columns [1]
  [linear r068 E]  13.3s  rhat_reg 1.001  div 0  (156/552, 38.0 min, ETA 97 min)
standardize_covariates: standardized 2 covariate(s) in long_formula (age: centre 0.2356, scale 9.782, implied intercept correlation -0.02; sex: centre 0.539, scale 0.4986, implied intercept correlation -0.73). Coefficients are returned on the ORIGINAL scale. Set control$standardize_covariates = FALSE to disable.
  [linear r069 A]  14.9s  rhat_reg 1.012  div 0  (157/552, 38.3 min, ETA 96 min)
standardize_covariates: standardized 2 covariate(s) in long_formula (age: centre 0.2356, scale 9.782, implied intercept correlation -0.02; sex: centre 0.539, scale 0.4986, implied intercept correlation -0.73). Coefficients are returned on the ORIGINAL scale. Set control$standardize_covariates = FALSE to disable.
sys:1: RuntimeWarning: orthogonalize_b: b[:,0] <- 3 direction(s) from X columns [0, 2, 3]; b[:,1] <- no basis (unconstrained)
  [linear r069 D]  15.7s  rhat_reg 1.001  div 0  (158/552, 38.6 min, ETA 96 min)
standardize_covariates: standardized 2 covariate(s) in long_formula (age: centre 0.2356, scale 9.782, implied intercept correlation -0.02; sex: centre 0.539, scale 0.4986, implied intercept correlation -0.73). Coefficients are returned on the ORIGINAL scale. Set control$standardize_covariates = FALSE to disable.
sys:1: RuntimeWarning: orthogonalize_b: b[:,0] <- 3 direction(s) from X columns [0, 2, 3]; b[:,1] <- 1 direction(s) from X columns [1]
  [linear r069 E]  13.2s  rhat_reg 1.000  div 0  (159/552, 38.8 min, ETA 96 min)
standardize_covariates: standardized 2 covariate(s) in long_formula (age: centre -0.9654, scale 10.11, implied intercept correlation -0.10; sex: centre 0.4476, scale 0.4973, implied intercept correlation -0.67). Coefficients are returned on the ORIGINAL scale. Set control$standardize_covariates = FALSE to disable.
  [linear r070 A]  15.5s  rhat_reg 1.018  div 0  (160/552, 39.0 min, ETA 96 min)
standardize_covariates: standardized 2 covariate(s) in long_formula (age: centre -0.9654, scale 10.11, implied intercept correlation -0.10; sex: centre 0.4476, scale 0.4973, implied intercept correlation -0.67). Coefficients are returned on the ORIGINAL scale. Set control$standardize_covariates = FALSE to disable.
sys:1: RuntimeWarning: orthogonalize_b: b[:,0] <- 3 direction(s) from X columns [0, 2, 3]; b[:,1] <- no basis (unconstrained)
  [linear r070 D]  15.7s  rhat_reg 1.014  div 0  (161/552, 39.3 min, ETA 95 min)
standardize_covariates: standardized 2 covariate(s) in long_formula (age: centre -0.9654, scale 10.11, implied intercept correlation -0.10; sex: centre 0.4476, scale 0.4973, implied intercept correlation -0.67). Coefficients are returned on the ORIGINAL scale. Set control$standardize_covariates = FALSE to disable.
sys:1: RuntimeWarning: orthogonalize_b: b[:,0] <- 3 direction(s) from X columns [0, 2, 3]; b[:,1] <- 1 direction(s) from X columns [1]
  [linear r070 E]  13.4s  rhat_reg 1.000  div 0  (162/552, 39.5 min, ETA 95 min)
standardize_covariates: standardized 2 covariate(s) in long_formula (age: centre 0.02558, scale 9.749, implied intercept correlation -0.00; sex: centre 0.4994, scale 0.5001, implied intercept correlation -0.71). Coefficients are returned on the ORIGINAL scale. Set control$standardize_covariates = FALSE to disable.
  [linear r071 A]  15.3s  rhat_reg 1.012  div 0  (163/552, 39.8 min, ETA 95 min)
standardize_covariates: standardized 2 covariate(s) in long_formula (age: centre 0.02558, scale 9.749, implied intercept correlation -0.00; sex: centre 0.4994, scale 0.5001, implied intercept correlation -0.71). Coefficients are returned on the ORIGINAL scale. Set control$standardize_covariates = FALSE to disable.
sys:1: RuntimeWarning: orthogonalize_b: b[:,0] <- 3 direction(s) from X columns [0, 2, 3]; b[:,1] <- no basis (unconstrained)
  [linear r071 D]  12.2s  rhat_reg 1.034  div 0  (164/552, 40.0 min, ETA 95 min)
standardize_covariates: standardized 2 covariate(s) in long_formula (age: centre 0.02558, scale 9.749, implied intercept correlation -0.00; sex: centre 0.4994, scale 0.5001, implied intercept correlation -0.71). Coefficients are returned on the ORIGINAL scale. Set control$standardize_covariates = FALSE to disable.
sys:1: RuntimeWarning: orthogonalize_b: b[:,0] <- 3 direction(s) from X columns [0, 2, 3]; b[:,1] <- 1 direction(s) from X columns [1]
  [linear r071 E]  13.1s  rhat_reg 1.004  div 0  (165/552, 40.2 min, ETA 94 min)
standardize_covariates: standardized 2 covariate(s) in long_formula (age: centre 0.6692, scale 9.751, implied intercept correlation -0.07; sex: centre 0.5265, scale 0.4994, implied intercept correlation -0.73). Coefficients are returned on the ORIGINAL scale. Set control$standardize_covariates = FALSE to disable.
  [linear r072 A]  15.4s  rhat_reg 1.021  div 0  (166/552, 40.5 min, ETA 94 min)
standardize_covariates: standardized 2 covariate(s) in long_formula (age: centre 0.6692, scale 9.751, implied intercept correlation -0.07; sex: centre 0.5265, scale 0.4994, implied intercept correlation -0.73). Coefficients are returned on the ORIGINAL scale. Set control$standardize_covariates = FALSE to disable.
sys:1: RuntimeWarning: orthogonalize_b: b[:,0] <- 3 direction(s) from X columns [0, 2, 3]; b[:,1] <- no basis (unconstrained)
  [linear r072 D]  13.4s  rhat_reg 1.017  div 0  (167/552, 40.7 min, ETA 94 min)
standardize_covariates: standardized 2 covariate(s) in long_formula (age: centre 0.6692, scale 9.751, implied intercept correlation -0.07; sex: centre 0.5265, scale 0.4994, implied intercept correlation -0.73). Coefficients are returned on the ORIGINAL scale. Set control$standardize_covariates = FALSE to disable.
sys:1: RuntimeWarning: orthogonalize_b: b[:,0] <- 3 direction(s) from X columns [0, 2, 3]; b[:,1] <- 1 direction(s) from X columns [1]
  [linear r072 E]  15.9s  rhat_reg 1.003  div 0  (168/552, 41.0 min, ETA 94 min)
standardize_covariates: standardized 2 covariate(s) in long_formula (age: centre -0.6013, scale 10.25, implied intercept correlation -0.06; sex: centre 0.515, scale 0.4999, implied intercept correlation -0.72). Coefficients are returned on the ORIGINAL scale. Set control$standardize_covariates = FALSE to disable.
  [linear r073 A]  13.0s  rhat_reg 1.013  div 0  (169/552, 41.2 min, ETA 93 min)
standardize_covariates: standardized 2 covariate(s) in long_formula (age: centre -0.6013, scale 10.25, implied intercept correlation -0.06; sex: centre 0.515, scale 0.4999, implied intercept correlation -0.72). Coefficients are returned on the ORIGINAL scale. Set control$standardize_covariates = FALSE to disable.
sys:1: RuntimeWarning: orthogonalize_b: b[:,0] <- 3 direction(s) from X columns [0, 2, 3]; b[:,1] <- no basis (unconstrained)
  [linear r073 D]  16.3s  rhat_reg 1.006  div 0  (170/552, 41.4 min, ETA 93 min)
standardize_covariates: standardized 2 covariate(s) in long_formula (age: centre -0.6013, scale 10.25, implied intercept correlation -0.06; sex: centre 0.515, scale 0.4999, implied intercept correlation -0.72). Coefficients are returned on the ORIGINAL scale. Set control$standardize_covariates = FALSE to disable.
sys:1: RuntimeWarning: orthogonalize_b: b[:,0] <- 3 direction(s) from X columns [0, 2, 3]; b[:,1] <- 1 direction(s) from X columns [1]
  [linear r073 E]  12.0s  rhat_reg 1.001  div 0  (171/552, 41.6 min, ETA 93 min)
standardize_covariates: standardized 2 covariate(s) in long_formula (age: centre 0.7883, scale 9.88, implied intercept correlation -0.08; sex: centre 0.5205, scale 0.4997, implied intercept correlation -0.72). Coefficients are returned on the ORIGINAL scale. Set control$standardize_covariates = FALSE to disable.
  [linear r074 A]  16.1s  rhat_reg 1.002  div 0  (172/552, 41.9 min, ETA 93 min)
standardize_covariates: standardized 2 covariate(s) in long_formula (age: centre 0.7883, scale 9.88, implied intercept correlation -0.08; sex: centre 0.5205, scale 0.4997, implied intercept correlation -0.72). Coefficients are returned on the ORIGINAL scale. Set control$standardize_covariates = FALSE to disable.
sys:1: RuntimeWarning: orthogonalize_b: b[:,0] <- 3 direction(s) from X columns [0, 2, 3]; b[:,1] <- no basis (unconstrained)
  [linear r074 D]  16.0s  rhat_reg 1.001  div 0  (173/552, 42.2 min, ETA 92 min)
standardize_covariates: standardized 2 covariate(s) in long_formula (age: centre 0.7883, scale 9.88, implied intercept correlation -0.08; sex: centre 0.5205, scale 0.4997, implied intercept correlation -0.72). Coefficients are returned on the ORIGINAL scale. Set control$standardize_covariates = FALSE to disable.
sys:1: RuntimeWarning: orthogonalize_b: b[:,0] <- 3 direction(s) from X columns [0, 2, 3]; b[:,1] <- 1 direction(s) from X columns [1]
  [linear r074 E]  13.9s  rhat_reg 1.001  div 0  (174/552, 42.4 min, ETA 92 min)
standardize_covariates: standardized 2 covariate(s) in long_formula (age: centre -0.4424, scale 10.67, implied intercept correlation -0.04; sex: centre 0.53, scale 0.4992, implied intercept correlation -0.73). Coefficients are returned on the ORIGINAL scale. Set control$standardize_covariates = FALSE to disable.
  [linear r075 A]  15.7s  rhat_reg 1.012  div 0  (175/552, 42.7 min, ETA 92 min)
standardize_covariates: standardized 2 covariate(s) in long_formula (age: centre -0.4424, scale 10.67, implied intercept correlation -0.04; sex: centre 0.53, scale 0.4992, implied intercept correlation -0.73). Coefficients are returned on the ORIGINAL scale. Set control$standardize_covariates = FALSE to disable.
sys:1: RuntimeWarning: orthogonalize_b: b[:,0] <- 3 direction(s) from X columns [0, 2, 3]; b[:,1] <- no basis (unconstrained)
  [linear r075 D]  13.4s  rhat_reg 1.023  div 0  (176/552, 42.9 min, ETA 92 min)
standardize_covariates: standardized 2 covariate(s) in long_formula (age: centre -0.4424, scale 10.67, implied intercept correlation -0.04; sex: centre 0.53, scale 0.4992, implied intercept correlation -0.73). Coefficients are returned on the ORIGINAL scale. Set control$standardize_covariates = FALSE to disable.
sys:1: RuntimeWarning: orthogonalize_b: b[:,0] <- 3 direction(s) from X columns [0, 2, 3]; b[:,1] <- 1 direction(s) from X columns [1]
  [linear r075 E]  15.8s  rhat_reg 1.002  div 0  (177/552, 43.2 min, ETA 91 min)
standardize_covariates: standardized 2 covariate(s) in long_formula (age: centre -0.3581, scale 10.46, implied intercept correlation -0.03; sex: centre 0.5488, scale 0.4977, implied intercept correlation -0.74). Coefficients are returned on the ORIGINAL scale. Set control$standardize_covariates = FALSE to disable.
  [linear r076 A]  13.2s  rhat_reg 1.009  div 0  (178/552, 43.4 min, ETA 91 min)
standardize_covariates: standardized 2 covariate(s) in long_formula (age: centre -0.3581, scale 10.46, implied intercept correlation -0.03; sex: centre 0.5488, scale 0.4977, implied intercept correlation -0.74). Coefficients are returned on the ORIGINAL scale. Set control$standardize_covariates = FALSE to disable.
sys:1: RuntimeWarning: orthogonalize_b: b[:,0] <- 3 direction(s) from X columns [0, 2, 3]; b[:,1] <- no basis (unconstrained)
  [linear r076 D]  16.0s  rhat_reg 1.011  div 0  (179/552, 43.7 min, ETA 91 min)
standardize_covariates: standardized 2 covariate(s) in long_formula (age: centre -0.3581, scale 10.46, implied intercept correlation -0.03; sex: centre 0.5488, scale 0.4977, implied intercept correlation -0.74). Coefficients are returned on the ORIGINAL scale. Set control$standardize_covariates = FALSE to disable.
sys:1: RuntimeWarning: orthogonalize_b: b[:,0] <- 3 direction(s) from X columns [0, 2, 3]; b[:,1] <- 1 direction(s) from X columns [1]
  [linear r076 E]  13.3s  rhat_reg 1.000  div 0  (180/552, 43.9 min, ETA 91 min)
standardize_covariates: standardized 2 covariate(s) in long_formula (age: centre -0.4775, scale 10.18, implied intercept correlation -0.05; sex: centre 0.4945, scale 0.5001, implied intercept correlation -0.70). Coefficients are returned on the ORIGINAL scale. Set control$standardize_covariates = FALSE to disable.
  [linear r077 A]  16.0s  rhat_reg 1.014  div 0  (181/552, 44.2 min, ETA 91 min)
standardize_covariates: standardized 2 covariate(s) in long_formula (age: centre -0.4775, scale 10.18, implied intercept correlation -0.05; sex: centre 0.4945, scale 0.5001, implied intercept correlation -0.70). Coefficients are returned on the ORIGINAL scale. Set control$standardize_covariates = FALSE to disable.
sys:1: RuntimeWarning: orthogonalize_b: b[:,0] <- 3 direction(s) from X columns [0, 2, 3]; b[:,1] <- no basis (unconstrained)
  [linear r077 D]  16.5s  rhat_reg 1.015  div 0  (182/552, 44.4 min, ETA 90 min)
standardize_covariates: standardized 2 covariate(s) in long_formula (age: centre -0.4775, scale 10.18, implied intercept correlation -0.05; sex: centre 0.4945, scale 0.5001, implied intercept correlation -0.70). Coefficients are returned on the ORIGINAL scale. Set control$standardize_covariates = FALSE to disable.
sys:1: RuntimeWarning: orthogonalize_b: b[:,0] <- 3 direction(s) from X columns [0, 2, 3]; b[:,1] <- 1 direction(s) from X columns [1]
  [linear r077 E]  13.6s  rhat_reg 1.000  div 0  (183/552, 44.7 min, ETA 90 min)
standardize_covariates: standardized 2 covariate(s) in long_formula (age: centre 0.1597, scale 9.823, implied intercept correlation -0.02; sex: centre 0.4931, scale 0.5, implied intercept correlation -0.70). Coefficients are returned on the ORIGINAL scale. Set control$standardize_covariates = FALSE to disable.
  [linear r078 A]  15.9s  rhat_reg 1.011  div 0  (184/552, 44.9 min, ETA 90 min)
standardize_covariates: standardized 2 covariate(s) in long_formula (age: centre 0.1597, scale 9.823, implied intercept correlation -0.02; sex: centre 0.4931, scale 0.5, implied intercept correlation -0.70). Coefficients are returned on the ORIGINAL scale. Set control$standardize_covariates = FALSE to disable.
sys:1: RuntimeWarning: orthogonalize_b: b[:,0] <- 3 direction(s) from X columns [0, 2, 3]; b[:,1] <- no basis (unconstrained)
  [linear r078 D]  13.4s  rhat_reg 1.001  div 0  (185/552, 45.2 min, ETA 90 min)
standardize_covariates: standardized 2 covariate(s) in long_formula (age: centre 0.1597, scale 9.823, implied intercept correlation -0.02; sex: centre 0.4931, scale 0.5, implied intercept correlation -0.70). Coefficients are returned on the ORIGINAL scale. Set control$standardize_covariates = FALSE to disable.
sys:1: RuntimeWarning: orthogonalize_b: b[:,0] <- 3 direction(s) from X columns [0, 2, 3]; b[:,1] <- 1 direction(s) from X columns [1]
  [linear r078 E]  16.5s  rhat_reg 1.001  div 0  (186/552, 45.4 min, ETA 89 min)
standardize_covariates: standardized 2 covariate(s) in long_formula (age: centre -1.251, scale 9.02, implied intercept correlation -0.14; sex: centre 0.5154, scale 0.4999, implied intercept correlation -0.72). Coefficients are returned on the ORIGINAL scale. Set control$standardize_covariates = FALSE to disable.
  [linear r079 A]  13.1s  rhat_reg 1.014  div 0  (187/552, 45.7 min, ETA 89 min)
standardize_covariates: standardized 2 covariate(s) in long_formula (age: centre -1.251, scale 9.02, implied intercept correlation -0.14; sex: centre 0.5154, scale 0.4999, implied intercept correlation -0.72). Coefficients are returned on the ORIGINAL scale. Set control$standardize_covariates = FALSE to disable.
sys:1: RuntimeWarning: orthogonalize_b: b[:,0] <- 3 direction(s) from X columns [0, 2, 3]; b[:,1] <- no basis (unconstrained)
  [linear r079 D]  15.8s  rhat_reg 1.000  div 0  (188/552, 45.9 min, ETA 89 min)
standardize_covariates: standardized 2 covariate(s) in long_formula (age: centre -1.251, scale 9.02, implied intercept correlation -0.14; sex: centre 0.5154, scale 0.4999, implied intercept correlation -0.72). Coefficients are returned on the ORIGINAL scale. Set control$standardize_covariates = FALSE to disable.
sys:1: RuntimeWarning: orthogonalize_b: b[:,0] <- 3 direction(s) from X columns [0, 2, 3]; b[:,1] <- 1 direction(s) from X columns [1]
  [linear r079 E]  13.4s  rhat_reg 1.000  div 0  (189/552, 46.1 min, ETA 89 min)
standardize_covariates: standardized 2 covariate(s) in long_formula (age: centre -0.6673, scale 10.38, implied intercept correlation -0.06; sex: centre 0.4751, scale 0.4995, implied intercept correlation -0.69). Coefficients are returned on the ORIGINAL scale. Set control$standardize_covariates = FALSE to disable.
  [linear r080 A]  16.2s  rhat_reg 1.007  div 0  (190/552, 46.4 min, ETA 88 min)
standardize_covariates: standardized 2 covariate(s) in long_formula (age: centre -0.6673, scale 10.38, implied intercept correlation -0.06; sex: centre 0.4751, scale 0.4995, implied intercept correlation -0.69). Coefficients are returned on the ORIGINAL scale. Set control$standardize_covariates = FALSE to disable.
sys:1: RuntimeWarning: orthogonalize_b: b[:,0] <- 3 direction(s) from X columns [0, 2, 3]; b[:,1] <- no basis (unconstrained)
  [linear r080 D]  13.6s  rhat_reg 1.005  div 0  (191/552, 46.6 min, ETA 88 min)
standardize_covariates: standardized 2 covariate(s) in long_formula (age: centre -0.6673, scale 10.38, implied intercept correlation -0.06; sex: centre 0.4751, scale 0.4995, implied intercept correlation -0.69). Coefficients are returned on the ORIGINAL scale. Set control$standardize_covariates = FALSE to disable.
sys:1: RuntimeWarning: orthogonalize_b: b[:,0] <- 3 direction(s) from X columns [0, 2, 3]; b[:,1] <- 1 direction(s) from X columns [1]
  [linear r080 E]  15.9s  rhat_reg 1.000  div 0  (192/552, 46.9 min, ETA 88 min)
standardize_covariates: standardized 2 covariate(s) in long_formula (age: centre -0.1831, scale 10.16, implied intercept correlation -0.02; sex: centre 0.5153, scale 0.4999, implied intercept correlation -0.72). Coefficients are returned on the ORIGINAL scale. Set control$standardize_covariates = FALSE to disable.
  [linear r081 A]  13.7s  rhat_reg 1.007  div 0  (193/552, 47.1 min, ETA 88 min)
standardize_covariates: standardized 2 covariate(s) in long_formula (age: centre -0.1831, scale 10.16, implied intercept correlation -0.02; sex: centre 0.5153, scale 0.4999, implied intercept correlation -0.72). Coefficients are returned on the ORIGINAL scale. Set control$standardize_covariates = FALSE to disable.
sys:1: RuntimeWarning: orthogonalize_b: b[:,0] <- 3 direction(s) from X columns [0, 2, 3]; b[:,1] <- no basis (unconstrained)
  [linear r081 D]  16.3s  rhat_reg 1.000  div 0  (194/552, 47.4 min, ETA 87 min)
standardize_covariates: standardized 2 covariate(s) in long_formula (age: centre -0.1831, scale 10.16, implied intercept correlation -0.02; sex: centre 0.5153, scale 0.4999, implied intercept correlation -0.72). Coefficients are returned on the ORIGINAL scale. Set control$standardize_covariates = FALSE to disable.
sys:1: RuntimeWarning: orthogonalize_b: b[:,0] <- 3 direction(s) from X columns [0, 2, 3]; b[:,1] <- 1 direction(s) from X columns [1]
  [linear r081 E]  16.4s  rhat_reg 1.000  div 0  (195/552, 47.7 min, ETA 87 min)
standardize_covariates: standardized 2 covariate(s) in long_formula (age: centre 0.2886, scale 9.841, implied intercept correlation -0.03; sex: centre 0.5436, scale 0.4982, implied intercept correlation -0.74). Coefficients are returned on the ORIGINAL scale. Set control$standardize_covariates = FALSE to disable.
  [linear r082 A]  13.4s  rhat_reg 1.010  div 0  (196/552, 47.9 min, ETA 87 min)
standardize_covariates: standardized 2 covariate(s) in long_formula (age: centre 0.2886, scale 9.841, implied intercept correlation -0.03; sex: centre 0.5436, scale 0.4982, implied intercept correlation -0.74). Coefficients are returned on the ORIGINAL scale. Set control$standardize_covariates = FALSE to disable.
sys:1: RuntimeWarning: orthogonalize_b: b[:,0] <- 3 direction(s) from X columns [0, 2, 3]; b[:,1] <- no basis (unconstrained)
  [linear r082 D]  16.2s  rhat_reg 1.003  div 0  (197/552, 48.2 min, ETA 87 min)
standardize_covariates: standardized 2 covariate(s) in long_formula (age: centre 0.2886, scale 9.841, implied intercept correlation -0.03; sex: centre 0.5436, scale 0.4982, implied intercept correlation -0.74). Coefficients are returned on the ORIGINAL scale. Set control$standardize_covariates = FALSE to disable.
sys:1: RuntimeWarning: orthogonalize_b: b[:,0] <- 3 direction(s) from X columns [0, 2, 3]; b[:,1] <- 1 direction(s) from X columns [1]
  [linear r082 E]  13.4s  rhat_reg 1.001  div 0  (198/552, 48.4 min, ETA 87 min)
standardize_covariates: standardized 2 covariate(s) in long_formula (age: centre 0.03855, scale 8.961, implied intercept correlation -0.00; sex: centre 0.5141, scale 0.4999, implied intercept correlation -0.72). Coefficients are returned on the ORIGINAL scale. Set control$standardize_covariates = FALSE to disable.
  [linear r083 A]  13.1s  rhat_reg 1.018  div 0  (199/552, 48.6 min, ETA 86 min)
standardize_covariates: standardized 2 covariate(s) in long_formula (age: centre 0.03855, scale 8.961, implied intercept correlation -0.00; sex: centre 0.5141, scale 0.4999, implied intercept correlation -0.72). Coefficients are returned on the ORIGINAL scale. Set control$standardize_covariates = FALSE to disable.
sys:1: RuntimeWarning: orthogonalize_b: b[:,0] <- 3 direction(s) from X columns [0, 2, 3]; b[:,1] <- no basis (unconstrained)
  [linear r083 D]  16.3s  rhat_reg 1.005  div 0  (200/552, 48.9 min, ETA 86 min)
standardize_covariates: standardized 2 covariate(s) in long_formula (age: centre 0.03855, scale 8.961, implied intercept correlation -0.00; sex: centre 0.5141, scale 0.4999, implied intercept correlation -0.72). Coefficients are returned on the ORIGINAL scale. Set control$standardize_covariates = FALSE to disable.
sys:1: RuntimeWarning: orthogonalize_b: b[:,0] <- 3 direction(s) from X columns [0, 2, 3]; b[:,1] <- 1 direction(s) from X columns [1]
  [linear r083 E]  16.6s  rhat_reg 1.000  div 0  (201/552, 49.2 min, ETA 86 min)
standardize_covariates: standardized 2 covariate(s) in long_formula (age: centre -0.5595, scale 10.34, implied intercept correlation -0.05; sex: centre 0.535, scale 0.4989, implied intercept correlation -0.73). Coefficients are returned on the ORIGINAL scale. Set control$standardize_covariates = FALSE to disable.
  [linear r084 A]  13.2s  rhat_reg 1.006  div 0  (202/552, 49.4 min, ETA 86 min)
standardize_covariates: standardized 2 covariate(s) in long_formula (age: centre -0.5595, scale 10.34, implied intercept correlation -0.05; sex: centre 0.535, scale 0.4989, implied intercept correlation -0.73). Coefficients are returned on the ORIGINAL scale. Set control$standardize_covariates = FALSE to disable.
sys:1: RuntimeWarning: orthogonalize_b: b[:,0] <- 3 direction(s) from X columns [0, 2, 3]; b[:,1] <- no basis (unconstrained)
  [linear r084 D]  16.5s  rhat_reg 1.003  div 0  (203/552, 49.7 min, ETA 85 min)
standardize_covariates: standardized 2 covariate(s) in long_formula (age: centre -0.5595, scale 10.34, implied intercept correlation -0.05; sex: centre 0.535, scale 0.4989, implied intercept correlation -0.73). Coefficients are returned on the ORIGINAL scale. Set control$standardize_covariates = FALSE to disable.
sys:1: RuntimeWarning: orthogonalize_b: b[:,0] <- 3 direction(s) from X columns [0, 2, 3]; b[:,1] <- 1 direction(s) from X columns [1]
  [linear r084 E]  11.8s  rhat_reg 1.000  div 0  (204/552, 49.9 min, ETA 85 min)
standardize_covariates: standardized 2 covariate(s) in long_formula (age: centre -0.2315, scale 9.941, implied intercept correlation -0.02; sex: centre 0.5063, scale 0.5001, implied intercept correlation -0.71). Coefficients are returned on the ORIGINAL scale. Set control$standardize_covariates = FALSE to disable.
  [linear r085 A]  16.1s  rhat_reg 1.005  div 0  (205/552, 50.1 min, ETA 85 min)
standardize_covariates: standardized 2 covariate(s) in long_formula (age: centre -0.2315, scale 9.941, implied intercept correlation -0.02; sex: centre 0.5063, scale 0.5001, implied intercept correlation -0.71). Coefficients are returned on the ORIGINAL scale. Set control$standardize_covariates = FALSE to disable.
sys:1: RuntimeWarning: orthogonalize_b: b[:,0] <- 3 direction(s) from X columns [0, 2, 3]; b[:,1] <- no basis (unconstrained)
  [linear r085 D]  13.3s  rhat_reg 1.000  div 0  (206/552, 50.4 min, ETA 85 min)
standardize_covariates: standardized 2 covariate(s) in long_formula (age: centre -0.2315, scale 9.941, implied intercept correlation -0.02; sex: centre 0.5063, scale 0.5001, implied intercept correlation -0.71). Coefficients are returned on the ORIGINAL scale. Set control$standardize_covariates = FALSE to disable.
sys:1: RuntimeWarning: orthogonalize_b: b[:,0] <- 3 direction(s) from X columns [0, 2, 3]; b[:,1] <- 1 direction(s) from X columns [1]
  [linear r085 E]  13.1s  rhat_reg 1.000  div 0  (207/552, 50.6 min, ETA 84 min)
standardize_covariates: standardized 2 covariate(s) in long_formula (age: centre 0.5409, scale 10, implied intercept correlation -0.05; sex: centre 0.5173, scale 0.4998, implied intercept correlation -0.72). Coefficients are returned on the ORIGINAL scale. Set control$standardize_covariates = FALSE to disable.
  [linear r086 A]  16.2s  rhat_reg 1.006  div 0  (208/552, 50.9 min, ETA 84 min)
standardize_covariates: standardized 2 covariate(s) in long_formula (age: centre 0.5409, scale 10, implied intercept correlation -0.05; sex: centre 0.5173, scale 0.4998, implied intercept correlation -0.72). Coefficients are returned on the ORIGINAL scale. Set control$standardize_covariates = FALSE to disable.
sys:1: RuntimeWarning: orthogonalize_b: b[:,0] <- 3 direction(s) from X columns [0, 2, 3]; b[:,1] <- no basis (unconstrained)
  [linear r086 D]  13.5s  rhat_reg 1.001  div 0  (209/552, 51.1 min, ETA 84 min)
standardize_covariates: standardized 2 covariate(s) in long_formula (age: centre 0.5409, scale 10, implied intercept correlation -0.05; sex: centre 0.5173, scale 0.4998, implied intercept correlation -0.72). Coefficients are returned on the ORIGINAL scale. Set control$standardize_covariates = FALSE to disable.
sys:1: RuntimeWarning: orthogonalize_b: b[:,0] <- 3 direction(s) from X columns [0, 2, 3]; b[:,1] <- 1 direction(s) from X columns [1]
  [linear r086 E]  15.6s  rhat_reg 1.001  div 0  (210/552, 51.3 min, ETA 84 min)
standardize_covariates: standardized 2 covariate(s) in long_formula (age: centre 0.6019, scale 10.47, implied intercept correlation -0.06; sex: centre 0.4571, scale 0.4982, implied intercept correlation -0.68). Coefficients are returned on the ORIGINAL scale. Set control$standardize_covariates = FALSE to disable.
  [linear r087 A]  16.2s  rhat_reg 1.011  div 0  (211/552, 51.6 min, ETA 83 min)
standardize_covariates: standardized 2 covariate(s) in long_formula (age: centre 0.6019, scale 10.47, implied intercept correlation -0.06; sex: centre 0.4571, scale 0.4982, implied intercept correlation -0.68). Coefficients are returned on the ORIGINAL scale. Set control$standardize_covariates = FALSE to disable.
sys:1: RuntimeWarning: orthogonalize_b: b[:,0] <- 3 direction(s) from X columns [0, 2, 3]; b[:,1] <- no basis (unconstrained)
  [linear r087 D]  13.4s  rhat_reg 1.008  div 0  (212/552, 51.8 min, ETA 83 min)
standardize_covariates: standardized 2 covariate(s) in long_formula (age: centre 0.6019, scale 10.47, implied intercept correlation -0.06; sex: centre 0.4571, scale 0.4982, implied intercept correlation -0.68). Coefficients are returned on the ORIGINAL scale. Set control$standardize_covariates = FALSE to disable.
sys:1: RuntimeWarning: orthogonalize_b: b[:,0] <- 3 direction(s) from X columns [0, 2, 3]; b[:,1] <- 1 direction(s) from X columns [1]
  [linear r087 E]  13.3s  rhat_reg 1.000  div 0  (213/552, 52.1 min, ETA 83 min)
standardize_covariates: standardized 2 covariate(s) in long_formula (age: centre -0.9428, scale 10.19, implied intercept correlation -0.09; sex: centre 0.5259, scale 0.4994, implied intercept correlation -0.73). Coefficients are returned on the ORIGINAL scale. Set control$standardize_covariates = FALSE to disable.
  [linear r088 A]  16.4s  rhat_reg 1.008  div 0  (214/552, 52.3 min, ETA 83 min)
standardize_covariates: standardized 2 covariate(s) in long_formula (age: centre -0.9428, scale 10.19, implied intercept correlation -0.09; sex: centre 0.5259, scale 0.4994, implied intercept correlation -0.73). Coefficients are returned on the ORIGINAL scale. Set control$standardize_covariates = FALSE to disable.
sys:1: RuntimeWarning: orthogonalize_b: b[:,0] <- 3 direction(s) from X columns [0, 2, 3]; b[:,1] <- no basis (unconstrained)
  [linear r088 D]  13.9s  rhat_reg 1.010  div 0  (215/552, 52.6 min, ETA 82 min)
standardize_covariates: standardized 2 covariate(s) in long_formula (age: centre -0.9428, scale 10.19, implied intercept correlation -0.09; sex: centre 0.5259, scale 0.4994, implied intercept correlation -0.73). Coefficients are returned on the ORIGINAL scale. Set control$standardize_covariates = FALSE to disable.
sys:1: RuntimeWarning: orthogonalize_b: b[:,0] <- 3 direction(s) from X columns [0, 2, 3]; b[:,1] <- 1 direction(s) from X columns [1]
  [linear r088 E]  16.1s  rhat_reg 1.000  div 0  (216/552, 52.8 min, ETA 82 min)
standardize_covariates: standardized 2 covariate(s) in long_formula (age: centre -0.3405, scale 10.49, implied intercept correlation -0.03; sex: centre 0.4919, scale 0.5, implied intercept correlation -0.70). Coefficients are returned on the ORIGINAL scale. Set control$standardize_covariates = FALSE to disable.
  [linear r089 A]  13.1s  rhat_reg 1.014  div 0  (217/552, 53.1 min, ETA 82 min)
standardize_covariates: standardized 2 covariate(s) in long_formula (age: centre -0.3405, scale 10.49, implied intercept correlation -0.03; sex: centre 0.4919, scale 0.5, implied intercept correlation -0.70). Coefficients are returned on the ORIGINAL scale. Set control$standardize_covariates = FALSE to disable.
sys:1: RuntimeWarning: orthogonalize_b: b[:,0] <- 3 direction(s) from X columns [0, 2, 3]; b[:,1] <- no basis (unconstrained)
  [linear r089 D]  16.4s  rhat_reg 1.001  div 0  (218/552, 53.3 min, ETA 82 min)
standardize_covariates: standardized 2 covariate(s) in long_formula (age: centre -0.3405, scale 10.49, implied intercept correlation -0.03; sex: centre 0.4919, scale 0.5, implied intercept correlation -0.70). Coefficients are returned on the ORIGINAL scale. Set control$standardize_covariates = FALSE to disable.
sys:1: RuntimeWarning: orthogonalize_b: b[:,0] <- 3 direction(s) from X columns [0, 2, 3]; b[:,1] <- 1 direction(s) from X columns [1]
  [linear r089 E]  11.4s  rhat_reg 1.000  div 0  (219/552, 53.5 min, ETA 81 min)
standardize_covariates: standardized 2 covariate(s) in long_formula (age: centre -0.8514, scale 9.02, implied intercept correlation -0.09; sex: centre 0.474, scale 0.4994, implied intercept correlation -0.69). Coefficients are returned on the ORIGINAL scale. Set control$standardize_covariates = FALSE to disable.
  [linear r090 A]  16.0s  rhat_reg 1.009  div 0  (220/552, 53.8 min, ETA 81 min)
standardize_covariates: standardized 2 covariate(s) in long_formula (age: centre -0.8514, scale 9.02, implied intercept correlation -0.09; sex: centre 0.474, scale 0.4994, implied intercept correlation -0.69). Coefficients are returned on the ORIGINAL scale. Set control$standardize_covariates = FALSE to disable.
sys:1: RuntimeWarning: orthogonalize_b: b[:,0] <- 3 direction(s) from X columns [0, 2, 3]; b[:,1] <- no basis (unconstrained)
  [linear r090 D]  13.4s  rhat_reg 1.007  div 0  (221/552, 54.0 min, ETA 81 min)
standardize_covariates: standardized 2 covariate(s) in long_formula (age: centre -0.8514, scale 9.02, implied intercept correlation -0.09; sex: centre 0.474, scale 0.4994, implied intercept correlation -0.69). Coefficients are returned on the ORIGINAL scale. Set control$standardize_covariates = FALSE to disable.
sys:1: RuntimeWarning: orthogonalize_b: b[:,0] <- 3 direction(s) from X columns [0, 2, 3]; b[:,1] <- 1 direction(s) from X columns [1]
  [linear r090 E]  16.2s  rhat_reg 1.001  div 0  (222/552, 54.3 min, ETA 81 min)
standardize_covariates: standardized 2 covariate(s) in long_formula (age: centre 0.2657, scale 8.956, implied intercept correlation -0.03; sex: centre 0.5461, scale 0.498, implied intercept correlation -0.74). Coefficients are returned on the ORIGINAL scale. Set control$standardize_covariates = FALSE to disable.
  [linear r091 A]  13.3s  rhat_reg 1.023  div 0  (223/552, 54.5 min, ETA 80 min)
standardize_covariates: standardized 2 covariate(s) in long_formula (age: centre 0.2657, scale 8.956, implied intercept correlation -0.03; sex: centre 0.5461, scale 0.498, implied intercept correlation -0.74). Coefficients are returned on the ORIGINAL scale. Set control$standardize_covariates = FALSE to disable.
sys:1: RuntimeWarning: orthogonalize_b: b[:,0] <- 3 direction(s) from X columns [0, 2, 3]; b[:,1] <- no basis (unconstrained)
  [linear r091 D]  16.6s  rhat_reg 1.825  div 86  (224/552, 54.8 min, ETA 80 min)
standardize_covariates: standardized 2 covariate(s) in long_formula (age: centre 0.2657, scale 8.956, implied intercept correlation -0.03; sex: centre 0.5461, scale 0.498, implied intercept correlation -0.74). Coefficients are returned on the ORIGINAL scale. Set control$standardize_covariates = FALSE to disable.
sys:1: RuntimeWarning: orthogonalize_b: b[:,0] <- 3 direction(s) from X columns [0, 2, 3]; b[:,1] <- 1 direction(s) from X columns [1]
  [linear r091 E]  12.9s  rhat_reg 1.002  div 0  (225/552, 55.0 min, ETA 80 min)
standardize_covariates: standardized 2 covariate(s) in long_formula (age: centre 0.7268, scale 10.59, implied intercept correlation -0.07; sex: centre 0.5156, scale 0.4999, implied intercept correlation -0.72). Coefficients are returned on the ORIGINAL scale. Set control$standardize_covariates = FALSE to disable.
  [linear r092 A]  16.5s  rhat_reg 1.014  div 0  (226/552, 55.3 min, ETA 80 min)
standardize_covariates: standardized 2 covariate(s) in long_formula (age: centre 0.7268, scale 10.59, implied intercept correlation -0.07; sex: centre 0.5156, scale 0.4999, implied intercept correlation -0.72). Coefficients are returned on the ORIGINAL scale. Set control$standardize_covariates = FALSE to disable.
sys:1: RuntimeWarning: orthogonalize_b: b[:,0] <- 3 direction(s) from X columns [0, 2, 3]; b[:,1] <- no basis (unconstrained)
  [linear r092 D]  13.6s  rhat_reg 1.007  div 0  (227/552, 55.5 min, ETA 79 min)
standardize_covariates: standardized 2 covariate(s) in long_formula (age: centre 0.7268, scale 10.59, implied intercept correlation -0.07; sex: centre 0.5156, scale 0.4999, implied intercept correlation -0.72). Coefficients are returned on the ORIGINAL scale. Set control$standardize_covariates = FALSE to disable.
sys:1: RuntimeWarning: orthogonalize_b: b[:,0] <- 3 direction(s) from X columns [0, 2, 3]; b[:,1] <- 1 direction(s) from X columns [1]
  [linear r092 E]  16.2s  rhat_reg 1.000  div 0  (228/552, 55.8 min, ETA 79 min)
standardize_covariates: standardized 2 covariate(s) in long_formula (age: centre -1.325, scale 9.626, implied intercept correlation -0.14; sex: centre 0.4656, scale 0.4989, implied intercept correlation -0.68). Coefficients are returned on the ORIGINAL scale. Set control$standardize_covariates = FALSE to disable.
  [linear r093 A]  13.3s  rhat_reg 1.008  div 0  (229/552, 56.0 min, ETA 79 min)
standardize_covariates: standardized 2 covariate(s) in long_formula (age: centre -1.325, scale 9.626, implied intercept correlation -0.14; sex: centre 0.4656, scale 0.4989, implied intercept correlation -0.68). Coefficients are returned on the ORIGINAL scale. Set control$standardize_covariates = FALSE to disable.
sys:1: RuntimeWarning: orthogonalize_b: b[:,0] <- 3 direction(s) from X columns [0, 2, 3]; b[:,1] <- no basis (unconstrained)
  [linear r093 D]  16.4s  rhat_reg 1.005  div 0  (230/552, 56.3 min, ETA 79 min)
standardize_covariates: standardized 2 covariate(s) in long_formula (age: centre -1.325, scale 9.626, implied intercept correlation -0.14; sex: centre 0.4656, scale 0.4989, implied intercept correlation -0.68). Coefficients are returned on the ORIGINAL scale. Set control$standardize_covariates = FALSE to disable.
sys:1: RuntimeWarning: orthogonalize_b: b[:,0] <- 3 direction(s) from X columns [0, 2, 3]; b[:,1] <- 1 direction(s) from X columns [1]
  [linear r093 E]  13.1s  rhat_reg 1.000  div 0  (231/552, 56.5 min, ETA 79 min)
standardize_covariates: standardized 2 covariate(s) in long_formula (age: centre 0.2221, scale 9.966, implied intercept correlation -0.02; sex: centre 0.5478, scale 0.4978, implied intercept correlation -0.74). Coefficients are returned on the ORIGINAL scale. Set control$standardize_covariates = FALSE to disable.
  [linear r094 A]  16.2s  rhat_reg 1.012  div 0  (232/552, 56.8 min, ETA 78 min)
standardize_covariates: standardized 2 covariate(s) in long_formula (age: centre 0.2221, scale 9.966, implied intercept correlation -0.02; sex: centre 0.5478, scale 0.4978, implied intercept correlation -0.74). Coefficients are returned on the ORIGINAL scale. Set control$standardize_covariates = FALSE to disable.
sys:1: RuntimeWarning: orthogonalize_b: b[:,0] <- 3 direction(s) from X columns [0, 2, 3]; b[:,1] <- no basis (unconstrained)
  [linear r094 D]  13.1s  rhat_reg 1.017  div 0  (233/552, 57.0 min, ETA 78 min)
standardize_covariates: standardized 2 covariate(s) in long_formula (age: centre 0.2221, scale 9.966, implied intercept correlation -0.02; sex: centre 0.5478, scale 0.4978, implied intercept correlation -0.74). Coefficients are returned on the ORIGINAL scale. Set control$standardize_covariates = FALSE to disable.
sys:1: RuntimeWarning: orthogonalize_b: b[:,0] <- 3 direction(s) from X columns [0, 2, 3]; b[:,1] <- 1 direction(s) from X columns [1]
  [linear r094 E]  16.3s  rhat_reg 1.000  div 0  (234/552, 57.3 min, ETA 78 min)
standardize_covariates: standardized 2 covariate(s) in long_formula (age: centre -0.01039, scale 10.13, implied intercept correlation -0.00; sex: centre 0.512, scale 0.4999, implied intercept correlation -0.72). Coefficients are returned on the ORIGINAL scale. Set control$standardize_covariates = FALSE to disable.
  [linear r095 A]  13.1s  rhat_reg 1.012  div 0  (235/552, 57.5 min, ETA 78 min)
standardize_covariates: standardized 2 covariate(s) in long_formula (age: centre -0.01039, scale 10.13, implied intercept correlation -0.00; sex: centre 0.512, scale 0.4999, implied intercept correlation -0.72). Coefficients are returned on the ORIGINAL scale. Set control$standardize_covariates = FALSE to disable.
sys:1: RuntimeWarning: orthogonalize_b: b[:,0] <- 3 direction(s) from X columns [0, 2, 3]; b[:,1] <- no basis (unconstrained)
  [linear r095 D]  16.6s  rhat_reg 1.015  div 0  (236/552, 57.8 min, ETA 77 min)
standardize_covariates: standardized 2 covariate(s) in long_formula (age: centre -0.01039, scale 10.13, implied intercept correlation -0.00; sex: centre 0.512, scale 0.4999, implied intercept correlation -0.72). Coefficients are returned on the ORIGINAL scale. Set control$standardize_covariates = FALSE to disable.
sys:1: RuntimeWarning: orthogonalize_b: b[:,0] <- 3 direction(s) from X columns [0, 2, 3]; b[:,1] <- 1 direction(s) from X columns [1]
  [linear r095 E]  13.1s  rhat_reg 1.000  div 0  (237/552, 58.0 min, ETA 77 min)
standardize_covariates: standardized 2 covariate(s) in long_formula (age: centre -1.501, scale 9.141, implied intercept correlation -0.16; sex: centre 0.4439, scale 0.4969, implied intercept correlation -0.67). Coefficients are returned on the ORIGINAL scale. Set control$standardize_covariates = FALSE to disable.
  [linear r096 A]  13.1s  rhat_reg 1.011  div 0  (238/552, 58.2 min, ETA 77 min)
standardize_covariates: standardized 2 covariate(s) in long_formula (age: centre -1.501, scale 9.141, implied intercept correlation -0.16; sex: centre 0.4439, scale 0.4969, implied intercept correlation -0.67). Coefficients are returned on the ORIGINAL scale. Set control$standardize_covariates = FALSE to disable.
sys:1: RuntimeWarning: orthogonalize_b: b[:,0] <- 3 direction(s) from X columns [0, 2, 3]; b[:,1] <- no basis (unconstrained)
  [linear r096 D]  16.9s  rhat_reg 1.014  div 0  (239/552, 58.5 min, ETA 77 min)
standardize_covariates: standardized 2 covariate(s) in long_formula (age: centre -1.501, scale 9.141, implied intercept correlation -0.16; sex: centre 0.4439, scale 0.4969, implied intercept correlation -0.67). Coefficients are returned on the ORIGINAL scale. Set control$standardize_covariates = FALSE to disable.
sys:1: RuntimeWarning: orthogonalize_b: b[:,0] <- 3 direction(s) from X columns [0, 2, 3]; b[:,1] <- 1 direction(s) from X columns [1]
  [linear r096 E]  10.6s  rhat_reg 1.002  div 0  (240/552, 58.7 min, ETA 76 min)
standardize_covariates: standardized 2 covariate(s) in long_formula (age: centre -0.1251, scale 10.71, implied intercept correlation -0.01; sex: centre 0.5057, scale 0.5001, implied intercept correlation -0.71). Coefficients are returned on the ORIGINAL scale. Set control$standardize_covariates = FALSE to disable.
  [linear r097 A]  16.1s  rhat_reg 1.016  div 0  (241/552, 58.9 min, ETA 76 min)
standardize_covariates: standardized 2 covariate(s) in long_formula (age: centre -0.1251, scale 10.71, implied intercept correlation -0.01; sex: centre 0.5057, scale 0.5001, implied intercept correlation -0.71). Coefficients are returned on the ORIGINAL scale. Set control$standardize_covariates = FALSE to disable.
sys:1: RuntimeWarning: orthogonalize_b: b[:,0] <- 3 direction(s) from X columns [0, 2, 3]; b[:,1] <- no basis (unconstrained)
  [linear r097 D]  13.4s  rhat_reg 1.009  div 0  (242/552, 59.2 min, ETA 76 min)
standardize_covariates: standardized 2 covariate(s) in long_formula (age: centre -0.1251, scale 10.71, implied intercept correlation -0.01; sex: centre 0.5057, scale 0.5001, implied intercept correlation -0.71). Coefficients are returned on the ORIGINAL scale. Set control$standardize_covariates = FALSE to disable.
sys:1: RuntimeWarning: orthogonalize_b: b[:,0] <- 3 direction(s) from X columns [0, 2, 3]; b[:,1] <- 1 direction(s) from X columns [1]
  [linear r097 E]  16.2s  rhat_reg 1.000  div 0  (243/552, 59.4 min, ETA 76 min)
standardize_covariates: standardized 2 covariate(s) in long_formula (age: centre -0.4027, scale 9.946, implied intercept correlation -0.04; sex: centre 0.4076, scale 0.4915, implied intercept correlation -0.64). Coefficients are returned on the ORIGINAL scale. Set control$standardize_covariates = FALSE to disable.
  [linear r098 A]  13.0s  rhat_reg 1.011  div 0  (244/552, 59.7 min, ETA 75 min)
standardize_covariates: standardized 2 covariate(s) in long_formula (age: centre -0.4027, scale 9.946, implied intercept correlation -0.04; sex: centre 0.4076, scale 0.4915, implied intercept correlation -0.64). Coefficients are returned on the ORIGINAL scale. Set control$standardize_covariates = FALSE to disable.
sys:1: RuntimeWarning: orthogonalize_b: b[:,0] <- 3 direction(s) from X columns [0, 2, 3]; b[:,1] <- no basis (unconstrained)
  [linear r098 D]  13.3s  rhat_reg 1.000  div 0  (245/552, 59.9 min, ETA 75 min)
standardize_covariates: standardized 2 covariate(s) in long_formula (age: centre -0.4027, scale 9.946, implied intercept correlation -0.04; sex: centre 0.4076, scale 0.4915, implied intercept correlation -0.64). Coefficients are returned on the ORIGINAL scale. Set control$standardize_covariates = FALSE to disable.
sys:1: RuntimeWarning: orthogonalize_b: b[:,0] <- 3 direction(s) from X columns [0, 2, 3]; b[:,1] <- 1 direction(s) from X columns [1]
  [linear r098 E]  16.6s  rhat_reg 1.000  div 0  (246/552, 60.2 min, ETA 75 min)
standardize_covariates: standardized 2 covariate(s) in long_formula (age: centre -0.1827, scale 9.26, implied intercept correlation -0.02; sex: centre 0.5358, scale 0.4988, implied intercept correlation -0.73). Coefficients are returned on the ORIGINAL scale. Set control$standardize_covariates = FALSE to disable.
  [linear r099 A]  13.5s  rhat_reg 1.029  div 0  (247/552, 60.4 min, ETA 75 min)
standardize_covariates: standardized 2 covariate(s) in long_formula (age: centre -0.1827, scale 9.26, implied intercept correlation -0.02; sex: centre 0.5358, scale 0.4988, implied intercept correlation -0.73). Coefficients are returned on the ORIGINAL scale. Set control$standardize_covariates = FALSE to disable.
sys:1: RuntimeWarning: orthogonalize_b: b[:,0] <- 3 direction(s) from X columns [0, 2, 3]; b[:,1] <- no basis (unconstrained)
  [linear r099 D]  17.1s  rhat_reg 1.001  div 0  (248/552, 60.7 min, ETA 74 min)
standardize_covariates: standardized 2 covariate(s) in long_formula (age: centre -0.1827, scale 9.26, implied intercept correlation -0.02; sex: centre 0.5358, scale 0.4988, implied intercept correlation -0.73). Coefficients are returned on the ORIGINAL scale. Set control$standardize_covariates = FALSE to disable.
sys:1: RuntimeWarning: orthogonalize_b: b[:,0] <- 3 direction(s) from X columns [0, 2, 3]; b[:,1] <- 1 direction(s) from X columns [1]
  [linear r099 E]  13.6s  rhat_reg 1.001  div 0  (249/552, 60.9 min, ETA 74 min)
standardize_covariates: standardized 2 covariate(s) in long_formula (age: centre -0.521, scale 10.11, implied intercept correlation -0.05; sex: centre 0.4233, scale 0.4942, implied intercept correlation -0.65). Coefficients are returned on the ORIGINAL scale. Set control$standardize_covariates = FALSE to disable.
  [linear r100 A]  17.0s  rhat_reg 1.005  div 0  (250/552, 61.2 min, ETA 74 min)
standardize_covariates: standardized 2 covariate(s) in long_formula (age: centre -0.521, scale 10.11, implied intercept correlation -0.05; sex: centre 0.4233, scale 0.4942, implied intercept correlation -0.65). Coefficients are returned on the ORIGINAL scale. Set control$standardize_covariates = FALSE to disable.
sys:1: RuntimeWarning: orthogonalize_b: b[:,0] <- 3 direction(s) from X columns [0, 2, 3]; b[:,1] <- no basis (unconstrained)
  [linear r100 D]  13.0s  rhat_reg 1.000  div 0  (251/552, 61.4 min, ETA 74 min)
standardize_covariates: standardized 2 covariate(s) in long_formula (age: centre -0.521, scale 10.11, implied intercept correlation -0.05; sex: centre 0.4233, scale 0.4942, implied intercept correlation -0.65). Coefficients are returned on the ORIGINAL scale. Set control$standardize_covariates = FALSE to disable.
sys:1: RuntimeWarning: orthogonalize_b: b[:,0] <- 3 direction(s) from X columns [0, 2, 3]; b[:,1] <- 1 direction(s) from X columns [1]
  [linear r100 E]  16.7s  rhat_reg 1.000  div 0  (252/552, 61.7 min, ETA 73 min)
standardize_covariates: standardized 2 covariate(s) in long_formula (age: centre -0.5688, scale 9.371, implied intercept correlation -0.06; sex: centre 0.5134, scale 0.4999, implied intercept correlation -0.72). Coefficients are returned on the ORIGINAL scale. Set control$standardize_covariates = FALSE to disable.
  [mixing r001 A]  14.3s  rhat_reg 1.005  div 0  (253/552, 61.9 min, ETA 73 min)
standardize_covariates: standardized 2 covariate(s) in long_formula (age: centre -0.5688, scale 9.371, implied intercept correlation -0.06; sex: centre 0.5134, scale 0.4999, implied intercept correlation -0.72). Coefficients are returned on the ORIGINAL scale. Set control$standardize_covariates = FALSE to disable.
sys:1: RuntimeWarning: orthogonalize_b: b[:,0] <- 3 direction(s) from X columns [0, 3, 4]; b[:,1] <- no basis (unconstrained)
  [mixing r001 D]  14.5s  rhat_reg 1.004  div 0  (254/552, 62.2 min, ETA 73 min)
standardize_covariates: standardized 2 covariate(s) in long_formula (age: centre -0.5688, scale 9.371, implied intercept correlation -0.06; sex: centre 0.5134, scale 0.4999, implied intercept correlation -0.72). Coefficients are returned on the ORIGINAL scale. Set control$standardize_covariates = FALSE to disable.
sys:1: RuntimeWarning: orthogonalize_b: b[:,1] - the per-column search found 0 absorbable direction(s), but 1 exist. The extra direction(s) are absorbable only by a COMBINATION of fixed-effects columns that no single column exposes, which is what a spline or orthogonal-polynomial longitudinal mean produces. The exact (basis-independent) basis is being used, so the degeneracy IS removed; this notice exists because the per-column answer alone would have silently left it in place. See vignette('jmjax-reparameterization'), Section 4.5.
sys:1: RuntimeWarning: orthogonalize_b: b[:,0] <- 3 direction(s) from X columns [0, 3, 4]; b[:,1] <- 1 direction(s) (0 from X columns [], 1 from column combinations)
  [mixing r001 E]  17.4s  rhat_reg 0.999  div 0  (255/552, 62.5 min, ETA 73 min)
standardize_covariates: standardized 2 covariate(s) in long_formula (age: centre 0.1636, scale 9.871, implied intercept correlation -0.02; sex: centre 0.5319, scale 0.4991, implied intercept correlation -0.73). Coefficients are returned on the ORIGINAL scale. Set control$standardize_covariates = FALSE to disable.
  [mixing r002 A]  14.3s  rhat_reg 1.032  div 0  (256/552, 62.7 min, ETA 72 min)
standardize_covariates: standardized 2 covariate(s) in long_formula (age: centre 0.1636, scale 9.871, implied intercept correlation -0.02; sex: centre 0.5319, scale 0.4991, implied intercept correlation -0.73). Coefficients are returned on the ORIGINAL scale. Set control$standardize_covariates = FALSE to disable.
sys:1: RuntimeWarning: orthogonalize_b: b[:,0] <- 3 direction(s) from X columns [0, 3, 4]; b[:,1] <- no basis (unconstrained)
  [mixing r002 D]  18.2s  rhat_reg 1.008  div 0  (257/552, 63.0 min, ETA 72 min)
standardize_covariates: standardized 2 covariate(s) in long_formula (age: centre 0.1636, scale 9.871, implied intercept correlation -0.02; sex: centre 0.5319, scale 0.4991, implied intercept correlation -0.73). Coefficients are returned on the ORIGINAL scale. Set control$standardize_covariates = FALSE to disable.
sys:1: RuntimeWarning: orthogonalize_b: b[:,1] - the per-column search found 0 absorbable direction(s), but 1 exist. The extra direction(s) are absorbable only by a COMBINATION of fixed-effects columns that no single column exposes, which is what a spline or orthogonal-polynomial longitudinal mean produces. The exact (basis-independent) basis is being used, so the degeneracy IS removed; this notice exists because the per-column answer alone would have silently left it in place. See vignette('jmjax-reparameterization'), Section 4.5.
sys:1: RuntimeWarning: orthogonalize_b: b[:,0] <- 3 direction(s) from X columns [0, 3, 4]; b[:,1] <- 1 direction(s) (0 from X columns [], 1 from column combinations)
  [mixing r002 E]  13.6s  rhat_reg 1.000  div 0  (258/552, 63.2 min, ETA 72 min)
standardize_covariates: standardized 2 covariate(s) in long_formula (age: centre -0.3036, scale 9.821, implied intercept correlation -0.03; sex: centre 0.495, scale 0.5001, implied intercept correlation -0.70). Coefficients are returned on the ORIGINAL scale. Set control$standardize_covariates = FALSE to disable.
  [mixing r003 A]  14.2s  rhat_reg 1.027  div 0  (259/552, 63.5 min, ETA 72 min)
standardize_covariates: standardized 2 covariate(s) in long_formula (age: centre -0.3036, scale 9.821, implied intercept correlation -0.03; sex: centre 0.495, scale 0.5001, implied intercept correlation -0.70). Coefficients are returned on the ORIGINAL scale. Set control$standardize_covariates = FALSE to disable.
sys:1: RuntimeWarning: orthogonalize_b: b[:,0] <- 3 direction(s) from X columns [0, 3, 4]; b[:,1] <- no basis (unconstrained)
  [mixing r003 D]  17.9s  rhat_reg 1.005  div 0  (260/552, 63.8 min, ETA 72 min)
standardize_covariates: standardized 2 covariate(s) in long_formula (age: centre -0.3036, scale 9.821, implied intercept correlation -0.03; sex: centre 0.495, scale 0.5001, implied intercept correlation -0.70). Coefficients are returned on the ORIGINAL scale. Set control$standardize_covariates = FALSE to disable.
sys:1: RuntimeWarning: orthogonalize_b: b[:,1] - the per-column search found 0 absorbable direction(s), but 1 exist. The extra direction(s) are absorbable only by a COMBINATION of fixed-effects columns that no single column exposes, which is what a spline or orthogonal-polynomial longitudinal mean produces. The exact (basis-independent) basis is being used, so the degeneracy IS removed; this notice exists because the per-column answer alone would have silently left it in place. See vignette('jmjax-reparameterization'), Section 4.5.
sys:1: RuntimeWarning: orthogonalize_b: b[:,0] <- 3 direction(s) from X columns [0, 3, 4]; b[:,1] <- 1 direction(s) (0 from X columns [], 1 from column combinations)
  [mixing r003 E]  13.8s  rhat_reg 1.000  div 0  (261/552, 64.0 min, ETA 71 min)
standardize_covariates: standardized 2 covariate(s) in long_formula (age: centre 0.1425, scale 10.62, implied intercept correlation -0.01; sex: centre 0.5114, scale 0.5, implied intercept correlation -0.72). Coefficients are returned on the ORIGINAL scale. Set control$standardize_covariates = FALSE to disable.
  [mixing r004 A]  18.4s  rhat_reg 1.035  div 0  (262/552, 64.3 min, ETA 71 min)
standardize_covariates: standardized 2 covariate(s) in long_formula (age: centre 0.1425, scale 10.62, implied intercept correlation -0.01; sex: centre 0.5114, scale 0.5, implied intercept correlation -0.72). Coefficients are returned on the ORIGINAL scale. Set control$standardize_covariates = FALSE to disable.
sys:1: RuntimeWarning: orthogonalize_b: b[:,0] <- 3 direction(s) from X columns [0, 3, 4]; b[:,1] <- no basis (unconstrained)
  [mixing r004 D]  16.4s  rhat_reg 1.005  div 0  (263/552, 64.6 min, ETA 71 min)
standardize_covariates: standardized 2 covariate(s) in long_formula (age: centre 0.1425, scale 10.62, implied intercept correlation -0.01; sex: centre 0.5114, scale 0.5, implied intercept correlation -0.72). Coefficients are returned on the ORIGINAL scale. Set control$standardize_covariates = FALSE to disable.
sys:1: RuntimeWarning: orthogonalize_b: b[:,1] - the per-column search found 0 absorbable direction(s), but 1 exist. The extra direction(s) are absorbable only by a COMBINATION of fixed-effects columns that no single column exposes, which is what a spline or orthogonal-polynomial longitudinal mean produces. The exact (basis-independent) basis is being used, so the degeneracy IS removed; this notice exists because the per-column answer alone would have silently left it in place. See vignette('jmjax-reparameterization'), Section 4.5.
sys:1: RuntimeWarning: orthogonalize_b: b[:,0] <- 3 direction(s) from X columns [0, 3, 4]; b[:,1] <- 1 direction(s) (0 from X columns [], 1 from column combinations)
  [mixing r004 E]  17.4s  rhat_reg 1.001  div 0  (264/552, 64.9 min, ETA 71 min)
standardize_covariates: standardized 2 covariate(s) in long_formula (age: centre -0.06033, scale 9.966, implied intercept correlation -0.01; sex: centre 0.4871, scale 0.4999, implied intercept correlation -0.70). Coefficients are returned on the ORIGINAL scale. Set control$standardize_covariates = FALSE to disable.
  [mixing r005 A]  13.9s  rhat_reg 1.019  div 0  (265/552, 65.1 min, ETA 71 min)
standardize_covariates: standardized 2 covariate(s) in long_formula (age: centre -0.06033, scale 9.966, implied intercept correlation -0.01; sex: centre 0.4871, scale 0.4999, implied intercept correlation -0.70). Coefficients are returned on the ORIGINAL scale. Set control$standardize_covariates = FALSE to disable.
sys:1: RuntimeWarning: orthogonalize_b: b[:,0] <- 3 direction(s) from X columns [0, 3, 4]; b[:,1] <- no basis (unconstrained)
  [mixing r005 D]  14.3s  rhat_reg 1.021  div 0  (266/552, 65.4 min, ETA 70 min)
standardize_covariates: standardized 2 covariate(s) in long_formula (age: centre -0.06033, scale 9.966, implied intercept correlation -0.01; sex: centre 0.4871, scale 0.4999, implied intercept correlation -0.70). Coefficients are returned on the ORIGINAL scale. Set control$standardize_covariates = FALSE to disable.
sys:1: RuntimeWarning: orthogonalize_b: b[:,1] - the per-column search found 0 absorbable direction(s), but 1 exist. The extra direction(s) are absorbable only by a COMBINATION of fixed-effects columns that no single column exposes, which is what a spline or orthogonal-polynomial longitudinal mean produces. The exact (basis-independent) basis is being used, so the degeneracy IS removed; this notice exists because the per-column answer alone would have silently left it in place. See vignette('jmjax-reparameterization'), Section 4.5.
sys:1: RuntimeWarning: orthogonalize_b: b[:,0] <- 3 direction(s) from X columns [0, 3, 4]; b[:,1] <- 1 direction(s) (0 from X columns [], 1 from column combinations)
  [mixing r005 E]  17.4s  rhat_reg 1.001  div 0  (267/552, 65.6 min, ETA 70 min)
standardize_covariates: standardized 2 covariate(s) in long_formula (age: centre 0.05899, scale 9.511, implied intercept correlation -0.01; sex: centre 0.4974, scale 0.5001, implied intercept correlation -0.71). Coefficients are returned on the ORIGINAL scale. Set control$standardize_covariates = FALSE to disable.
  [mixing r006 A]  14.5s  rhat_reg 1.027  div 0  (268/552, 65.9 min, ETA 70 min)
standardize_covariates: standardized 2 covariate(s) in long_formula (age: centre 0.05899, scale 9.511, implied intercept correlation -0.01; sex: centre 0.4974, scale 0.5001, implied intercept correlation -0.71). Coefficients are returned on the ORIGINAL scale. Set control$standardize_covariates = FALSE to disable.
sys:1: RuntimeWarning: orthogonalize_b: b[:,0] <- 3 direction(s) from X columns [0, 3, 4]; b[:,1] <- no basis (unconstrained)
  [mixing r006 D]  19.6s  rhat_reg 1.028  div 0  (269/552, 66.2 min, ETA 70 min)
standardize_covariates: standardized 2 covariate(s) in long_formula (age: centre 0.05899, scale 9.511, implied intercept correlation -0.01; sex: centre 0.4974, scale 0.5001, implied intercept correlation -0.71). Coefficients are returned on the ORIGINAL scale. Set control$standardize_covariates = FALSE to disable.
sys:1: RuntimeWarning: orthogonalize_b: b[:,1] - the per-column search found 0 absorbable direction(s), but 1 exist. The extra direction(s) are absorbable only by a COMBINATION of fixed-effects columns that no single column exposes, which is what a spline or orthogonal-polynomial longitudinal mean produces. The exact (basis-independent) basis is being used, so the degeneracy IS removed; this notice exists because the per-column answer alone would have silently left it in place. See vignette('jmjax-reparameterization'), Section 4.5.
sys:1: RuntimeWarning: orthogonalize_b: b[:,0] <- 3 direction(s) from X columns [0, 3, 4]; b[:,1] <- 1 direction(s) (0 from X columns [], 1 from column combinations)
  [mixing r006 E]  14.0s  rhat_reg 1.000  div 0  (270/552, 66.5 min, ETA 69 min)
standardize_covariates: standardized 2 covariate(s) in long_formula (age: centre 0.3241, scale 10.33, implied intercept correlation -0.03; sex: centre 0.4949, scale 0.5001, implied intercept correlation -0.70). Coefficients are returned on the ORIGINAL scale. Set control$standardize_covariates = FALSE to disable.
  [mixing r007 A]  14.2s  rhat_reg 1.021  div 0  (271/552, 66.7 min, ETA 69 min)
standardize_covariates: standardized 2 covariate(s) in long_formula (age: centre 0.3241, scale 10.33, implied intercept correlation -0.03; sex: centre 0.4949, scale 0.5001, implied intercept correlation -0.70). Coefficients are returned on the ORIGINAL scale. Set control$standardize_covariates = FALSE to disable.
sys:1: RuntimeWarning: orthogonalize_b: b[:,0] <- 3 direction(s) from X columns [0, 3, 4]; b[:,1] <- no basis (unconstrained)
  [mixing r007 D]  20.7s  rhat_reg 1.004  div 0  (272/552, 67.0 min, ETA 69 min)
standardize_covariates: standardized 2 covariate(s) in long_formula (age: centre 0.3241, scale 10.33, implied intercept correlation -0.03; sex: centre 0.4949, scale 0.5001, implied intercept correlation -0.70). Coefficients are returned on the ORIGINAL scale. Set control$standardize_covariates = FALSE to disable.
sys:1: RuntimeWarning: orthogonalize_b: b[:,1] - the per-column search found 0 absorbable direction(s), but 1 exist. The extra direction(s) are absorbable only by a COMBINATION of fixed-effects columns that no single column exposes, which is what a spline or orthogonal-polynomial longitudinal mean produces. The exact (basis-independent) basis is being used, so the degeneracy IS removed; this notice exists because the per-column answer alone would have silently left it in place. See vignette('jmjax-reparameterization'), Section 4.5.
sys:1: RuntimeWarning: orthogonalize_b: b[:,0] <- 3 direction(s) from X columns [0, 3, 4]; b[:,1] <- 1 direction(s) (0 from X columns [], 1 from column combinations)
  [mixing r007 E]  12.9s  rhat_reg 1.002  div 0  (273/552, 67.3 min, ETA 69 min)
standardize_covariates: standardized 2 covariate(s) in long_formula (age: centre -0.07109, scale 9.904, implied intercept correlation -0.01; sex: centre 0.497, scale 0.5001, implied intercept correlation -0.70). Coefficients are returned on the ORIGINAL scale. Set control$standardize_covariates = FALSE to disable.
  [mixing r008 A]  13.9s  rhat_reg 1.013  div 0  (274/552, 67.5 min, ETA 68 min)
standardize_covariates: standardized 2 covariate(s) in long_formula (age: centre -0.07109, scale 9.904, implied intercept correlation -0.01; sex: centre 0.497, scale 0.5001, implied intercept correlation -0.70). Coefficients are returned on the ORIGINAL scale. Set control$standardize_covariates = FALSE to disable.
sys:1: RuntimeWarning: orthogonalize_b: b[:,0] <- 3 direction(s) from X columns [0, 3, 4]; b[:,1] <- no basis (unconstrained)
  [mixing r008 D]  18.4s  rhat_reg 1.002  div 0  (275/552, 67.8 min, ETA 68 min)
standardize_covariates: standardized 2 covariate(s) in long_formula (age: centre -0.07109, scale 9.904, implied intercept correlation -0.01; sex: centre 0.497, scale 0.5001, implied intercept correlation -0.70). Coefficients are returned on the ORIGINAL scale. Set control$standardize_covariates = FALSE to disable.
sys:1: RuntimeWarning: orthogonalize_b: b[:,1] - the per-column search found 0 absorbable direction(s), but 1 exist. The extra direction(s) are absorbable only by a COMBINATION of fixed-effects columns that no single column exposes, which is what a spline or orthogonal-polynomial longitudinal mean produces. The exact (basis-independent) basis is being used, so the degeneracy IS removed; this notice exists because the per-column answer alone would have silently left it in place. See vignette('jmjax-reparameterization'), Section 4.5.
sys:1: RuntimeWarning: orthogonalize_b: b[:,0] <- 3 direction(s) from X columns [0, 3, 4]; b[:,1] <- 1 direction(s) (0 from X columns [], 1 from column combinations)
  [mixing r008 E]  14.0s  rhat_reg 1.000  div 0  (276/552, 68.0 min, ETA 68 min)
standardize_covariates: standardized 2 covariate(s) in long_formula (age: centre 0.3303, scale 10.49, implied intercept correlation -0.03; sex: centre 0.5139, scale 0.4999, implied intercept correlation -0.72). Coefficients are returned on the ORIGINAL scale. Set control$standardize_covariates = FALSE to disable.
  [mixing r009 A]  22.1s  rhat_reg 1.008  div 0  (277/552, 68.4 min, ETA 68 min)
standardize_covariates: standardized 2 covariate(s) in long_formula (age: centre 0.3303, scale 10.49, implied intercept correlation -0.03; sex: centre 0.5139, scale 0.4999, implied intercept correlation -0.72). Coefficients are returned on the ORIGINAL scale. Set control$standardize_covariates = FALSE to disable.
sys:1: RuntimeWarning: orthogonalize_b: b[:,0] <- 3 direction(s) from X columns [0, 3, 4]; b[:,1] <- no basis (unconstrained)
  [mixing r009 D]  15.0s  rhat_reg 1.003  div 0  (278/552, 68.6 min, ETA 68 min)
standardize_covariates: standardized 2 covariate(s) in long_formula (age: centre 0.3303, scale 10.49, implied intercept correlation -0.03; sex: centre 0.5139, scale 0.4999, implied intercept correlation -0.72). Coefficients are returned on the ORIGINAL scale. Set control$standardize_covariates = FALSE to disable.
sys:1: RuntimeWarning: orthogonalize_b: b[:,1] - the per-column search found 0 absorbable direction(s), but 1 exist. The extra direction(s) are absorbable only by a COMBINATION of fixed-effects columns that no single column exposes, which is what a spline or orthogonal-polynomial longitudinal mean produces. The exact (basis-independent) basis is being used, so the degeneracy IS removed; this notice exists because the per-column answer alone would have silently left it in place. See vignette('jmjax-reparameterization'), Section 4.5.
sys:1: RuntimeWarning: orthogonalize_b: b[:,0] <- 3 direction(s) from X columns [0, 3, 4]; b[:,1] <- 1 direction(s) (0 from X columns [], 1 from column combinations)
  [mixing r009 E]  13.9s  rhat_reg 1.000  div 0  (279/552, 68.9 min, ETA 67 min)
standardize_covariates: standardized 2 covariate(s) in long_formula (age: centre 0.4484, scale 10.37, implied intercept correlation -0.04; sex: centre 0.5241, scale 0.4995, implied intercept correlation -0.72). Coefficients are returned on the ORIGINAL scale. Set control$standardize_covariates = FALSE to disable.
  [mixing r010 A]  17.9s  rhat_reg 1.024  div 0  (280/552, 69.2 min, ETA 67 min)
standardize_covariates: standardized 2 covariate(s) in long_formula (age: centre 0.4484, scale 10.37, implied intercept correlation -0.04; sex: centre 0.5241, scale 0.4995, implied intercept correlation -0.72). Coefficients are returned on the ORIGINAL scale. Set control$standardize_covariates = FALSE to disable.
sys:1: RuntimeWarning: orthogonalize_b: b[:,0] <- 3 direction(s) from X columns [0, 3, 4]; b[:,1] <- no basis (unconstrained)
  [mixing r010 D]  14.0s  rhat_reg 1.014  div 0  (281/552, 69.4 min, ETA 67 min)
standardize_covariates: standardized 2 covariate(s) in long_formula (age: centre 0.4484, scale 10.37, implied intercept correlation -0.04; sex: centre 0.5241, scale 0.4995, implied intercept correlation -0.72). Coefficients are returned on the ORIGINAL scale. Set control$standardize_covariates = FALSE to disable.
sys:1: RuntimeWarning: orthogonalize_b: b[:,1] - the per-column search found 0 absorbable direction(s), but 1 exist. The extra direction(s) are absorbable only by a COMBINATION of fixed-effects columns that no single column exposes, which is what a spline or orthogonal-polynomial longitudinal mean produces. The exact (basis-independent) basis is being used, so the degeneracy IS removed; this notice exists because the per-column answer alone would have silently left it in place. See vignette('jmjax-reparameterization'), Section 4.5.
sys:1: RuntimeWarning: orthogonalize_b: b[:,0] <- 3 direction(s) from X columns [0, 3, 4]; b[:,1] <- 1 direction(s) (0 from X columns [], 1 from column combinations)
  [mixing r010 E]  17.7s  rhat_reg 1.000  div 0  (282/552, 69.7 min, ETA 67 min)
standardize_covariates: standardized 2 covariate(s) in long_formula (age: centre -0.8388, scale 9.489, implied intercept correlation -0.09; sex: centre 0.5471, scale 0.4979, implied intercept correlation -0.74). Coefficients are returned on the ORIGINAL scale. Set control$standardize_covariates = FALSE to disable.
  [mixing r011 A]  14.8s  rhat_reg 1.016  div 0  (283/552, 70.0 min, ETA 67 min)
standardize_covariates: standardized 2 covariate(s) in long_formula (age: centre -0.8388, scale 9.489, implied intercept correlation -0.09; sex: centre 0.5471, scale 0.4979, implied intercept correlation -0.74). Coefficients are returned on the ORIGINAL scale. Set control$standardize_covariates = FALSE to disable.
sys:1: RuntimeWarning: orthogonalize_b: b[:,0] <- 3 direction(s) from X columns [0, 3, 4]; b[:,1] <- no basis (unconstrained)
  [mixing r011 D]  15.2s  rhat_reg 1.006  div 0  (284/552, 70.2 min, ETA 66 min)
standardize_covariates: standardized 2 covariate(s) in long_formula (age: centre -0.8388, scale 9.489, implied intercept correlation -0.09; sex: centre 0.5471, scale 0.4979, implied intercept correlation -0.74). Coefficients are returned on the ORIGINAL scale. Set control$standardize_covariates = FALSE to disable.
sys:1: RuntimeWarning: orthogonalize_b: b[:,1] - the per-column search found 0 absorbable direction(s), but 1 exist. The extra direction(s) are absorbable only by a COMBINATION of fixed-effects columns that no single column exposes, which is what a spline or orthogonal-polynomial longitudinal mean produces. The exact (basis-independent) basis is being used, so the degeneracy IS removed; this notice exists because the per-column answer alone would have silently left it in place. See vignette('jmjax-reparameterization'), Section 4.5.
sys:1: RuntimeWarning: orthogonalize_b: b[:,0] <- 3 direction(s) from X columns [0, 3, 4]; b[:,1] <- 1 direction(s) (0 from X columns [], 1 from column combinations)
  [mixing r011 E]  17.5s  rhat_reg 1.001  div 0  (285/552, 70.5 min, ETA 66 min)
standardize_covariates: standardized 2 covariate(s) in long_formula (age: centre -1.059, scale 9.611, implied intercept correlation -0.11; sex: centre 0.5468, scale 0.4979, implied intercept correlation -0.74). Coefficients are returned on the ORIGINAL scale. Set control$standardize_covariates = FALSE to disable.
  [mixing r012 A]  14.6s  rhat_reg 1.018  div 0  (286/552, 70.8 min, ETA 66 min)
standardize_covariates: standardized 2 covariate(s) in long_formula (age: centre -1.059, scale 9.611, implied intercept correlation -0.11; sex: centre 0.5468, scale 0.4979, implied intercept correlation -0.74). Coefficients are returned on the ORIGINAL scale. Set control$standardize_covariates = FALSE to disable.
sys:1: RuntimeWarning: orthogonalize_b: b[:,0] <- 3 direction(s) from X columns [0, 3, 4]; b[:,1] <- no basis (unconstrained)
  [mixing r012 D]  18.8s  rhat_reg 1.003  div 0  (287/552, 71.1 min, ETA 66 min)
standardize_covariates: standardized 2 covariate(s) in long_formula (age: centre -1.059, scale 9.611, implied intercept correlation -0.11; sex: centre 0.5468, scale 0.4979, implied intercept correlation -0.74). Coefficients are returned on the ORIGINAL scale. Set control$standardize_covariates = FALSE to disable.
sys:1: RuntimeWarning: orthogonalize_b: b[:,1] - the per-column search found 0 absorbable direction(s), but 1 exist. The extra direction(s) are absorbable only by a COMBINATION of fixed-effects columns that no single column exposes, which is what a spline or orthogonal-polynomial longitudinal mean produces. The exact (basis-independent) basis is being used, so the degeneracy IS removed; this notice exists because the per-column answer alone would have silently left it in place. See vignette('jmjax-reparameterization'), Section 4.5.
sys:1: RuntimeWarning: orthogonalize_b: b[:,0] <- 3 direction(s) from X columns [0, 3, 4]; b[:,1] <- 1 direction(s) (0 from X columns [], 1 from column combinations)
  [mixing r012 E]  13.8s  rhat_reg 1.000  div 0  (288/552, 71.3 min, ETA 65 min)
standardize_covariates: standardized 2 covariate(s) in long_formula (age: centre -0.254, scale 10.95, implied intercept correlation -0.02; sex: centre 0.5055, scale 0.5001, implied intercept correlation -0.71). Coefficients are returned on the ORIGINAL scale. Set control$standardize_covariates = FALSE to disable.
  [mixing r013 A]  14.4s  rhat_reg 1.026  div 0  (289/552, 71.5 min, ETA 65 min)
standardize_covariates: standardized 2 covariate(s) in long_formula (age: centre -0.254, scale 10.95, implied intercept correlation -0.02; sex: centre 0.5055, scale 0.5001, implied intercept correlation -0.71). Coefficients are returned on the ORIGINAL scale. Set control$standardize_covariates = FALSE to disable.
sys:1: RuntimeWarning: orthogonalize_b: b[:,0] <- 3 direction(s) from X columns [0, 3, 4]; b[:,1] <- no basis (unconstrained)
  [mixing r013 D]  18.7s  rhat_reg 1.021  div 0  (290/552, 71.9 min, ETA 65 min)
standardize_covariates: standardized 2 covariate(s) in long_formula (age: centre -0.254, scale 10.95, implied intercept correlation -0.02; sex: centre 0.5055, scale 0.5001, implied intercept correlation -0.71). Coefficients are returned on the ORIGINAL scale. Set control$standardize_covariates = FALSE to disable.
sys:1: RuntimeWarning: orthogonalize_b: b[:,1] - the per-column search found 0 absorbable direction(s), but 1 exist. The extra direction(s) are absorbable only by a COMBINATION of fixed-effects columns that no single column exposes, which is what a spline or orthogonal-polynomial longitudinal mean produces. The exact (basis-independent) basis is being used, so the degeneracy IS removed; this notice exists because the per-column answer alone would have silently left it in place. See vignette('jmjax-reparameterization'), Section 4.5.
sys:1: RuntimeWarning: orthogonalize_b: b[:,0] <- 3 direction(s) from X columns [0, 3, 4]; b[:,1] <- 1 direction(s) (0 from X columns [], 1 from column combinations)
  [mixing r013 E]  12.2s  rhat_reg 1.001  div 0  (291/552, 72.1 min, ETA 65 min)
standardize_covariates: standardized 2 covariate(s) in long_formula (age: centre -0.1567, scale 9.895, implied intercept correlation -0.02; sex: centre 0.5484, scale 0.4977, implied intercept correlation -0.74). Coefficients are returned on the ORIGINAL scale. Set control$standardize_covariates = FALSE to disable.
  [mixing r014 A]  18.2s  rhat_reg 1.005  div 0  (292/552, 72.4 min, ETA 64 min)
standardize_covariates: standardized 2 covariate(s) in long_formula (age: centre -0.1567, scale 9.895, implied intercept correlation -0.02; sex: centre 0.5484, scale 0.4977, implied intercept correlation -0.74). Coefficients are returned on the ORIGINAL scale. Set control$standardize_covariates = FALSE to disable.
sys:1: RuntimeWarning: orthogonalize_b: b[:,0] <- 3 direction(s) from X columns [0, 3, 4]; b[:,1] <- no basis (unconstrained)
  [mixing r014 D]  15.0s  rhat_reg 1.000  div 0  (293/552, 72.6 min, ETA 64 min)
standardize_covariates: standardized 2 covariate(s) in long_formula (age: centre -0.1567, scale 9.895, implied intercept correlation -0.02; sex: centre 0.5484, scale 0.4977, implied intercept correlation -0.74). Coefficients are returned on the ORIGINAL scale. Set control$standardize_covariates = FALSE to disable.
sys:1: RuntimeWarning: orthogonalize_b: b[:,1] - the per-column search found 0 absorbable direction(s), but 1 exist. The extra direction(s) are absorbable only by a COMBINATION of fixed-effects columns that no single column exposes, which is what a spline or orthogonal-polynomial longitudinal mean produces. The exact (basis-independent) basis is being used, so the degeneracy IS removed; this notice exists because the per-column answer alone would have silently left it in place. See vignette('jmjax-reparameterization'), Section 4.5.
sys:1: RuntimeWarning: orthogonalize_b: b[:,0] <- 3 direction(s) from X columns [0, 3, 4]; b[:,1] <- 1 direction(s) (0 from X columns [], 1 from column combinations)
  [mixing r014 E]  13.1s  rhat_reg 1.002  div 0  (294/552, 72.8 min, ETA 64 min)
standardize_covariates: standardized 2 covariate(s) in long_formula (age: centre -1.796, scale 9.647, implied intercept correlation -0.18; sex: centre 0.4861, scale 0.4999, implied intercept correlation -0.70). Coefficients are returned on the ORIGINAL scale. Set control$standardize_covariates = FALSE to disable.
  [mixing r015 A]  18.2s  rhat_reg 1.020  div 0  (295/552, 73.1 min, ETA 64 min)
standardize_covariates: standardized 2 covariate(s) in long_formula (age: centre -1.796, scale 9.647, implied intercept correlation -0.18; sex: centre 0.4861, scale 0.4999, implied intercept correlation -0.70). Coefficients are returned on the ORIGINAL scale. Set control$standardize_covariates = FALSE to disable.
sys:1: RuntimeWarning: orthogonalize_b: b[:,0] <- 3 direction(s) from X columns [0, 3, 4]; b[:,1] <- no basis (unconstrained)
  [mixing r015 D]  15.9s  rhat_reg 1.004  div 0  (296/552, 73.4 min, ETA 63 min)
standardize_covariates: standardized 2 covariate(s) in long_formula (age: centre -1.796, scale 9.647, implied intercept correlation -0.18; sex: centre 0.4861, scale 0.4999, implied intercept correlation -0.70). Coefficients are returned on the ORIGINAL scale. Set control$standardize_covariates = FALSE to disable.
sys:1: RuntimeWarning: orthogonalize_b: b[:,1] - the per-column search found 0 absorbable direction(s), but 1 exist. The extra direction(s) are absorbable only by a COMBINATION of fixed-effects columns that no single column exposes, which is what a spline or orthogonal-polynomial longitudinal mean produces. The exact (basis-independent) basis is being used, so the degeneracy IS removed; this notice exists because the per-column answer alone would have silently left it in place. See vignette('jmjax-reparameterization'), Section 4.5.
sys:1: RuntimeWarning: orthogonalize_b: b[:,0] <- 3 direction(s) from X columns [0, 3, 4]; b[:,1] <- 1 direction(s) (0 from X columns [], 1 from column combinations)
  [mixing r015 E]  14.0s  rhat_reg 1.000  div 0  (297/552, 73.6 min, ETA 63 min)
standardize_covariates: standardized 2 covariate(s) in long_formula (age: centre 0.1572, scale 9.987, implied intercept correlation -0.02; sex: centre 0.4981, scale 0.5001, implied intercept correlation -0.71). Coefficients are returned on the ORIGINAL scale. Set control$standardize_covariates = FALSE to disable.
  [mixing r016 A]  18.4s  rhat_reg 1.010  div 0  (298/552, 74.0 min, ETA 63 min)
standardize_covariates: standardized 2 covariate(s) in long_formula (age: centre 0.1572, scale 9.987, implied intercept correlation -0.02; sex: centre 0.4981, scale 0.5001, implied intercept correlation -0.71). Coefficients are returned on the ORIGINAL scale. Set control$standardize_covariates = FALSE to disable.
sys:1: RuntimeWarning: orthogonalize_b: b[:,0] <- 3 direction(s) from X columns [0, 3, 4]; b[:,1] <- no basis (unconstrained)
  [mixing r016 D]  14.9s  rhat_reg 1.001  div 0  (299/552, 74.2 min, ETA 63 min)
standardize_covariates: standardized 2 covariate(s) in long_formula (age: centre 0.1572, scale 9.987, implied intercept correlation -0.02; sex: centre 0.4981, scale 0.5001, implied intercept correlation -0.71). Coefficients are returned on the ORIGINAL scale. Set control$standardize_covariates = FALSE to disable.
sys:1: RuntimeWarning: orthogonalize_b: b[:,1] - the per-column search found 0 absorbable direction(s), but 1 exist. The extra direction(s) are absorbable only by a COMBINATION of fixed-effects columns that no single column exposes, which is what a spline or orthogonal-polynomial longitudinal mean produces. The exact (basis-independent) basis is being used, so the degeneracy IS removed; this notice exists because the per-column answer alone would have silently left it in place. See vignette('jmjax-reparameterization'), Section 4.5.
sys:1: RuntimeWarning: orthogonalize_b: b[:,0] <- 3 direction(s) from X columns [0, 3, 4]; b[:,1] <- 1 direction(s) (0 from X columns [], 1 from column combinations)
  [mixing r016 E]  18.1s  rhat_reg 1.001  div 0  (300/552, 74.5 min, ETA 63 min)
standardize_covariates: standardized 2 covariate(s) in long_formula (age: centre 0.3648, scale 9.614, implied intercept correlation -0.04; sex: centre 0.4944, scale 0.5001, implied intercept correlation -0.70). Coefficients are returned on the ORIGINAL scale. Set control$standardize_covariates = FALSE to disable.
  [mixing r017 A]  13.6s  rhat_reg 1.011  div 0  (301/552, 74.7 min, ETA 62 min)
standardize_covariates: standardized 2 covariate(s) in long_formula (age: centre 0.3648, scale 9.614, implied intercept correlation -0.04; sex: centre 0.4944, scale 0.5001, implied intercept correlation -0.70). Coefficients are returned on the ORIGINAL scale. Set control$standardize_covariates = FALSE to disable.
sys:1: RuntimeWarning: orthogonalize_b: b[:,0] <- 3 direction(s) from X columns [0, 3, 4]; b[:,1] <- no basis (unconstrained)
  [mixing r017 D]  14.2s  rhat_reg 1.000  div 0  (302/552, 75.0 min, ETA 62 min)
standardize_covariates: standardized 2 covariate(s) in long_formula (age: centre 0.3648, scale 9.614, implied intercept correlation -0.04; sex: centre 0.4944, scale 0.5001, implied intercept correlation -0.70). Coefficients are returned on the ORIGINAL scale. Set control$standardize_covariates = FALSE to disable.
sys:1: RuntimeWarning: orthogonalize_b: b[:,1] - the per-column search found 0 absorbable direction(s), but 1 exist. The extra direction(s) are absorbable only by a COMBINATION of fixed-effects columns that no single column exposes, which is what a spline or orthogonal-polynomial longitudinal mean produces. The exact (basis-independent) basis is being used, so the degeneracy IS removed; this notice exists because the per-column answer alone would have silently left it in place. See vignette('jmjax-reparameterization'), Section 4.5.
sys:1: RuntimeWarning: orthogonalize_b: b[:,0] <- 3 direction(s) from X columns [0, 3, 4]; b[:,1] <- 1 direction(s) (0 from X columns [], 1 from column combinations)
  [mixing r017 E]  17.6s  rhat_reg 1.000  div 0  (303/552, 75.3 min, ETA 62 min)
standardize_covariates: standardized 2 covariate(s) in long_formula (age: centre -0.4753, scale 10.5, implied intercept correlation -0.05; sex: centre 0.5356, scale 0.4988, implied intercept correlation -0.73). Coefficients are returned on the ORIGINAL scale. Set control$standardize_covariates = FALSE to disable.
  [mixing r018 A]  14.0s  rhat_reg 1.018  div 0  (304/552, 75.5 min, ETA 62 min)
standardize_covariates: standardized 2 covariate(s) in long_formula (age: centre -0.4753, scale 10.5, implied intercept correlation -0.05; sex: centre 0.5356, scale 0.4988, implied intercept correlation -0.73). Coefficients are returned on the ORIGINAL scale. Set control$standardize_covariates = FALSE to disable.
sys:1: RuntimeWarning: orthogonalize_b: b[:,0] <- 3 direction(s) from X columns [0, 3, 4]; b[:,1] <- no basis (unconstrained)
  [mixing r018 D]  14.4s  rhat_reg 1.005  div 0  (305/552, 75.8 min, ETA 61 min)
standardize_covariates: standardized 2 covariate(s) in long_formula (age: centre -0.4753, scale 10.5, implied intercept correlation -0.05; sex: centre 0.5356, scale 0.4988, implied intercept correlation -0.73). Coefficients are returned on the ORIGINAL scale. Set control$standardize_covariates = FALSE to disable.
sys:1: RuntimeWarning: orthogonalize_b: b[:,1] - the per-column search found 0 absorbable direction(s), but 1 exist. The extra direction(s) are absorbable only by a COMBINATION of fixed-effects columns that no single column exposes, which is what a spline or orthogonal-polynomial longitudinal mean produces. The exact (basis-independent) basis is being used, so the degeneracy IS removed; this notice exists because the per-column answer alone would have silently left it in place. See vignette('jmjax-reparameterization'), Section 4.5.
sys:1: RuntimeWarning: orthogonalize_b: b[:,0] <- 3 direction(s) from X columns [0, 3, 4]; b[:,1] <- 1 direction(s) (0 from X columns [], 1 from column combinations)
  [mixing r018 E]  17.2s  rhat_reg 1.001  div 0  (306/552, 76.0 min, ETA 61 min)
standardize_covariates: standardized 2 covariate(s) in long_formula (age: centre -1.867, scale 10.5, implied intercept correlation -0.18; sex: centre 0.4458, scale 0.4971, implied intercept correlation -0.67). Coefficients are returned on the ORIGINAL scale. Set control$standardize_covariates = FALSE to disable.
  [mixing r019 A]  14.1s  rhat_reg 1.010  div 0  (307/552, 76.3 min, ETA 61 min)
standardize_covariates: standardized 2 covariate(s) in long_formula (age: centre -1.867, scale 10.5, implied intercept correlation -0.18; sex: centre 0.4458, scale 0.4971, implied intercept correlation -0.67). Coefficients are returned on the ORIGINAL scale. Set control$standardize_covariates = FALSE to disable.
sys:1: RuntimeWarning: orthogonalize_b: b[:,0] <- 3 direction(s) from X columns [0, 3, 4]; b[:,1] <- no basis (unconstrained)
  [mixing r019 D]  14.5s  rhat_reg 1.013  div 0  (308/552, 76.5 min, ETA 61 min)
standardize_covariates: standardized 2 covariate(s) in long_formula (age: centre -1.867, scale 10.5, implied intercept correlation -0.18; sex: centre 0.4458, scale 0.4971, implied intercept correlation -0.67). Coefficients are returned on the ORIGINAL scale. Set control$standardize_covariates = FALSE to disable.
sys:1: RuntimeWarning: orthogonalize_b: b[:,1] - the per-column search found 0 absorbable direction(s), but 1 exist. The extra direction(s) are absorbable only by a COMBINATION of fixed-effects columns that no single column exposes, which is what a spline or orthogonal-polynomial longitudinal mean produces. The exact (basis-independent) basis is being used, so the degeneracy IS removed; this notice exists because the per-column answer alone would have silently left it in place. See vignette('jmjax-reparameterization'), Section 4.5.
sys:1: RuntimeWarning: orthogonalize_b: b[:,0] <- 3 direction(s) from X columns [0, 3, 4]; b[:,1] <- 1 direction(s) (0 from X columns [], 1 from column combinations)
  [mixing r019 E]  17.9s  rhat_reg 1.000  div 0  (309/552, 76.8 min, ETA 60 min)
standardize_covariates: standardized 2 covariate(s) in long_formula (age: centre -0.5882, scale 10.93, implied intercept correlation -0.05; sex: centre 0.4979, scale 0.5001, implied intercept correlation -0.71). Coefficients are returned on the ORIGINAL scale. Set control$standardize_covariates = FALSE to disable.
  [mixing r020 A]  14.2s  rhat_reg 1.013  div 0  (310/552, 77.1 min, ETA 60 min)
standardize_covariates: standardized 2 covariate(s) in long_formula (age: centre -0.5882, scale 10.93, implied intercept correlation -0.05; sex: centre 0.4979, scale 0.5001, implied intercept correlation -0.71). Coefficients are returned on the ORIGINAL scale. Set control$standardize_covariates = FALSE to disable.
sys:1: RuntimeWarning: orthogonalize_b: b[:,0] <- 3 direction(s) from X columns [0, 3, 4]; b[:,1] <- no basis (unconstrained)
  [mixing r020 D]  19.3s  rhat_reg 1.004  div 0  (311/552, 77.4 min, ETA 60 min)
standardize_covariates: standardized 2 covariate(s) in long_formula (age: centre -0.5882, scale 10.93, implied intercept correlation -0.05; sex: centre 0.4979, scale 0.5001, implied intercept correlation -0.71). Coefficients are returned on the ORIGINAL scale. Set control$standardize_covariates = FALSE to disable.
sys:1: RuntimeWarning: orthogonalize_b: b[:,1] - the per-column search found 0 absorbable direction(s), but 1 exist. The extra direction(s) are absorbable only by a COMBINATION of fixed-effects columns that no single column exposes, which is what a spline or orthogonal-polynomial longitudinal mean produces. The exact (basis-independent) basis is being used, so the degeneracy IS removed; this notice exists because the per-column answer alone would have silently left it in place. See vignette('jmjax-reparameterization'), Section 4.5.
sys:1: RuntimeWarning: orthogonalize_b: b[:,0] <- 3 direction(s) from X columns [0, 3, 4]; b[:,1] <- 1 direction(s) (0 from X columns [], 1 from column combinations)
  [mixing r020 E]  13.2s  rhat_reg 1.001  div 0  (312/552, 77.6 min, ETA 60 min)
standardize_covariates: standardized 2 covariate(s) in long_formula (age: centre -0.7917, scale 10.1, implied intercept correlation -0.08; sex: centre 0.5432, scale 0.4982, implied intercept correlation -0.74). Coefficients are returned on the ORIGINAL scale. Set control$standardize_covariates = FALSE to disable.
  [mixing r021 A]  14.0s  rhat_reg 1.017  div 0  (313/552, 77.8 min, ETA 59 min)
standardize_covariates: standardized 2 covariate(s) in long_formula (age: centre -0.7917, scale 10.1, implied intercept correlation -0.08; sex: centre 0.5432, scale 0.4982, implied intercept correlation -0.74). Coefficients are returned on the ORIGINAL scale. Set control$standardize_covariates = FALSE to disable.
sys:1: RuntimeWarning: orthogonalize_b: b[:,0] <- 3 direction(s) from X columns [0, 3, 4]; b[:,1] <- no basis (unconstrained)
  [mixing r021 D]  19.1s  rhat_reg 1.000  div 0  (314/552, 78.2 min, ETA 59 min)
standardize_covariates: standardized 2 covariate(s) in long_formula (age: centre -0.7917, scale 10.1, implied intercept correlation -0.08; sex: centre 0.5432, scale 0.4982, implied intercept correlation -0.74). Coefficients are returned on the ORIGINAL scale. Set control$standardize_covariates = FALSE to disable.
sys:1: RuntimeWarning: orthogonalize_b: b[:,1] - the per-column search found 0 absorbable direction(s), but 1 exist. The extra direction(s) are absorbable only by a COMBINATION of fixed-effects columns that no single column exposes, which is what a spline or orthogonal-polynomial longitudinal mean produces. The exact (basis-independent) basis is being used, so the degeneracy IS removed; this notice exists because the per-column answer alone would have silently left it in place. See vignette('jmjax-reparameterization'), Section 4.5.
sys:1: RuntimeWarning: orthogonalize_b: b[:,0] <- 3 direction(s) from X columns [0, 3, 4]; b[:,1] <- 1 direction(s) (0 from X columns [], 1 from column combinations)
  [mixing r021 E]  13.9s  rhat_reg 1.000  div 0  (315/552, 78.4 min, ETA 59 min)
standardize_covariates: standardized 2 covariate(s) in long_formula (age: centre -0.1962, scale 10.08, implied intercept correlation -0.02; sex: centre 0.4756, scale 0.4995, implied intercept correlation -0.69). Coefficients are returned on the ORIGINAL scale. Set control$standardize_covariates = FALSE to disable.
  [mixing r022 A]  14.3s  rhat_reg 1.017  div 0  (316/552, 78.6 min, ETA 59 min)
standardize_covariates: standardized 2 covariate(s) in long_formula (age: centre -0.1962, scale 10.08, implied intercept correlation -0.02; sex: centre 0.4756, scale 0.4995, implied intercept correlation -0.69). Coefficients are returned on the ORIGINAL scale. Set control$standardize_covariates = FALSE to disable.
sys:1: RuntimeWarning: orthogonalize_b: b[:,0] <- 3 direction(s) from X columns [0, 3, 4]; b[:,1] <- no basis (unconstrained)
  [mixing r022 D]  20.0s  rhat_reg 1.008  div 0  (317/552, 79.0 min, ETA 59 min)
standardize_covariates: standardized 2 covariate(s) in long_formula (age: centre -0.1962, scale 10.08, implied intercept correlation -0.02; sex: centre 0.4756, scale 0.4995, implied intercept correlation -0.69). Coefficients are returned on the ORIGINAL scale. Set control$standardize_covariates = FALSE to disable.
sys:1: RuntimeWarning: orthogonalize_b: b[:,1] - the per-column search found 0 absorbable direction(s), but 1 exist. The extra direction(s) are absorbable only by a COMBINATION of fixed-effects columns that no single column exposes, which is what a spline or orthogonal-polynomial longitudinal mean produces. The exact (basis-independent) basis is being used, so the degeneracy IS removed; this notice exists because the per-column answer alone would have silently left it in place. See vignette('jmjax-reparameterization'), Section 4.5.
sys:1: RuntimeWarning: orthogonalize_b: b[:,0] <- 3 direction(s) from X columns [0, 3, 4]; b[:,1] <- 1 direction(s) (0 from X columns [], 1 from column combinations)
  [mixing r022 E]  13.6s  rhat_reg 1.000  div 0  (318/552, 79.2 min, ETA 58 min)
standardize_covariates: standardized 2 covariate(s) in long_formula (age: centre -0.7377, scale 9.959, implied intercept correlation -0.07; sex: centre 0.5104, scale 0.5, implied intercept correlation -0.71). Coefficients are returned on the ORIGINAL scale. Set control$standardize_covariates = FALSE to disable.
  [mixing r023 A]  14.7s  rhat_reg 1.024  div 0  (319/552, 79.4 min, ETA 58 min)
standardize_covariates: standardized 2 covariate(s) in long_formula (age: centre -0.7377, scale 9.959, implied intercept correlation -0.07; sex: centre 0.5104, scale 0.5, implied intercept correlation -0.71). Coefficients are returned on the ORIGINAL scale. Set control$standardize_covariates = FALSE to disable.
sys:1: RuntimeWarning: orthogonalize_b: b[:,0] <- 3 direction(s) from X columns [0, 3, 4]; b[:,1] <- no basis (unconstrained)
  [mixing r023 D]  19.3s  rhat_reg 1.020  div 0  (320/552, 79.8 min, ETA 58 min)
standardize_covariates: standardized 2 covariate(s) in long_formula (age: centre -0.7377, scale 9.959, implied intercept correlation -0.07; sex: centre 0.5104, scale 0.5, implied intercept correlation -0.71). Coefficients are returned on the ORIGINAL scale. Set control$standardize_covariates = FALSE to disable.
sys:1: RuntimeWarning: orthogonalize_b: b[:,1] - the per-column search found 0 absorbable direction(s), but 1 exist. The extra direction(s) are absorbable only by a COMBINATION of fixed-effects columns that no single column exposes, which is what a spline or orthogonal-polynomial longitudinal mean produces. The exact (basis-independent) basis is being used, so the degeneracy IS removed; this notice exists because the per-column answer alone would have silently left it in place. See vignette('jmjax-reparameterization'), Section 4.5.
sys:1: RuntimeWarning: orthogonalize_b: b[:,0] <- 3 direction(s) from X columns [0, 3, 4]; b[:,1] <- 1 direction(s) (0 from X columns [], 1 from column combinations)
  [mixing r023 E]  13.7s  rhat_reg 1.001  div 0  (321/552, 80.0 min, ETA 58 min)
standardize_covariates: standardized 2 covariate(s) in long_formula (age: centre -0.8279, scale 10.61, implied intercept correlation -0.08; sex: centre 0.5481, scale 0.4978, implied intercept correlation -0.74). Coefficients are returned on the ORIGINAL scale. Set control$standardize_covariates = FALSE to disable.
  [mixing r024 A]  14.2s  rhat_reg 1.038  div 0  (322/552, 80.2 min, ETA 57 min)
standardize_covariates: standardized 2 covariate(s) in long_formula (age: centre -0.8279, scale 10.61, implied intercept correlation -0.08; sex: centre 0.5481, scale 0.4978, implied intercept correlation -0.74). Coefficients are returned on the ORIGINAL scale. Set control$standardize_covariates = FALSE to disable.
sys:1: RuntimeWarning: orthogonalize_b: b[:,0] <- 3 direction(s) from X columns [0, 3, 4]; b[:,1] <- no basis (unconstrained)
  [mixing r024 D]  19.1s  rhat_reg 1.006  div 0  (323/552, 80.6 min, ETA 57 min)
standardize_covariates: standardized 2 covariate(s) in long_formula (age: centre -0.8279, scale 10.61, implied intercept correlation -0.08; sex: centre 0.5481, scale 0.4978, implied intercept correlation -0.74). Coefficients are returned on the ORIGINAL scale. Set control$standardize_covariates = FALSE to disable.
sys:1: RuntimeWarning: orthogonalize_b: b[:,1] - the per-column search found 0 absorbable direction(s), but 1 exist. The extra direction(s) are absorbable only by a COMBINATION of fixed-effects columns that no single column exposes, which is what a spline or orthogonal-polynomial longitudinal mean produces. The exact (basis-independent) basis is being used, so the degeneracy IS removed; this notice exists because the per-column answer alone would have silently left it in place. See vignette('jmjax-reparameterization'), Section 4.5.
sys:1: RuntimeWarning: orthogonalize_b: b[:,0] <- 3 direction(s) from X columns [0, 3, 4]; b[:,1] <- 1 direction(s) (0 from X columns [], 1 from column combinations)
  [mixing r024 E]  13.9s  rhat_reg 1.000  div 0  (324/552, 80.8 min, ETA 57 min)
standardize_covariates: standardized 2 covariate(s) in long_formula (age: centre -1.277, scale 9.832, implied intercept correlation -0.13; sex: centre 0.4583, scale 0.4984, implied intercept correlation -0.68). Coefficients are returned on the ORIGINAL scale. Set control$standardize_covariates = FALSE to disable.
  [mixing r025 A]  14.5s  rhat_reg 1.005  div 0  (325/552, 81.0 min, ETA 57 min)
standardize_covariates: standardized 2 covariate(s) in long_formula (age: centre -1.277, scale 9.832, implied intercept correlation -0.13; sex: centre 0.4583, scale 0.4984, implied intercept correlation -0.68). Coefficients are returned on the ORIGINAL scale. Set control$standardize_covariates = FALSE to disable.
sys:1: RuntimeWarning: orthogonalize_b: b[:,0] <- 3 direction(s) from X columns [0, 3, 4]; b[:,1] <- no basis (unconstrained)
  [mixing r025 D]  19.1s  rhat_reg 1.006  div 0  (326/552, 81.3 min, ETA 56 min)
standardize_covariates: standardized 2 covariate(s) in long_formula (age: centre -1.277, scale 9.832, implied intercept correlation -0.13; sex: centre 0.4583, scale 0.4984, implied intercept correlation -0.68). Coefficients are returned on the ORIGINAL scale. Set control$standardize_covariates = FALSE to disable.
sys:1: RuntimeWarning: orthogonalize_b: b[:,1] - the per-column search found 0 absorbable direction(s), but 1 exist. The extra direction(s) are absorbable only by a COMBINATION of fixed-effects columns that no single column exposes, which is what a spline or orthogonal-polynomial longitudinal mean produces. The exact (basis-independent) basis is being used, so the degeneracy IS removed; this notice exists because the per-column answer alone would have silently left it in place. See vignette('jmjax-reparameterization'), Section 4.5.
sys:1: RuntimeWarning: orthogonalize_b: b[:,0] <- 3 direction(s) from X columns [0, 3, 4]; b[:,1] <- 1 direction(s) (0 from X columns [], 1 from column combinations)
  [mixing r025 E]  12.3s  rhat_reg 1.000  div 0  (327/552, 81.6 min, ETA 56 min)
standardize_covariates: standardized 2 covariate(s) in long_formula (age: centre 0.1332, scale 9.548, implied intercept correlation -0.01; sex: centre 0.4898, scale 0.5, implied intercept correlation -0.70). Coefficients are returned on the ORIGINAL scale. Set control$standardize_covariates = FALSE to disable.
  [mixing r026 A]  13.7s  rhat_reg 1.011  div 0  (328/552, 81.8 min, ETA 56 min)
standardize_covariates: standardized 2 covariate(s) in long_formula (age: centre 0.1332, scale 9.548, implied intercept correlation -0.01; sex: centre 0.4898, scale 0.5, implied intercept correlation -0.70). Coefficients are returned on the ORIGINAL scale. Set control$standardize_covariates = FALSE to disable.
sys:1: RuntimeWarning: orthogonalize_b: b[:,0] <- 3 direction(s) from X columns [0, 3, 4]; b[:,1] <- no basis (unconstrained)
  [mixing r026 D]  18.3s  rhat_reg 1.012  div 0  (329/552, 82.1 min, ETA 56 min)
standardize_covariates: standardized 2 covariate(s) in long_formula (age: centre 0.1332, scale 9.548, implied intercept correlation -0.01; sex: centre 0.4898, scale 0.5, implied intercept correlation -0.70). Coefficients are returned on the ORIGINAL scale. Set control$standardize_covariates = FALSE to disable.
sys:1: RuntimeWarning: orthogonalize_b: b[:,1] - the per-column search found 0 absorbable direction(s), but 1 exist. The extra direction(s) are absorbable only by a COMBINATION of fixed-effects columns that no single column exposes, which is what a spline or orthogonal-polynomial longitudinal mean produces. The exact (basis-independent) basis is being used, so the degeneracy IS removed; this notice exists because the per-column answer alone would have silently left it in place. See vignette('jmjax-reparameterization'), Section 4.5.
sys:1: RuntimeWarning: orthogonalize_b: b[:,0] <- 3 direction(s) from X columns [0, 3, 4]; b[:,1] <- 1 direction(s) (0 from X columns [], 1 from column combinations)
  [mixing r026 E]  12.0s  rhat_reg 1.000  div 0  (330/552, 82.3 min, ETA 55 min)
standardize_covariates: standardized 2 covariate(s) in long_formula (age: centre 0.2567, scale 9.71, implied intercept correlation -0.03; sex: centre 0.4813, scale 0.4997, implied intercept correlation -0.69). Coefficients are returned on the ORIGINAL scale. Set control$standardize_covariates = FALSE to disable.
  [mixing r027 A]  16.6s  rhat_reg 1.003  div 0  (331/552, 82.6 min, ETA 55 min)
standardize_covariates: standardized 2 covariate(s) in long_formula (age: centre 0.2567, scale 9.71, implied intercept correlation -0.03; sex: centre 0.4813, scale 0.4997, implied intercept correlation -0.69). Coefficients are returned on the ORIGINAL scale. Set control$standardize_covariates = FALSE to disable.
sys:1: RuntimeWarning: orthogonalize_b: b[:,0] <- 3 direction(s) from X columns [0, 3, 4]; b[:,1] <- no basis (unconstrained)
  [mixing r027 D]  18.6s  rhat_reg 1.004  div 0  (332/552, 82.9 min, ETA 55 min)
standardize_covariates: standardized 2 covariate(s) in long_formula (age: centre 0.2567, scale 9.71, implied intercept correlation -0.03; sex: centre 0.4813, scale 0.4997, implied intercept correlation -0.69). Coefficients are returned on the ORIGINAL scale. Set control$standardize_covariates = FALSE to disable.
sys:1: RuntimeWarning: orthogonalize_b: b[:,1] - the per-column search found 0 absorbable direction(s), but 1 exist. The extra direction(s) are absorbable only by a COMBINATION of fixed-effects columns that no single column exposes, which is what a spline or orthogonal-polynomial longitudinal mean produces. The exact (basis-independent) basis is being used, so the degeneracy IS removed; this notice exists because the per-column answer alone would have silently left it in place. See vignette('jmjax-reparameterization'), Section 4.5.
sys:1: RuntimeWarning: orthogonalize_b: b[:,0] <- 3 direction(s) from X columns [0, 3, 4]; b[:,1] <- 1 direction(s) (0 from X columns [], 1 from column combinations)
  [mixing r027 E]  13.5s  rhat_reg 1.002  div 0  (333/552, 83.1 min, ETA 55 min)
standardize_covariates: standardized 2 covariate(s) in long_formula (age: centre 0.3149, scale 9.946, implied intercept correlation -0.03; sex: centre 0.4683, scale 0.4991, implied intercept correlation -0.68). Coefficients are returned on the ORIGINAL scale. Set control$standardize_covariates = FALSE to disable.
  [mixing r028 A]  13.9s  rhat_reg 1.037  div 0  (334/552, 83.3 min, ETA 54 min)
standardize_covariates: standardized 2 covariate(s) in long_formula (age: centre 0.3149, scale 9.946, implied intercept correlation -0.03; sex: centre 0.4683, scale 0.4991, implied intercept correlation -0.68). Coefficients are returned on the ORIGINAL scale. Set control$standardize_covariates = FALSE to disable.
sys:1: RuntimeWarning: orthogonalize_b: b[:,0] <- 3 direction(s) from X columns [0, 3, 4]; b[:,1] <- no basis (unconstrained)
  [mixing r028 D]  18.6s  rhat_reg 1.002  div 0  (335/552, 83.7 min, ETA 54 min)
standardize_covariates: standardized 2 covariate(s) in long_formula (age: centre 0.3149, scale 9.946, implied intercept correlation -0.03; sex: centre 0.4683, scale 0.4991, implied intercept correlation -0.68). Coefficients are returned on the ORIGINAL scale. Set control$standardize_covariates = FALSE to disable.
sys:1: RuntimeWarning: orthogonalize_b: b[:,1] - the per-column search found 0 absorbable direction(s), but 1 exist. The extra direction(s) are absorbable only by a COMBINATION of fixed-effects columns that no single column exposes, which is what a spline or orthogonal-polynomial longitudinal mean produces. The exact (basis-independent) basis is being used, so the degeneracy IS removed; this notice exists because the per-column answer alone would have silently left it in place. See vignette('jmjax-reparameterization'), Section 4.5.
sys:1: RuntimeWarning: orthogonalize_b: b[:,0] <- 3 direction(s) from X columns [0, 3, 4]; b[:,1] <- 1 direction(s) (0 from X columns [], 1 from column combinations)
  [mixing r028 E]  13.6s  rhat_reg 1.001  div 0  (336/552, 83.9 min, ETA 54 min)
standardize_covariates: standardized 2 covariate(s) in long_formula (age: centre 0.5404, scale 10.08, implied intercept correlation -0.05; sex: centre 0.4518, scale 0.4978, implied intercept correlation -0.67). Coefficients are returned on the ORIGINAL scale. Set control$standardize_covariates = FALSE to disable.
  [mixing r029 A]  14.6s  rhat_reg 1.022  div 0  (337/552, 84.1 min, ETA 54 min)
standardize_covariates: standardized 2 covariate(s) in long_formula (age: centre 0.5404, scale 10.08, implied intercept correlation -0.05; sex: centre 0.4518, scale 0.4978, implied intercept correlation -0.67). Coefficients are returned on the ORIGINAL scale. Set control$standardize_covariates = FALSE to disable.
sys:1: RuntimeWarning: orthogonalize_b: b[:,0] <- 3 direction(s) from X columns [0, 3, 4]; b[:,1] <- no basis (unconstrained)
  [mixing r029 D]  20.1s  rhat_reg 1.005  div 0  (338/552, 84.5 min, ETA 53 min)
standardize_covariates: standardized 2 covariate(s) in long_formula (age: centre 0.5404, scale 10.08, implied intercept correlation -0.05; sex: centre 0.4518, scale 0.4978, implied intercept correlation -0.67). Coefficients are returned on the ORIGINAL scale. Set control$standardize_covariates = FALSE to disable.
sys:1: RuntimeWarning: orthogonalize_b: b[:,1] - the per-column search found 0 absorbable direction(s), but 1 exist. The extra direction(s) are absorbable only by a COMBINATION of fixed-effects columns that no single column exposes, which is what a spline or orthogonal-polynomial longitudinal mean produces. The exact (basis-independent) basis is being used, so the degeneracy IS removed; this notice exists because the per-column answer alone would have silently left it in place. See vignette('jmjax-reparameterization'), Section 4.5.
sys:1: RuntimeWarning: orthogonalize_b: b[:,0] <- 3 direction(s) from X columns [0, 3, 4]; b[:,1] <- 1 direction(s) (0 from X columns [], 1 from column combinations)
  [mixing r029 E]  14.5s  rhat_reg 1.000  div 0  (339/552, 84.7 min, ETA 53 min)
standardize_covariates: standardized 2 covariate(s) in long_formula (age: centre -0.6723, scale 9.987, implied intercept correlation -0.07; sex: centre 0.4915, scale 0.5, implied intercept correlation -0.70). Coefficients are returned on the ORIGINAL scale. Set control$standardize_covariates = FALSE to disable.
  [mixing r030 A]  19.1s  rhat_reg 1.019  div 0  (340/552, 85.0 min, ETA 53 min)
standardize_covariates: standardized 2 covariate(s) in long_formula (age: centre -0.6723, scale 9.987, implied intercept correlation -0.07; sex: centre 0.4915, scale 0.5, implied intercept correlation -0.70). Coefficients are returned on the ORIGINAL scale. Set control$standardize_covariates = FALSE to disable.
sys:1: RuntimeWarning: orthogonalize_b: b[:,0] <- 3 direction(s) from X columns [0, 3, 4]; b[:,1] <- no basis (unconstrained)
  [mixing r030 D]  15.4s  rhat_reg 1.002  div 0  (341/552, 85.3 min, ETA 53 min)
standardize_covariates: standardized 2 covariate(s) in long_formula (age: centre -0.6723, scale 9.987, implied intercept correlation -0.07; sex: centre 0.4915, scale 0.5, implied intercept correlation -0.70). Coefficients are returned on the ORIGINAL scale. Set control$standardize_covariates = FALSE to disable.
sys:1: RuntimeWarning: orthogonalize_b: b[:,1] - the per-column search found 0 absorbable direction(s), but 1 exist. The extra direction(s) are absorbable only by a COMBINATION of fixed-effects columns that no single column exposes, which is what a spline or orthogonal-polynomial longitudinal mean produces. The exact (basis-independent) basis is being used, so the degeneracy IS removed; this notice exists because the per-column answer alone would have silently left it in place. See vignette('jmjax-reparameterization'), Section 4.5.
sys:1: RuntimeWarning: orthogonalize_b: b[:,0] <- 3 direction(s) from X columns [0, 3, 4]; b[:,1] <- 1 direction(s) (0 from X columns [], 1 from column combinations)
  [mixing r030 E]  14.5s  rhat_reg 1.001  div 0  (342/552, 85.5 min, ETA 53 min)
standardize_covariates: standardized 2 covariate(s) in long_formula (age: centre -1.023, scale 10.26, implied intercept correlation -0.10; sex: centre 0.5314, scale 0.4991, implied intercept correlation -0.73). Coefficients are returned on the ORIGINAL scale. Set control$standardize_covariates = FALSE to disable.
  [mixing r031 A]  19.0s  rhat_reg 1.017  div 0  (343/552, 85.8 min, ETA 52 min)
standardize_covariates: standardized 2 covariate(s) in long_formula (age: centre -1.023, scale 10.26, implied intercept correlation -0.10; sex: centre 0.5314, scale 0.4991, implied intercept correlation -0.73). Coefficients are returned on the ORIGINAL scale. Set control$standardize_covariates = FALSE to disable.
sys:1: RuntimeWarning: orthogonalize_b: b[:,0] <- 3 direction(s) from X columns [0, 3, 4]; b[:,1] <- no basis (unconstrained)
  [mixing r031 D]  14.1s  rhat_reg 1.023  div 0  (344/552, 86.1 min, ETA 52 min)
standardize_covariates: standardized 2 covariate(s) in long_formula (age: centre -1.023, scale 10.26, implied intercept correlation -0.10; sex: centre 0.5314, scale 0.4991, implied intercept correlation -0.73). Coefficients are returned on the ORIGINAL scale. Set control$standardize_covariates = FALSE to disable.
sys:1: RuntimeWarning: orthogonalize_b: b[:,1] - the per-column search found 0 absorbable direction(s), but 1 exist. The extra direction(s) are absorbable only by a COMBINATION of fixed-effects columns that no single column exposes, which is what a spline or orthogonal-polynomial longitudinal mean produces. The exact (basis-independent) basis is being used, so the degeneracy IS removed; this notice exists because the per-column answer alone would have silently left it in place. See vignette('jmjax-reparameterization'), Section 4.5.
sys:1: RuntimeWarning: orthogonalize_b: b[:,0] <- 3 direction(s) from X columns [0, 3, 4]; b[:,1] <- 1 direction(s) (0 from X columns [], 1 from column combinations)
  [mixing r031 E]  13.6s  rhat_reg 1.000  div 0  (345/552, 86.3 min, ETA 52 min)
standardize_covariates: standardized 2 covariate(s) in long_formula (age: centre 0.4759, scale 10.31, implied intercept correlation -0.05; sex: centre 0.52, scale 0.4997, implied intercept correlation -0.72). Coefficients are returned on the ORIGINAL scale. Set control$standardize_covariates = FALSE to disable.
  [mixing r032 A]  14.0s  rhat_reg 1.011  div 0  (346/552, 86.5 min, ETA 52 min)
standardize_covariates: standardized 2 covariate(s) in long_formula (age: centre 0.4759, scale 10.31, implied intercept correlation -0.05; sex: centre 0.52, scale 0.4997, implied intercept correlation -0.72). Coefficients are returned on the ORIGINAL scale. Set control$standardize_covariates = FALSE to disable.
sys:1: RuntimeWarning: orthogonalize_b: b[:,0] <- 3 direction(s) from X columns [0, 3, 4]; b[:,1] <- no basis (unconstrained)
  [mixing r032 D]  19.4s  rhat_reg 1.016  div 0  (347/552, 86.9 min, ETA 51 min)
standardize_covariates: standardized 2 covariate(s) in long_formula (age: centre 0.4759, scale 10.31, implied intercept correlation -0.05; sex: centre 0.52, scale 0.4997, implied intercept correlation -0.72). Coefficients are returned on the ORIGINAL scale. Set control$standardize_covariates = FALSE to disable.
sys:1: RuntimeWarning: orthogonalize_b: b[:,1] - the per-column search found 0 absorbable direction(s), but 1 exist. The extra direction(s) are absorbable only by a COMBINATION of fixed-effects columns that no single column exposes, which is what a spline or orthogonal-polynomial longitudinal mean produces. The exact (basis-independent) basis is being used, so the degeneracy IS removed; this notice exists because the per-column answer alone would have silently left it in place. See vignette('jmjax-reparameterization'), Section 4.5.
sys:1: RuntimeWarning: orthogonalize_b: b[:,0] <- 3 direction(s) from X columns [0, 3, 4]; b[:,1] <- 1 direction(s) (0 from X columns [], 1 from column combinations)
  [mixing r032 E]  14.0s  rhat_reg 1.000  div 0  (348/552, 87.1 min, ETA 51 min)
standardize_covariates: standardized 2 covariate(s) in long_formula (age: centre -0.07318, scale 10.27, implied intercept correlation -0.01; sex: centre 0.5206, scale 0.4997, implied intercept correlation -0.72). Coefficients are returned on the ORIGINAL scale. Set control$standardize_covariates = FALSE to disable.
  [mixing r033 A]  14.2s  rhat_reg 1.012  div 0  (349/552, 87.3 min, ETA 51 min)
standardize_covariates: standardized 2 covariate(s) in long_formula (age: centre -0.07318, scale 10.27, implied intercept correlation -0.01; sex: centre 0.5206, scale 0.4997, implied intercept correlation -0.72). Coefficients are returned on the ORIGINAL scale. Set control$standardize_covariates = FALSE to disable.
sys:1: RuntimeWarning: orthogonalize_b: b[:,0] <- 3 direction(s) from X columns [0, 3, 4]; b[:,1] <- no basis (unconstrained)
  [mixing r033 D]  19.3s  rhat_reg 1.018  div 0  (350/552, 87.7 min, ETA 51 min)
standardize_covariates: standardized 2 covariate(s) in long_formula (age: centre -0.07318, scale 10.27, implied intercept correlation -0.01; sex: centre 0.5206, scale 0.4997, implied intercept correlation -0.72). Coefficients are returned on the ORIGINAL scale. Set control$standardize_covariates = FALSE to disable.
sys:1: RuntimeWarning: orthogonalize_b: b[:,1] - the per-column search found 0 absorbable direction(s), but 1 exist. The extra direction(s) are absorbable only by a COMBINATION of fixed-effects columns that no single column exposes, which is what a spline or orthogonal-polynomial longitudinal mean produces. The exact (basis-independent) basis is being used, so the degeneracy IS removed; this notice exists because the per-column answer alone would have silently left it in place. See vignette('jmjax-reparameterization'), Section 4.5.
sys:1: RuntimeWarning: orthogonalize_b: b[:,0] <- 3 direction(s) from X columns [0, 3, 4]; b[:,1] <- 1 direction(s) (0 from X columns [], 1 from column combinations)
  [mixing r033 E]  13.2s  rhat_reg 1.000  div 0  (351/552, 87.9 min, ETA 50 min)
standardize_covariates: standardized 2 covariate(s) in long_formula (age: centre -0.9706, scale 9.93, implied intercept correlation -0.10; sex: centre 0.4325, scale 0.4955, implied intercept correlation -0.66). Coefficients are returned on the ORIGINAL scale. Set control$standardize_covariates = FALSE to disable.
  [mixing r034 A]  14.1s  rhat_reg 1.032  div 0  (352/552, 88.1 min, ETA 50 min)
standardize_covariates: standardized 2 covariate(s) in long_formula (age: centre -0.9706, scale 9.93, implied intercept correlation -0.10; sex: centre 0.4325, scale 0.4955, implied intercept correlation -0.66). Coefficients are returned on the ORIGINAL scale. Set control$standardize_covariates = FALSE to disable.
sys:1: RuntimeWarning: orthogonalize_b: b[:,0] <- 3 direction(s) from X columns [0, 3, 4]; b[:,1] <- no basis (unconstrained)
  [mixing r034 D]  19.1s  rhat_reg 1.019  div 0  (353/552, 88.5 min, ETA 50 min)
standardize_covariates: standardized 2 covariate(s) in long_formula (age: centre -0.9706, scale 9.93, implied intercept correlation -0.10; sex: centre 0.4325, scale 0.4955, implied intercept correlation -0.66). Coefficients are returned on the ORIGINAL scale. Set control$standardize_covariates = FALSE to disable.
sys:1: RuntimeWarning: orthogonalize_b: b[:,1] - the per-column search found 0 absorbable direction(s), but 1 exist. The extra direction(s) are absorbable only by a COMBINATION of fixed-effects columns that no single column exposes, which is what a spline or orthogonal-polynomial longitudinal mean produces. The exact (basis-independent) basis is being used, so the degeneracy IS removed; this notice exists because the per-column answer alone would have silently left it in place. See vignette('jmjax-reparameterization'), Section 4.5.
sys:1: RuntimeWarning: orthogonalize_b: b[:,0] <- 3 direction(s) from X columns [0, 3, 4]; b[:,1] <- 1 direction(s) (0 from X columns [], 1 from column combinations)
  [mixing r034 E]  13.5s  rhat_reg 0.999  div 0  (354/552, 88.7 min, ETA 50 min)
standardize_covariates: standardized 2 covariate(s) in long_formula (age: centre -0.1917, scale 9.554, implied intercept correlation -0.02; sex: centre 0.5137, scale 0.4999, implied intercept correlation -0.72). Coefficients are returned on the ORIGINAL scale. Set control$standardize_covariates = FALSE to disable.
  [mixing r035 A]  21.9s  rhat_reg 1.019  div 0  (355/552, 89.0 min, ETA 49 min)
standardize_covariates: standardized 2 covariate(s) in long_formula (age: centre -0.1917, scale 9.554, implied intercept correlation -0.02; sex: centre 0.5137, scale 0.4999, implied intercept correlation -0.72). Coefficients are returned on the ORIGINAL scale. Set control$standardize_covariates = FALSE to disable.
sys:1: RuntimeWarning: orthogonalize_b: b[:,0] <- 3 direction(s) from X columns [0, 3, 4]; b[:,1] <- no basis (unconstrained)
  [mixing r035 D]  14.2s  rhat_reg 1.005  div 0  (356/552, 89.3 min, ETA 49 min)
standardize_covariates: standardized 2 covariate(s) in long_formula (age: centre -0.1917, scale 9.554, implied intercept correlation -0.02; sex: centre 0.5137, scale 0.4999, implied intercept correlation -0.72). Coefficients are returned on the ORIGINAL scale. Set control$standardize_covariates = FALSE to disable.
sys:1: RuntimeWarning: orthogonalize_b: b[:,1] - the per-column search found 0 absorbable direction(s), but 1 exist. The extra direction(s) are absorbable only by a COMBINATION of fixed-effects columns that no single column exposes, which is what a spline or orthogonal-polynomial longitudinal mean produces. The exact (basis-independent) basis is being used, so the degeneracy IS removed; this notice exists because the per-column answer alone would have silently left it in place. See vignette('jmjax-reparameterization'), Section 4.5.
sys:1: RuntimeWarning: orthogonalize_b: b[:,0] <- 3 direction(s) from X columns [0, 3, 4]; b[:,1] <- 1 direction(s) (0 from X columns [], 1 from column combinations)
  [mixing r035 E]  13.7s  rhat_reg 1.000  div 0  (357/552, 89.5 min, ETA 49 min)
standardize_covariates: standardized 2 covariate(s) in long_formula (age: centre -0.1844, scale 9.846, implied intercept correlation -0.02; sex: centre 0.5085, scale 0.5, implied intercept correlation -0.71). Coefficients are returned on the ORIGINAL scale. Set control$standardize_covariates = FALSE to disable.
  [mixing r036 A]  13.9s  rhat_reg 1.007  div 0  (358/552, 89.7 min, ETA 49 min)
standardize_covariates: standardized 2 covariate(s) in long_formula (age: centre -0.1844, scale 9.846, implied intercept correlation -0.02; sex: centre 0.5085, scale 0.5, implied intercept correlation -0.71). Coefficients are returned on the ORIGINAL scale. Set control$standardize_covariates = FALSE to disable.
sys:1: RuntimeWarning: orthogonalize_b: b[:,0] <- 3 direction(s) from X columns [0, 3, 4]; b[:,1] <- no basis (unconstrained)
  [mixing r036 D]  19.2s  rhat_reg 1.007  div 0  (359/552, 90.1 min, ETA 48 min)
standardize_covariates: standardized 2 covariate(s) in long_formula (age: centre -0.1844, scale 9.846, implied intercept correlation -0.02; sex: centre 0.5085, scale 0.5, implied intercept correlation -0.71). Coefficients are returned on the ORIGINAL scale. Set control$standardize_covariates = FALSE to disable.
sys:1: RuntimeWarning: orthogonalize_b: b[:,1] - the per-column search found 0 absorbable direction(s), but 1 exist. The extra direction(s) are absorbable only by a COMBINATION of fixed-effects columns that no single column exposes, which is what a spline or orthogonal-polynomial longitudinal mean produces. The exact (basis-independent) basis is being used, so the degeneracy IS removed; this notice exists because the per-column answer alone would have silently left it in place. See vignette('jmjax-reparameterization'), Section 4.5.
sys:1: RuntimeWarning: orthogonalize_b: b[:,0] <- 3 direction(s) from X columns [0, 3, 4]; b[:,1] <- 1 direction(s) (0 from X columns [], 1 from column combinations)
  [mixing r036 E]  13.5s  rhat_reg 1.001  div 0  (360/552, 90.3 min, ETA 48 min)
standardize_covariates: standardized 2 covariate(s) in long_formula (age: centre 0.3113, scale 10.21, implied intercept correlation -0.03; sex: centre 0.4915, scale 0.5, implied intercept correlation -0.70). Coefficients are returned on the ORIGINAL scale. Set control$standardize_covariates = FALSE to disable.
  [mixing r037 A]  14.1s  rhat_reg 1.011  div 0  (361/552, 90.5 min, ETA 48 min)
standardize_covariates: standardized 2 covariate(s) in long_formula (age: centre 0.3113, scale 10.21, implied intercept correlation -0.03; sex: centre 0.4915, scale 0.5, implied intercept correlation -0.70). Coefficients are returned on the ORIGINAL scale. Set control$standardize_covariates = FALSE to disable.
sys:1: RuntimeWarning: orthogonalize_b: b[:,0] <- 3 direction(s) from X columns [0, 3, 4]; b[:,1] <- no basis (unconstrained)
  [mixing r037 D]  19.6s  rhat_reg 1.016  div 0  (362/552, 90.9 min, ETA 48 min)
standardize_covariates: standardized 2 covariate(s) in long_formula (age: centre 0.3113, scale 10.21, implied intercept correlation -0.03; sex: centre 0.4915, scale 0.5, implied intercept correlation -0.70). Coefficients are returned on the ORIGINAL scale. Set control$standardize_covariates = FALSE to disable.
sys:1: RuntimeWarning: orthogonalize_b: b[:,1] - the per-column search found 0 absorbable direction(s), but 1 exist. The extra direction(s) are absorbable only by a COMBINATION of fixed-effects columns that no single column exposes, which is what a spline or orthogonal-polynomial longitudinal mean produces. The exact (basis-independent) basis is being used, so the degeneracy IS removed; this notice exists because the per-column answer alone would have silently left it in place. See vignette('jmjax-reparameterization'), Section 4.5.
sys:1: RuntimeWarning: orthogonalize_b: b[:,0] <- 3 direction(s) from X columns [0, 3, 4]; b[:,1] <- 1 direction(s) (0 from X columns [], 1 from column combinations)
  [mixing r037 E]  13.6s  rhat_reg 1.001  div 0  (363/552, 91.1 min, ETA 47 min)
standardize_covariates: standardized 2 covariate(s) in long_formula (age: centre 0.05292, scale 9.747, implied intercept correlation -0.01; sex: centre 0.4339, scale 0.4957, implied intercept correlation -0.66). Coefficients are returned on the ORIGINAL scale. Set control$standardize_covariates = FALSE to disable.
  [mixing r038 A]  13.8s  rhat_reg 1.024  div 0  (364/552, 91.3 min, ETA 47 min)
standardize_covariates: standardized 2 covariate(s) in long_formula (age: centre 0.05292, scale 9.747, implied intercept correlation -0.01; sex: centre 0.4339, scale 0.4957, implied intercept correlation -0.66). Coefficients are returned on the ORIGINAL scale. Set control$standardize_covariates = FALSE to disable.
sys:1: RuntimeWarning: orthogonalize_b: b[:,0] <- 3 direction(s) from X columns [0, 3, 4]; b[:,1] <- no basis (unconstrained)
  [mixing r038 D]  19.1s  rhat_reg 1.002  div 0  (365/552, 91.6 min, ETA 47 min)
standardize_covariates: standardized 2 covariate(s) in long_formula (age: centre 0.05292, scale 9.747, implied intercept correlation -0.01; sex: centre 0.4339, scale 0.4957, implied intercept correlation -0.66). Coefficients are returned on the ORIGINAL scale. Set control$standardize_covariates = FALSE to disable.
sys:1: RuntimeWarning: orthogonalize_b: b[:,1] - the per-column search found 0 absorbable direction(s), but 1 exist. The extra direction(s) are absorbable only by a COMBINATION of fixed-effects columns that no single column exposes, which is what a spline or orthogonal-polynomial longitudinal mean produces. The exact (basis-independent) basis is being used, so the degeneracy IS removed; this notice exists because the per-column answer alone would have silently left it in place. See vignette('jmjax-reparameterization'), Section 4.5.
sys:1: RuntimeWarning: orthogonalize_b: b[:,0] <- 3 direction(s) from X columns [0, 3, 4]; b[:,1] <- 1 direction(s) (0 from X columns [], 1 from column combinations)
  [mixing r038 E]  13.9s  rhat_reg 1.001  div 0  (366/552, 91.9 min, ETA 47 min)
standardize_covariates: standardized 2 covariate(s) in long_formula (age: centre 0.258, scale 10.38, implied intercept correlation -0.02; sex: centre 0.4896, scale 0.5, implied intercept correlation -0.70). Coefficients are returned on the ORIGINAL scale. Set control$standardize_covariates = FALSE to disable.
  [mixing r039 A]  15.2s  rhat_reg 1.017  div 0  (367/552, 92.1 min, ETA 46 min)
standardize_covariates: standardized 2 covariate(s) in long_formula (age: centre 0.258, scale 10.38, implied intercept correlation -0.02; sex: centre 0.4896, scale 0.5, implied intercept correlation -0.70). Coefficients are returned on the ORIGINAL scale. Set control$standardize_covariates = FALSE to disable.
sys:1: RuntimeWarning: orthogonalize_b: b[:,0] <- 3 direction(s) from X columns [0, 3, 4]; b[:,1] <- no basis (unconstrained)
  [mixing r039 D]  19.2s  rhat_reg 1.002  div 0  (368/552, 92.4 min, ETA 46 min)
standardize_covariates: standardized 2 covariate(s) in long_formula (age: centre 0.258, scale 10.38, implied intercept correlation -0.02; sex: centre 0.4896, scale 0.5, implied intercept correlation -0.70). Coefficients are returned on the ORIGINAL scale. Set control$standardize_covariates = FALSE to disable.
sys:1: RuntimeWarning: orthogonalize_b: b[:,1] - the per-column search found 0 absorbable direction(s), but 1 exist. The extra direction(s) are absorbable only by a COMBINATION of fixed-effects columns that no single column exposes, which is what a spline or orthogonal-polynomial longitudinal mean produces. The exact (basis-independent) basis is being used, so the degeneracy IS removed; this notice exists because the per-column answer alone would have silently left it in place. See vignette('jmjax-reparameterization'), Section 4.5.
sys:1: RuntimeWarning: orthogonalize_b: b[:,0] <- 3 direction(s) from X columns [0, 3, 4]; b[:,1] <- 1 direction(s) (0 from X columns [], 1 from column combinations)
  [mixing r039 E]  13.6s  rhat_reg 1.000  div 0  (369/552, 92.7 min, ETA 46 min)
standardize_covariates: standardized 2 covariate(s) in long_formula (age: centre -0.2842, scale 10.07, implied intercept correlation -0.03; sex: centre 0.4768, scale 0.4996, implied intercept correlation -0.69). Coefficients are returned on the ORIGINAL scale. Set control$standardize_covariates = FALSE to disable.
  [mixing r040 A]  14.0s  rhat_reg 1.012  div 0  (370/552, 92.9 min, ETA 46 min)
standardize_covariates: standardized 2 covariate(s) in long_formula (age: centre -0.2842, scale 10.07, implied intercept correlation -0.03; sex: centre 0.4768, scale 0.4996, implied intercept correlation -0.69). Coefficients are returned on the ORIGINAL scale. Set control$standardize_covariates = FALSE to disable.
sys:1: RuntimeWarning: orthogonalize_b: b[:,0] <- 3 direction(s) from X columns [0, 3, 4]; b[:,1] <- no basis (unconstrained)
  [mixing r040 D]  19.4s  rhat_reg 1.004  div 0  (371/552, 93.2 min, ETA 45 min)
standardize_covariates: standardized 2 covariate(s) in long_formula (age: centre -0.2842, scale 10.07, implied intercept correlation -0.03; sex: centre 0.4768, scale 0.4996, implied intercept correlation -0.69). Coefficients are returned on the ORIGINAL scale. Set control$standardize_covariates = FALSE to disable.
sys:1: RuntimeWarning: orthogonalize_b: b[:,1] - the per-column search found 0 absorbable direction(s), but 1 exist. The extra direction(s) are absorbable only by a COMBINATION of fixed-effects columns that no single column exposes, which is what a spline or orthogonal-polynomial longitudinal mean produces. The exact (basis-independent) basis is being used, so the degeneracy IS removed; this notice exists because the per-column answer alone would have silently left it in place. See vignette('jmjax-reparameterization'), Section 4.5.
sys:1: RuntimeWarning: orthogonalize_b: b[:,0] <- 3 direction(s) from X columns [0, 3, 4]; b[:,1] <- 1 direction(s) (0 from X columns [], 1 from column combinations)
  [mixing r040 E]  13.4s  rhat_reg 1.001  div 0  (372/552, 93.5 min, ETA 45 min)
standardize_covariates: standardized 2 covariate(s) in long_formula (age: centre -1.379, scale 9.953, implied intercept correlation -0.14; sex: centre 0.4928, scale 0.5, implied intercept correlation -0.70). Coefficients are returned on the ORIGINAL scale. Set control$standardize_covariates = FALSE to disable.
  [mixing r041 A]  14.3s  rhat_reg 1.009  div 0  (373/552, 93.7 min, ETA 45 min)
standardize_covariates: standardized 2 covariate(s) in long_formula (age: centre -1.379, scale 9.953, implied intercept correlation -0.14; sex: centre 0.4928, scale 0.5, implied intercept correlation -0.70). Coefficients are returned on the ORIGINAL scale. Set control$standardize_covariates = FALSE to disable.
sys:1: RuntimeWarning: orthogonalize_b: b[:,0] <- 3 direction(s) from X columns [0, 3, 4]; b[:,1] <- no basis (unconstrained)
  [mixing r041 D]  20.1s  rhat_reg 1.006  div 0  (374/552, 94.0 min, ETA 45 min)
standardize_covariates: standardized 2 covariate(s) in long_formula (age: centre -1.379, scale 9.953, implied intercept correlation -0.14; sex: centre 0.4928, scale 0.5, implied intercept correlation -0.70). Coefficients are returned on the ORIGINAL scale. Set control$standardize_covariates = FALSE to disable.
sys:1: RuntimeWarning: orthogonalize_b: b[:,1] - the per-column search found 0 absorbable direction(s), but 1 exist. The extra direction(s) are absorbable only by a COMBINATION of fixed-effects columns that no single column exposes, which is what a spline or orthogonal-polynomial longitudinal mean produces. The exact (basis-independent) basis is being used, so the degeneracy IS removed; this notice exists because the per-column answer alone would have silently left it in place. See vignette('jmjax-reparameterization'), Section 4.5.
sys:1: RuntimeWarning: orthogonalize_b: b[:,0] <- 3 direction(s) from X columns [0, 3, 4]; b[:,1] <- 1 direction(s) (0 from X columns [], 1 from column combinations)
  [mixing r041 E]  13.4s  rhat_reg 1.000  div 0  (375/552, 94.3 min, ETA 44 min)
standardize_covariates: standardized 2 covariate(s) in long_formula (age: centre 0.1413, scale 9.417, implied intercept correlation -0.02; sex: centre 0.4664, scale 0.499, implied intercept correlation -0.68). Coefficients are returned on the ORIGINAL scale. Set control$standardize_covariates = FALSE to disable.
  [mixing r042 A]  13.9s  rhat_reg 1.032  div 0  (376/552, 94.5 min, ETA 44 min)
standardize_covariates: standardized 2 covariate(s) in long_formula (age: centre 0.1413, scale 9.417, implied intercept correlation -0.02; sex: centre 0.4664, scale 0.499, implied intercept correlation -0.68). Coefficients are returned on the ORIGINAL scale. Set control$standardize_covariates = FALSE to disable.
sys:1: RuntimeWarning: orthogonalize_b: b[:,0] <- 3 direction(s) from X columns [0, 3, 4]; b[:,1] <- no basis (unconstrained)
  [mixing r042 D]  14.2s  rhat_reg 1.001  div 0  (377/552, 94.7 min, ETA 44 min)
standardize_covariates: standardized 2 covariate(s) in long_formula (age: centre 0.1413, scale 9.417, implied intercept correlation -0.02; sex: centre 0.4664, scale 0.499, implied intercept correlation -0.68). Coefficients are returned on the ORIGINAL scale. Set control$standardize_covariates = FALSE to disable.
sys:1: RuntimeWarning: orthogonalize_b: b[:,1] - the per-column search found 0 absorbable direction(s), but 1 exist. The extra direction(s) are absorbable only by a COMBINATION of fixed-effects columns that no single column exposes, which is what a spline or orthogonal-polynomial longitudinal mean produces. The exact (basis-independent) basis is being used, so the degeneracy IS removed; this notice exists because the per-column answer alone would have silently left it in place. See vignette('jmjax-reparameterization'), Section 4.5.
sys:1: RuntimeWarning: orthogonalize_b: b[:,0] <- 3 direction(s) from X columns [0, 3, 4]; b[:,1] <- 1 direction(s) (0 from X columns [], 1 from column combinations)
  [mixing r042 E]  18.5s  rhat_reg 1.000  div 0  (378/552, 95.0 min, ETA 44 min)
standardize_covariates: standardized 2 covariate(s) in long_formula (age: centre -0.03174, scale 9.43, implied intercept correlation -0.00; sex: centre 0.4696, scale 0.4992, implied intercept correlation -0.69). Coefficients are returned on the ORIGINAL scale. Set control$standardize_covariates = FALSE to disable.
  [mixing r043 A]  16.4s  rhat_reg 1.013  div 0  (379/552, 95.3 min, ETA 44 min)
standardize_covariates: standardized 2 covariate(s) in long_formula (age: centre -0.03174, scale 9.43, implied intercept correlation -0.00; sex: centre 0.4696, scale 0.4992, implied intercept correlation -0.69). Coefficients are returned on the ORIGINAL scale. Set control$standardize_covariates = FALSE to disable.
sys:1: RuntimeWarning: orthogonalize_b: b[:,0] <- 3 direction(s) from X columns [0, 3, 4]; b[:,1] <- no basis (unconstrained)
  [mixing r043 D]  15.0s  rhat_reg 1.005  div 0  (380/552, 95.6 min, ETA 43 min)
standardize_covariates: standardized 2 covariate(s) in long_formula (age: centre -0.03174, scale 9.43, implied intercept correlation -0.00; sex: centre 0.4696, scale 0.4992, implied intercept correlation -0.69). Coefficients are returned on the ORIGINAL scale. Set control$standardize_covariates = FALSE to disable.
sys:1: RuntimeWarning: orthogonalize_b: b[:,1] - the per-column search found 0 absorbable direction(s), but 1 exist. The extra direction(s) are absorbable only by a COMBINATION of fixed-effects columns that no single column exposes, which is what a spline or orthogonal-polynomial longitudinal mean produces. The exact (basis-independent) basis is being used, so the degeneracy IS removed; this notice exists because the per-column answer alone would have silently left it in place. See vignette('jmjax-reparameterization'), Section 4.5.
sys:1: RuntimeWarning: orthogonalize_b: b[:,0] <- 3 direction(s) from X columns [0, 3, 4]; b[:,1] <- 1 direction(s) (0 from X columns [], 1 from column combinations)
  [mixing r043 E]  19.8s  rhat_reg 1.000  div 0  (381/552, 95.9 min, ETA 43 min)
standardize_covariates: standardized 2 covariate(s) in long_formula (age: centre 0.4837, scale 10.19, implied intercept correlation -0.05; sex: centre 0.5563, scale 0.4969, implied intercept correlation -0.75). Coefficients are returned on the ORIGINAL scale. Set control$standardize_covariates = FALSE to disable.
  [mixing r044 A]  16.3s  rhat_reg 1.018  div 0  (382/552, 96.2 min, ETA 43 min)
standardize_covariates: standardized 2 covariate(s) in long_formula (age: centre 0.4837, scale 10.19, implied intercept correlation -0.05; sex: centre 0.5563, scale 0.4969, implied intercept correlation -0.75). Coefficients are returned on the ORIGINAL scale. Set control$standardize_covariates = FALSE to disable.
sys:1: RuntimeWarning: orthogonalize_b: b[:,0] <- 3 direction(s) from X columns [0, 3, 4]; b[:,1] <- no basis (unconstrained)
  [mixing r044 D]  15.2s  rhat_reg 1.030  div 0  (383/552, 96.4 min, ETA 43 min)
standardize_covariates: standardized 2 covariate(s) in long_formula (age: centre 0.4837, scale 10.19, implied intercept correlation -0.05; sex: centre 0.5563, scale 0.4969, implied intercept correlation -0.75). Coefficients are returned on the ORIGINAL scale. Set control$standardize_covariates = FALSE to disable.
sys:1: RuntimeWarning: orthogonalize_b: b[:,1] - the per-column search found 0 absorbable direction(s), but 1 exist. The extra direction(s) are absorbable only by a COMBINATION of fixed-effects columns that no single column exposes, which is what a spline or orthogonal-polynomial longitudinal mean produces. The exact (basis-independent) basis is being used, so the degeneracy IS removed; this notice exists because the per-column answer alone would have silently left it in place. See vignette('jmjax-reparameterization'), Section 4.5.
sys:1: RuntimeWarning: orthogonalize_b: b[:,0] <- 3 direction(s) from X columns [0, 3, 4]; b[:,1] <- 1 direction(s) (0 from X columns [], 1 from column combinations)
  [mixing r044 E]  20.5s  rhat_reg 1.000  div 0  (384/552, 96.8 min, ETA 42 min)
standardize_covariates: standardized 2 covariate(s) in long_formula (age: centre 0.4286, scale 10.65, implied intercept correlation -0.04; sex: centre 0.4733, scale 0.4994, implied intercept correlation -0.69). Coefficients are returned on the ORIGINAL scale. Set control$standardize_covariates = FALSE to disable.
  [mixing r045 A]  15.7s  rhat_reg 1.022  div 0  (385/552, 97.0 min, ETA 42 min)
standardize_covariates: standardized 2 covariate(s) in long_formula (age: centre 0.4286, scale 10.65, implied intercept correlation -0.04; sex: centre 0.4733, scale 0.4994, implied intercept correlation -0.69). Coefficients are returned on the ORIGINAL scale. Set control$standardize_covariates = FALSE to disable.
sys:1: RuntimeWarning: orthogonalize_b: b[:,0] <- 3 direction(s) from X columns [0, 3, 4]; b[:,1] <- no basis (unconstrained)
  [mixing r045 D]  16.4s  rhat_reg 1.004  div 0  (386/552, 97.3 min, ETA 42 min)
standardize_covariates: standardized 2 covariate(s) in long_formula (age: centre 0.4286, scale 10.65, implied intercept correlation -0.04; sex: centre 0.4733, scale 0.4994, implied intercept correlation -0.69). Coefficients are returned on the ORIGINAL scale. Set control$standardize_covariates = FALSE to disable.
sys:1: RuntimeWarning: orthogonalize_b: b[:,1] - the per-column search found 0 absorbable direction(s), but 1 exist. The extra direction(s) are absorbable only by a COMBINATION of fixed-effects columns that no single column exposes, which is what a spline or orthogonal-polynomial longitudinal mean produces. The exact (basis-independent) basis is being used, so the degeneracy IS removed; this notice exists because the per-column answer alone would have silently left it in place. See vignette('jmjax-reparameterization'), Section 4.5.
sys:1: RuntimeWarning: orthogonalize_b: b[:,0] <- 3 direction(s) from X columns [0, 3, 4]; b[:,1] <- 1 direction(s) (0 from X columns [], 1 from column combinations)
  [mixing r045 E]  14.9s  rhat_reg 1.000  div 0  (387/552, 97.6 min, ETA 42 min)
standardize_covariates: standardized 2 covariate(s) in long_formula (age: centre -0.9188, scale 9.68, implied intercept correlation -0.09; sex: centre 0.5017, scale 0.5001, implied intercept correlation -0.71). Coefficients are returned on the ORIGINAL scale. Set control$standardize_covariates = FALSE to disable.
  [mixing r046 A]  22.8s  rhat_reg 1.008  div 0  (388/552, 97.9 min, ETA 41 min)
standardize_covariates: standardized 2 covariate(s) in long_formula (age: centre -0.9188, scale 9.68, implied intercept correlation -0.09; sex: centre 0.5017, scale 0.5001, implied intercept correlation -0.71). Coefficients are returned on the ORIGINAL scale. Set control$standardize_covariates = FALSE to disable.
sys:1: RuntimeWarning: orthogonalize_b: b[:,0] <- 3 direction(s) from X columns [0, 3, 4]; b[:,1] <- no basis (unconstrained)
  [mixing r046 D]  19.3s  rhat_reg 1.008  div 0  (389/552, 98.3 min, ETA 41 min)
standardize_covariates: standardized 2 covariate(s) in long_formula (age: centre -0.9188, scale 9.68, implied intercept correlation -0.09; sex: centre 0.5017, scale 0.5001, implied intercept correlation -0.71). Coefficients are returned on the ORIGINAL scale. Set control$standardize_covariates = FALSE to disable.
sys:1: RuntimeWarning: orthogonalize_b: b[:,1] - the per-column search found 0 absorbable direction(s), but 1 exist. The extra direction(s) are absorbable only by a COMBINATION of fixed-effects columns that no single column exposes, which is what a spline or orthogonal-polynomial longitudinal mean produces. The exact (basis-independent) basis is being used, so the degeneracy IS removed; this notice exists because the per-column answer alone would have silently left it in place. See vignette('jmjax-reparameterization'), Section 4.5.
sys:1: RuntimeWarning: orthogonalize_b: b[:,0] <- 3 direction(s) from X columns [0, 3, 4]; b[:,1] <- 1 direction(s) (0 from X columns [], 1 from column combinations)
  [mixing r046 E]  14.4s  rhat_reg 1.000  div 0  (390/552, 98.5 min, ETA 41 min)
standardize_covariates: standardized 2 covariate(s) in long_formula (age: centre -0.7687, scale 10.71, implied intercept correlation -0.07; sex: centre 0.4647, scale 0.4988, implied intercept correlation -0.68). Coefficients are returned on the ORIGINAL scale. Set control$standardize_covariates = FALSE to disable.
  [mixing r047 A]  19.1s  rhat_reg 1.014  div 0  (391/552, 98.8 min, ETA 41 min)
standardize_covariates: standardized 2 covariate(s) in long_formula (age: centre -0.7687, scale 10.71, implied intercept correlation -0.07; sex: centre 0.4647, scale 0.4988, implied intercept correlation -0.68). Coefficients are returned on the ORIGINAL scale. Set control$standardize_covariates = FALSE to disable.
sys:1: RuntimeWarning: orthogonalize_b: b[:,0] <- 3 direction(s) from X columns [0, 3, 4]; b[:,1] <- no basis (unconstrained)
  [mixing r047 D]  14.2s  rhat_reg 1.017  div 0  (392/552, 99.1 min, ETA 40 min)
standardize_covariates: standardized 2 covariate(s) in long_formula (age: centre -0.7687, scale 10.71, implied intercept correlation -0.07; sex: centre 0.4647, scale 0.4988, implied intercept correlation -0.68). Coefficients are returned on the ORIGINAL scale. Set control$standardize_covariates = FALSE to disable.
sys:1: RuntimeWarning: orthogonalize_b: b[:,1] - the per-column search found 0 absorbable direction(s), but 1 exist. The extra direction(s) are absorbable only by a COMBINATION of fixed-effects columns that no single column exposes, which is what a spline or orthogonal-polynomial longitudinal mean produces. The exact (basis-independent) basis is being used, so the degeneracy IS removed; this notice exists because the per-column answer alone would have silently left it in place. See vignette('jmjax-reparameterization'), Section 4.5.
sys:1: RuntimeWarning: orthogonalize_b: b[:,0] <- 3 direction(s) from X columns [0, 3, 4]; b[:,1] <- 1 direction(s) (0 from X columns [], 1 from column combinations)
  [mixing r047 E]  14.4s  rhat_reg 1.000  div 0  (393/552, 99.3 min, ETA 40 min)
standardize_covariates: standardized 2 covariate(s) in long_formula (age: centre 0.5154, scale 9.45, implied intercept correlation -0.05; sex: centre 0.4824, scale 0.4998, implied intercept correlation -0.69). Coefficients are returned on the ORIGINAL scale. Set control$standardize_covariates = FALSE to disable.
  [mixing r048 A]  20.6s  rhat_reg 1.009  div 0  (394/552, 99.7 min, ETA 40 min)
standardize_covariates: standardized 2 covariate(s) in long_formula (age: centre 0.5154, scale 9.45, implied intercept correlation -0.05; sex: centre 0.4824, scale 0.4998, implied intercept correlation -0.69). Coefficients are returned on the ORIGINAL scale. Set control$standardize_covariates = FALSE to disable.
sys:1: RuntimeWarning: orthogonalize_b: b[:,0] <- 3 direction(s) from X columns [0, 3, 4]; b[:,1] <- no basis (unconstrained)
  [mixing r048 D]  15.6s  rhat_reg 1.001  div 0  (395/552, 99.9 min, ETA 40 min)
standardize_covariates: standardized 2 covariate(s) in long_formula (age: centre 0.5154, scale 9.45, implied intercept correlation -0.05; sex: centre 0.4824, scale 0.4998, implied intercept correlation -0.69). Coefficients are returned on the ORIGINAL scale. Set control$standardize_covariates = FALSE to disable.
sys:1: RuntimeWarning: orthogonalize_b: b[:,1] - the per-column search found 0 absorbable direction(s), but 1 exist. The extra direction(s) are absorbable only by a COMBINATION of fixed-effects columns that no single column exposes, which is what a spline or orthogonal-polynomial longitudinal mean produces. The exact (basis-independent) basis is being used, so the degeneracy IS removed; this notice exists because the per-column answer alone would have silently left it in place. See vignette('jmjax-reparameterization'), Section 4.5.
sys:1: RuntimeWarning: orthogonalize_b: b[:,0] <- 3 direction(s) from X columns [0, 3, 4]; b[:,1] <- 1 direction(s) (0 from X columns [], 1 from column combinations)
  [mixing r048 E]  15.5s  rhat_reg 1.000  div 0  (396/552, 100.2 min, ETA 39 min)
standardize_covariates: standardized 2 covariate(s) in long_formula (age: centre -1.269, scale 9.307, implied intercept correlation -0.14; sex: centre 0.5253, scale 0.4995, implied intercept correlation -0.72). Coefficients are returned on the ORIGINAL scale. Set control$standardize_covariates = FALSE to disable.
  [mixing r049 A]  21.0s  rhat_reg 1.015  div 0  (397/552, 100.5 min, ETA 39 min)
standardize_covariates: standardized 2 covariate(s) in long_formula (age: centre -1.269, scale 9.307, implied intercept correlation -0.14; sex: centre 0.5253, scale 0.4995, implied intercept correlation -0.72). Coefficients are returned on the ORIGINAL scale. Set control$standardize_covariates = FALSE to disable.
sys:1: RuntimeWarning: orthogonalize_b: b[:,0] <- 3 direction(s) from X columns [0, 3, 4]; b[:,1] <- no basis (unconstrained)
  [mixing r049 D]  15.9s  rhat_reg 1.001  div 0  (398/552, 100.8 min, ETA 39 min)
standardize_covariates: standardized 2 covariate(s) in long_formula (age: centre -1.269, scale 9.307, implied intercept correlation -0.14; sex: centre 0.5253, scale 0.4995, implied intercept correlation -0.72). Coefficients are returned on the ORIGINAL scale. Set control$standardize_covariates = FALSE to disable.
sys:1: RuntimeWarning: orthogonalize_b: b[:,1] - the per-column search found 0 absorbable direction(s), but 1 exist. The extra direction(s) are absorbable only by a COMBINATION of fixed-effects columns that no single column exposes, which is what a spline or orthogonal-polynomial longitudinal mean produces. The exact (basis-independent) basis is being used, so the degeneracy IS removed; this notice exists because the per-column answer alone would have silently left it in place. See vignette('jmjax-reparameterization'), Section 4.5.
sys:1: RuntimeWarning: orthogonalize_b: b[:,0] <- 3 direction(s) from X columns [0, 3, 4]; b[:,1] <- 1 direction(s) (0 from X columns [], 1 from column combinations)
  [mixing r049 E]  14.6s  rhat_reg 1.000  div 0  (399/552, 101.0 min, ETA 39 min)
standardize_covariates: standardized 2 covariate(s) in long_formula (age: centre 0.8518, scale 10.36, implied intercept correlation -0.08; sex: centre 0.5028, scale 0.5001, implied intercept correlation -0.71). Coefficients are returned on the ORIGINAL scale. Set control$standardize_covariates = FALSE to disable.
  [mixing r050 A]  15.8s  rhat_reg 1.022  div 0  (400/552, 101.3 min, ETA 38 min)
standardize_covariates: standardized 2 covariate(s) in long_formula (age: centre 0.8518, scale 10.36, implied intercept correlation -0.08; sex: centre 0.5028, scale 0.5001, implied intercept correlation -0.71). Coefficients are returned on the ORIGINAL scale. Set control$standardize_covariates = FALSE to disable.
sys:1: RuntimeWarning: orthogonalize_b: b[:,0] <- 3 direction(s) from X columns [0, 3, 4]; b[:,1] <- no basis (unconstrained)
  [mixing r050 D]  19.5s  rhat_reg 1.000  div 0  (401/552, 101.6 min, ETA 38 min)
standardize_covariates: standardized 2 covariate(s) in long_formula (age: centre 0.8518, scale 10.36, implied intercept correlation -0.08; sex: centre 0.5028, scale 0.5001, implied intercept correlation -0.71). Coefficients are returned on the ORIGINAL scale. Set control$standardize_covariates = FALSE to disable.
sys:1: RuntimeWarning: orthogonalize_b: b[:,1] - the per-column search found 0 absorbable direction(s), but 1 exist. The extra direction(s) are absorbable only by a COMBINATION of fixed-effects columns that no single column exposes, which is what a spline or orthogonal-polynomial longitudinal mean produces. The exact (basis-independent) basis is being used, so the degeneracy IS removed; this notice exists because the per-column answer alone would have silently left it in place. See vignette('jmjax-reparameterization'), Section 4.5.
sys:1: RuntimeWarning: orthogonalize_b: b[:,0] <- 3 direction(s) from X columns [0, 3, 4]; b[:,1] <- 1 direction(s) (0 from X columns [], 1 from column combinations)
  [mixing r050 E]  13.3s  rhat_reg 1.000  div 0  (402/552, 101.9 min, ETA 38 min)
standardize_covariates: standardized 2 covariate(s) in long_formula (age: centre -0.1159, scale 10.71, implied intercept correlation -0.01; sex: centre 0.5053, scale 0.5001, implied intercept correlation -0.71). Coefficients are returned on the ORIGINAL scale. Set control$standardize_covariates = FALSE to disable.
  [mixing r051 A]  13.8s  rhat_reg 1.009  div 0  (403/552, 102.1 min, ETA 38 min)
standardize_covariates: standardized 2 covariate(s) in long_formula (age: centre -0.1159, scale 10.71, implied intercept correlation -0.01; sex: centre 0.5053, scale 0.5001, implied intercept correlation -0.71). Coefficients are returned on the ORIGINAL scale. Set control$standardize_covariates = FALSE to disable.
sys:1: RuntimeWarning: orthogonalize_b: b[:,0] <- 3 direction(s) from X columns [0, 3, 4]; b[:,1] <- no basis (unconstrained)
  [mixing r051 D]  20.4s  rhat_reg 1.015  div 0  (404/552, 102.4 min, ETA 38 min)
standardize_covariates: standardized 2 covariate(s) in long_formula (age: centre -0.1159, scale 10.71, implied intercept correlation -0.01; sex: centre 0.5053, scale 0.5001, implied intercept correlation -0.71). Coefficients are returned on the ORIGINAL scale. Set control$standardize_covariates = FALSE to disable.
sys:1: RuntimeWarning: orthogonalize_b: b[:,1] - the per-column search found 0 absorbable direction(s), but 1 exist. The extra direction(s) are absorbable only by a COMBINATION of fixed-effects columns that no single column exposes, which is what a spline or orthogonal-polynomial longitudinal mean produces. The exact (basis-independent) basis is being used, so the degeneracy IS removed; this notice exists because the per-column answer alone would have silently left it in place. See vignette('jmjax-reparameterization'), Section 4.5.
sys:1: RuntimeWarning: orthogonalize_b: b[:,0] <- 3 direction(s) from X columns [0, 3, 4]; b[:,1] <- 1 direction(s) (0 from X columns [], 1 from column combinations)
  [mixing r051 E]  14.2s  rhat_reg 1.000  div 0  (405/552, 102.7 min, ETA 37 min)
standardize_covariates: standardized 2 covariate(s) in long_formula (age: centre 1.573, scale 9.571, implied intercept correlation -0.16; sex: centre 0.5213, scale 0.4996, implied intercept correlation -0.72). Coefficients are returned on the ORIGINAL scale. Set control$standardize_covariates = FALSE to disable.
  [mixing r052 A]  14.9s  rhat_reg 1.016  div 0  (406/552, 102.9 min, ETA 37 min)
standardize_covariates: standardized 2 covariate(s) in long_formula (age: centre 1.573, scale 9.571, implied intercept correlation -0.16; sex: centre 0.5213, scale 0.4996, implied intercept correlation -0.72). Coefficients are returned on the ORIGINAL scale. Set control$standardize_covariates = FALSE to disable.
sys:1: RuntimeWarning: orthogonalize_b: b[:,0] <- 3 direction(s) from X columns [0, 3, 4]; b[:,1] <- no basis (unconstrained)
  [mixing r052 D]  15.1s  rhat_reg 1.014  div 0  (407/552, 103.2 min, ETA 37 min)
standardize_covariates: standardized 2 covariate(s) in long_formula (age: centre 1.573, scale 9.571, implied intercept correlation -0.16; sex: centre 0.5213, scale 0.4996, implied intercept correlation -0.72). Coefficients are returned on the ORIGINAL scale. Set control$standardize_covariates = FALSE to disable.
sys:1: RuntimeWarning: orthogonalize_b: b[:,1] - the per-column search found 0 absorbable direction(s), but 1 exist. The extra direction(s) are absorbable only by a COMBINATION of fixed-effects columns that no single column exposes, which is what a spline or orthogonal-polynomial longitudinal mean produces. The exact (basis-independent) basis is being used, so the degeneracy IS removed; this notice exists because the per-column answer alone would have silently left it in place. See vignette('jmjax-reparameterization'), Section 4.5.
sys:1: RuntimeWarning: orthogonalize_b: b[:,0] <- 3 direction(s) from X columns [0, 3, 4]; b[:,1] <- 1 direction(s) (0 from X columns [], 1 from column combinations)
  [mixing r052 E]  20.8s  rhat_reg 1.001  div 0  (408/552, 103.5 min, ETA 37 min)
standardize_covariates: standardized 2 covariate(s) in long_formula (age: centre -0.5159, scale 9.715, implied intercept correlation -0.05; sex: centre 0.5154, scale 0.4999, implied intercept correlation -0.72). Coefficients are returned on the ORIGINAL scale. Set control$standardize_covariates = FALSE to disable.
  [mixing r053 A]  15.5s  rhat_reg 1.022  div 0  (409/552, 103.8 min, ETA 36 min)
standardize_covariates: standardized 2 covariate(s) in long_formula (age: centre -0.5159, scale 9.715, implied intercept correlation -0.05; sex: centre 0.5154, scale 0.4999, implied intercept correlation -0.72). Coefficients are returned on the ORIGINAL scale. Set control$standardize_covariates = FALSE to disable.
sys:1: RuntimeWarning: orthogonalize_b: b[:,0] <- 3 direction(s) from X columns [0, 3, 4]; b[:,1] <- no basis (unconstrained)
  [mixing r053 D]  16.0s  rhat_reg 1.010  div 0  (410/552, 104.0 min, ETA 36 min)
standardize_covariates: standardized 2 covariate(s) in long_formula (age: centre -0.5159, scale 9.715, implied intercept correlation -0.05; sex: centre 0.5154, scale 0.4999, implied intercept correlation -0.72). Coefficients are returned on the ORIGINAL scale. Set control$standardize_covariates = FALSE to disable.
sys:1: RuntimeWarning: orthogonalize_b: b[:,1] - the per-column search found 0 absorbable direction(s), but 1 exist. The extra direction(s) are absorbable only by a COMBINATION of fixed-effects columns that no single column exposes, which is what a spline or orthogonal-polynomial longitudinal mean produces. The exact (basis-independent) basis is being used, so the degeneracy IS removed; this notice exists because the per-column answer alone would have silently left it in place. See vignette('jmjax-reparameterization'), Section 4.5.
sys:1: RuntimeWarning: orthogonalize_b: b[:,0] <- 3 direction(s) from X columns [0, 3, 4]; b[:,1] <- 1 direction(s) (0 from X columns [], 1 from column combinations)
  [mixing r053 E]  20.7s  rhat_reg 1.001  div 0  (411/552, 104.4 min, ETA 36 min)
standardize_covariates: standardized 2 covariate(s) in long_formula (age: centre -0.3373, scale 10.2, implied intercept correlation -0.03; sex: centre 0.5381, scale 0.4986, implied intercept correlation -0.73). Coefficients are returned on the ORIGINAL scale. Set control$standardize_covariates = FALSE to disable.
  [mixing r054 A]  15.1s  rhat_reg 1.007  div 0  (412/552, 104.6 min, ETA 36 min)
standardize_covariates: standardized 2 covariate(s) in long_formula (age: centre -0.3373, scale 10.2, implied intercept correlation -0.03; sex: centre 0.5381, scale 0.4986, implied intercept correlation -0.73). Coefficients are returned on the ORIGINAL scale. Set control$standardize_covariates = FALSE to disable.
sys:1: RuntimeWarning: orthogonalize_b: b[:,0] <- 3 direction(s) from X columns [0, 3, 4]; b[:,1] <- no basis (unconstrained)
  [mixing r054 D]  15.4s  rhat_reg 1.005  div 0  (413/552, 104.9 min, ETA 35 min)
standardize_covariates: standardized 2 covariate(s) in long_formula (age: centre -0.3373, scale 10.2, implied intercept correlation -0.03; sex: centre 0.5381, scale 0.4986, implied intercept correlation -0.73). Coefficients are returned on the ORIGINAL scale. Set control$standardize_covariates = FALSE to disable.
sys:1: RuntimeWarning: orthogonalize_b: b[:,1] - the per-column search found 0 absorbable direction(s), but 1 exist. The extra direction(s) are absorbable only by a COMBINATION of fixed-effects columns that no single column exposes, which is what a spline or orthogonal-polynomial longitudinal mean produces. The exact (basis-independent) basis is being used, so the degeneracy IS removed; this notice exists because the per-column answer alone would have silently left it in place. See vignette('jmjax-reparameterization'), Section 4.5.
sys:1: RuntimeWarning: orthogonalize_b: b[:,0] <- 3 direction(s) from X columns [0, 3, 4]; b[:,1] <- 1 direction(s) (0 from X columns [], 1 from column combinations)
  [mixing r054 E]  13.9s  rhat_reg 1.000  div 0  (414/552, 105.1 min, ETA 35 min)
standardize_covariates: standardized 2 covariate(s) in long_formula (age: centre 0.1828, scale 10.27, implied intercept correlation -0.02; sex: centre 0.5107, scale 0.5, implied intercept correlation -0.71). Coefficients are returned on the ORIGINAL scale. Set control$standardize_covariates = FALSE to disable.
  [mixing r055 A]  19.7s  rhat_reg 1.022  div 0  (415/552, 105.5 min, ETA 35 min)
standardize_covariates: standardized 2 covariate(s) in long_formula (age: centre 0.1828, scale 10.27, implied intercept correlation -0.02; sex: centre 0.5107, scale 0.5, implied intercept correlation -0.71). Coefficients are returned on the ORIGINAL scale. Set control$standardize_covariates = FALSE to disable.
sys:1: RuntimeWarning: orthogonalize_b: b[:,0] <- 3 direction(s) from X columns [0, 3, 4]; b[:,1] <- no basis (unconstrained)
  [mixing r055 D]  14.5s  rhat_reg 1.025  div 0  (416/552, 105.7 min, ETA 35 min)
standardize_covariates: standardized 2 covariate(s) in long_formula (age: centre 0.1828, scale 10.27, implied intercept correlation -0.02; sex: centre 0.5107, scale 0.5, implied intercept correlation -0.71). Coefficients are returned on the ORIGINAL scale. Set control$standardize_covariates = FALSE to disable.
sys:1: RuntimeWarning: orthogonalize_b: b[:,1] - the per-column search found 0 absorbable direction(s), but 1 exist. The extra direction(s) are absorbable only by a COMBINATION of fixed-effects columns that no single column exposes, which is what a spline or orthogonal-polynomial longitudinal mean produces. The exact (basis-independent) basis is being used, so the degeneracy IS removed; this notice exists because the per-column answer alone would have silently left it in place. See vignette('jmjax-reparameterization'), Section 4.5.
sys:1: RuntimeWarning: orthogonalize_b: b[:,0] <- 3 direction(s) from X columns [0, 3, 4]; b[:,1] <- 1 direction(s) (0 from X columns [], 1 from column combinations)
  [mixing r055 E]  13.5s  rhat_reg 1.000  div 0  (417/552, 105.9 min, ETA 34 min)
standardize_covariates: standardized 2 covariate(s) in long_formula (age: centre -1.135, scale 10.11, implied intercept correlation -0.11; sex: centre 0.5356, scale 0.4988, implied intercept correlation -0.73). Coefficients are returned on the ORIGINAL scale. Set control$standardize_covariates = FALSE to disable.
  [mixing r056 A]  21.3s  rhat_reg 1.057  div 0  (418/552, 106.3 min, ETA 34 min)
standardize_covariates: standardized 2 covariate(s) in long_formula (age: centre -1.135, scale 10.11, implied intercept correlation -0.11; sex: centre 0.5356, scale 0.4988, implied intercept correlation -0.73). Coefficients are returned on the ORIGINAL scale. Set control$standardize_covariates = FALSE to disable.
sys:1: RuntimeWarning: orthogonalize_b: b[:,0] <- 3 direction(s) from X columns [0, 3, 4]; b[:,1] <- no basis (unconstrained)
  [mixing r056 D]  15.3s  rhat_reg 1.015  div 0  (419/552, 106.6 min, ETA 34 min)
standardize_covariates: standardized 2 covariate(s) in long_formula (age: centre -1.135, scale 10.11, implied intercept correlation -0.11; sex: centre 0.5356, scale 0.4988, implied intercept correlation -0.73). Coefficients are returned on the ORIGINAL scale. Set control$standardize_covariates = FALSE to disable.
sys:1: RuntimeWarning: orthogonalize_b: b[:,1] - the per-column search found 0 absorbable direction(s), but 1 exist. The extra direction(s) are absorbable only by a COMBINATION of fixed-effects columns that no single column exposes, which is what a spline or orthogonal-polynomial longitudinal mean produces. The exact (basis-independent) basis is being used, so the degeneracy IS removed; this notice exists because the per-column answer alone would have silently left it in place. See vignette('jmjax-reparameterization'), Section 4.5.
sys:1: RuntimeWarning: orthogonalize_b: b[:,0] <- 3 direction(s) from X columns [0, 3, 4]; b[:,1] <- 1 direction(s) (0 from X columns [], 1 from column combinations)
  [mixing r056 E]  14.0s  rhat_reg 1.000  div 0  (420/552, 106.8 min, ETA 34 min)
standardize_covariates: standardized 2 covariate(s) in long_formula (age: centre -0.05622, scale 9.445, implied intercept correlation -0.01; sex: centre 0.5114, scale 0.5, implied intercept correlation -0.72). Coefficients are returned on the ORIGINAL scale. Set control$standardize_covariates = FALSE to disable.
  [mixing r057 A]  14.4s  rhat_reg 1.009  div 0  (421/552, 107.0 min, ETA 33 min)
standardize_covariates: standardized 2 covariate(s) in long_formula (age: centre -0.05622, scale 9.445, implied intercept correlation -0.01; sex: centre 0.5114, scale 0.5, implied intercept correlation -0.72). Coefficients are returned on the ORIGINAL scale. Set control$standardize_covariates = FALSE to disable.
sys:1: RuntimeWarning: orthogonalize_b: b[:,0] <- 3 direction(s) from X columns [0, 3, 4]; b[:,1] <- no basis (unconstrained)
  [mixing r057 D]  20.5s  rhat_reg 1.000  div 0  (422/552, 107.4 min, ETA 33 min)
standardize_covariates: standardized 2 covariate(s) in long_formula (age: centre -0.05622, scale 9.445, implied intercept correlation -0.01; sex: centre 0.5114, scale 0.5, implied intercept correlation -0.72). Coefficients are returned on the ORIGINAL scale. Set control$standardize_covariates = FALSE to disable.
sys:1: RuntimeWarning: orthogonalize_b: b[:,1] - the per-column search found 0 absorbable direction(s), but 1 exist. The extra direction(s) are absorbable only by a COMBINATION of fixed-effects columns that no single column exposes, which is what a spline or orthogonal-polynomial longitudinal mean produces. The exact (basis-independent) basis is being used, so the degeneracy IS removed; this notice exists because the per-column answer alone would have silently left it in place. See vignette('jmjax-reparameterization'), Section 4.5.
sys:1: RuntimeWarning: orthogonalize_b: b[:,0] <- 3 direction(s) from X columns [0, 3, 4]; b[:,1] <- 1 direction(s) (0 from X columns [], 1 from column combinations)
  [mixing r057 E]  14.0s  rhat_reg 1.001  div 0  (423/552, 107.6 min, ETA 33 min)
standardize_covariates: standardized 2 covariate(s) in long_formula (age: centre -0.9542, scale 9.846, implied intercept correlation -0.10; sex: centre 0.5011, scale 0.5001, implied intercept correlation -0.71). Coefficients are returned on the ORIGINAL scale. Set control$standardize_covariates = FALSE to disable.
  [mixing r058 A]  14.8s  rhat_reg 1.042  div 0  (424/552, 107.9 min, ETA 33 min)
standardize_covariates: standardized 2 covariate(s) in long_formula (age: centre -0.9542, scale 9.846, implied intercept correlation -0.10; sex: centre 0.5011, scale 0.5001, implied intercept correlation -0.71). Coefficients are returned on the ORIGINAL scale. Set control$standardize_covariates = FALSE to disable.
sys:1: RuntimeWarning: orthogonalize_b: b[:,0] <- 3 direction(s) from X columns [0, 3, 4]; b[:,1] <- no basis (unconstrained)
  [mixing r058 D]  20.6s  rhat_reg 1.023  div 0  (425/552, 108.2 min, ETA 32 min)
standardize_covariates: standardized 2 covariate(s) in long_formula (age: centre -0.9542, scale 9.846, implied intercept correlation -0.10; sex: centre 0.5011, scale 0.5001, implied intercept correlation -0.71). Coefficients are returned on the ORIGINAL scale. Set control$standardize_covariates = FALSE to disable.
sys:1: RuntimeWarning: orthogonalize_b: b[:,1] - the per-column search found 0 absorbable direction(s), but 1 exist. The extra direction(s) are absorbable only by a COMBINATION of fixed-effects columns that no single column exposes, which is what a spline or orthogonal-polynomial longitudinal mean produces. The exact (basis-independent) basis is being used, so the degeneracy IS removed; this notice exists because the per-column answer alone would have silently left it in place. See vignette('jmjax-reparameterization'), Section 4.5.
sys:1: RuntimeWarning: orthogonalize_b: b[:,0] <- 3 direction(s) from X columns [0, 3, 4]; b[:,1] <- 1 direction(s) (0 from X columns [], 1 from column combinations)
  [mixing r058 E]  13.5s  rhat_reg 1.000  div 0  (426/552, 108.4 min, ETA 32 min)
standardize_covariates: standardized 2 covariate(s) in long_formula (age: centre -0.4622, scale 9.893, implied intercept correlation -0.05; sex: centre 0.5115, scale 0.5, implied intercept correlation -0.72). Coefficients are returned on the ORIGINAL scale. Set control$standardize_covariates = FALSE to disable.
  [mixing r059 A]  14.0s  rhat_reg 1.026  div 0  (427/552, 108.7 min, ETA 32 min)
standardize_covariates: standardized 2 covariate(s) in long_formula (age: centre -0.4622, scale 9.893, implied intercept correlation -0.05; sex: centre 0.5115, scale 0.5, implied intercept correlation -0.72). Coefficients are returned on the ORIGINAL scale. Set control$standardize_covariates = FALSE to disable.
sys:1: RuntimeWarning: orthogonalize_b: b[:,0] <- 3 direction(s) from X columns [0, 3, 4]; b[:,1] <- no basis (unconstrained)
  [mixing r059 D]  14.3s  rhat_reg 1.012  div 0  (428/552, 108.9 min, ETA 32 min)
standardize_covariates: standardized 2 covariate(s) in long_formula (age: centre -0.4622, scale 9.893, implied intercept correlation -0.05; sex: centre 0.5115, scale 0.5, implied intercept correlation -0.72). Coefficients are returned on the ORIGINAL scale. Set control$standardize_covariates = FALSE to disable.
sys:1: RuntimeWarning: orthogonalize_b: b[:,1] - the per-column search found 0 absorbable direction(s), but 1 exist. The extra direction(s) are absorbable only by a COMBINATION of fixed-effects columns that no single column exposes, which is what a spline or orthogonal-polynomial longitudinal mean produces. The exact (basis-independent) basis is being used, so the degeneracy IS removed; this notice exists because the per-column answer alone would have silently left it in place. See vignette('jmjax-reparameterization'), Section 4.5.
sys:1: RuntimeWarning: orthogonalize_b: b[:,0] <- 3 direction(s) from X columns [0, 3, 4]; b[:,1] <- 1 direction(s) (0 from X columns [], 1 from column combinations)
  [mixing r059 E]  18.8s  rhat_reg 1.001  div 0  (429/552, 109.2 min, ETA 31 min)
standardize_covariates: standardized 2 covariate(s) in long_formula (age: centre -0.4672, scale 10.41, implied intercept correlation -0.04; sex: centre 0.523, scale 0.4996, implied intercept correlation -0.72). Coefficients are returned on the ORIGINAL scale. Set control$standardize_covariates = FALSE to disable.
  [mixing r060 A]  14.2s  rhat_reg 1.006  div 0  (430/552, 109.5 min, ETA 31 min)
standardize_covariates: standardized 2 covariate(s) in long_formula (age: centre -0.4672, scale 10.41, implied intercept correlation -0.04; sex: centre 0.523, scale 0.4996, implied intercept correlation -0.72). Coefficients are returned on the ORIGINAL scale. Set control$standardize_covariates = FALSE to disable.
sys:1: RuntimeWarning: orthogonalize_b: b[:,0] <- 3 direction(s) from X columns [0, 3, 4]; b[:,1] <- no basis (unconstrained)
  [mixing r060 D]  14.5s  rhat_reg 1.001  div 0  (431/552, 109.7 min, ETA 31 min)
standardize_covariates: standardized 2 covariate(s) in long_formula (age: centre -0.4672, scale 10.41, implied intercept correlation -0.04; sex: centre 0.523, scale 0.4996, implied intercept correlation -0.72). Coefficients are returned on the ORIGINAL scale. Set control$standardize_covariates = FALSE to disable.
sys:1: RuntimeWarning: orthogonalize_b: b[:,1] - the per-column search found 0 absorbable direction(s), but 1 exist. The extra direction(s) are absorbable only by a COMBINATION of fixed-effects columns that no single column exposes, which is what a spline or orthogonal-polynomial longitudinal mean produces. The exact (basis-independent) basis is being used, so the degeneracy IS removed; this notice exists because the per-column answer alone would have silently left it in place. See vignette('jmjax-reparameterization'), Section 4.5.
sys:1: RuntimeWarning: orthogonalize_b: b[:,0] <- 3 direction(s) from X columns [0, 3, 4]; b[:,1] <- 1 direction(s) (0 from X columns [], 1 from column combinations)
  [mixing r060 E]  19.5s  rhat_reg 0.999  div 0  (432/552, 110.0 min, ETA 31 min)
standardize_covariates: standardized 2 covariate(s) in long_formula (age: centre 0.3741, scale 9.904, implied intercept correlation -0.04; sex: centre 0.5098, scale 0.5, implied intercept correlation -0.71). Coefficients are returned on the ORIGINAL scale. Set control$standardize_covariates = FALSE to disable.
  [mixing r061 A]  14.1s  rhat_reg 1.051  div 0  (433/552, 110.3 min, ETA 30 min)
standardize_covariates: standardized 2 covariate(s) in long_formula (age: centre 0.3741, scale 9.904, implied intercept correlation -0.04; sex: centre 0.5098, scale 0.5, implied intercept correlation -0.71). Coefficients are returned on the ORIGINAL scale. Set control$standardize_covariates = FALSE to disable.
sys:1: RuntimeWarning: orthogonalize_b: b[:,0] <- 3 direction(s) from X columns [0, 3, 4]; b[:,1] <- no basis (unconstrained)
  [mixing r061 D]  14.6s  rhat_reg 1.051  div 0  (434/552, 110.5 min, ETA 30 min)
standardize_covariates: standardized 2 covariate(s) in long_formula (age: centre 0.3741, scale 9.904, implied intercept correlation -0.04; sex: centre 0.5098, scale 0.5, implied intercept correlation -0.71). Coefficients are returned on the ORIGINAL scale. Set control$standardize_covariates = FALSE to disable.
sys:1: RuntimeWarning: orthogonalize_b: b[:,1] - the per-column search found 0 absorbable direction(s), but 1 exist. The extra direction(s) are absorbable only by a COMBINATION of fixed-effects columns that no single column exposes, which is what a spline or orthogonal-polynomial longitudinal mean produces. The exact (basis-independent) basis is being used, so the degeneracy IS removed; this notice exists because the per-column answer alone would have silently left it in place. See vignette('jmjax-reparameterization'), Section 4.5.
sys:1: RuntimeWarning: orthogonalize_b: b[:,0] <- 3 direction(s) from X columns [0, 3, 4]; b[:,1] <- 1 direction(s) (0 from X columns [], 1 from column combinations)
  [mixing r061 E]  13.5s  rhat_reg 1.000  div 0  (435/552, 110.7 min, ETA 30 min)
standardize_covariates: standardized 2 covariate(s) in long_formula (age: centre -0.3164, scale 10.4, implied intercept correlation -0.03; sex: centre 0.4915, scale 0.5, implied intercept correlation -0.70). Coefficients are returned on the ORIGINAL scale. Set control$standardize_covariates = FALSE to disable.
  [mixing r062 A]  25.3s  rhat_reg 1.008  div 0  (436/552, 111.2 min, ETA 30 min)
standardize_covariates: standardized 2 covariate(s) in long_formula (age: centre -0.3164, scale 10.4, implied intercept correlation -0.03; sex: centre 0.4915, scale 0.5, implied intercept correlation -0.70). Coefficients are returned on the ORIGINAL scale. Set control$standardize_covariates = FALSE to disable.
sys:1: RuntimeWarning: orthogonalize_b: b[:,0] <- 3 direction(s) from X columns [0, 3, 4]; b[:,1] <- no basis (unconstrained)
  [mixing r062 D]  18.8s  rhat_reg 1.007  div 0  (437/552, 111.5 min, ETA 29 min)
standardize_covariates: standardized 2 covariate(s) in long_formula (age: centre -0.3164, scale 10.4, implied intercept correlation -0.03; sex: centre 0.4915, scale 0.5, implied intercept correlation -0.70). Coefficients are returned on the ORIGINAL scale. Set control$standardize_covariates = FALSE to disable.
sys:1: RuntimeWarning: orthogonalize_b: b[:,1] - the per-column search found 0 absorbable direction(s), but 1 exist. The extra direction(s) are absorbable only by a COMBINATION of fixed-effects columns that no single column exposes, which is what a spline or orthogonal-polynomial longitudinal mean produces. The exact (basis-independent) basis is being used, so the degeneracy IS removed; this notice exists because the per-column answer alone would have silently left it in place. See vignette('jmjax-reparameterization'), Section 4.5.
sys:1: RuntimeWarning: orthogonalize_b: b[:,0] <- 3 direction(s) from X columns [0, 3, 4]; b[:,1] <- 1 direction(s) (0 from X columns [], 1 from column combinations)
  [mixing r062 E]  13.9s  rhat_reg 1.003  div 0  (438/552, 111.7 min, ETA 29 min)
standardize_covariates: standardized 2 covariate(s) in long_formula (age: centre 0.9753, scale 9.818, implied intercept correlation -0.10; sex: centre 0.4634, scale 0.4987, implied intercept correlation -0.68). Coefficients are returned on the ORIGINAL scale. Set control$standardize_covariates = FALSE to disable.
  [mixing r063 A]  20.9s  rhat_reg 1.013  div 0  (439/552, 112.1 min, ETA 29 min)
standardize_covariates: standardized 2 covariate(s) in long_formula (age: centre 0.9753, scale 9.818, implied intercept correlation -0.10; sex: centre 0.4634, scale 0.4987, implied intercept correlation -0.68). Coefficients are returned on the ORIGINAL scale. Set control$standardize_covariates = FALSE to disable.
sys:1: RuntimeWarning: orthogonalize_b: b[:,0] <- 3 direction(s) from X columns [0, 3, 4]; b[:,1] <- no basis (unconstrained)
  [mixing r063 D]  15.2s  rhat_reg 1.011  div 0  (440/552, 112.3 min, ETA 29 min)
standardize_covariates: standardized 2 covariate(s) in long_formula (age: centre 0.9753, scale 9.818, implied intercept correlation -0.10; sex: centre 0.4634, scale 0.4987, implied intercept correlation -0.68). Coefficients are returned on the ORIGINAL scale. Set control$standardize_covariates = FALSE to disable.
sys:1: RuntimeWarning: orthogonalize_b: b[:,1] - the per-column search found 0 absorbable direction(s), but 1 exist. The extra direction(s) are absorbable only by a COMBINATION of fixed-effects columns that no single column exposes, which is what a spline or orthogonal-polynomial longitudinal mean produces. The exact (basis-independent) basis is being used, so the degeneracy IS removed; this notice exists because the per-column answer alone would have silently left it in place. See vignette('jmjax-reparameterization'), Section 4.5.
sys:1: RuntimeWarning: orthogonalize_b: b[:,0] <- 3 direction(s) from X columns [0, 3, 4]; b[:,1] <- 1 direction(s) (0 from X columns [], 1 from column combinations)
  [mixing r063 E]  14.5s  rhat_reg 1.000  div 0  (441/552, 112.6 min, ETA 28 min)
standardize_covariates: standardized 2 covariate(s) in long_formula (age: centre -0.8324, scale 9.574, implied intercept correlation -0.09; sex: centre 0.5112, scale 0.5, implied intercept correlation -0.71). Coefficients are returned on the ORIGINAL scale. Set control$standardize_covariates = FALSE to disable.
  [mixing r064 A]  17.3s  rhat_reg 1.023  div 0  (442/552, 112.8 min, ETA 28 min)
standardize_covariates: standardized 2 covariate(s) in long_formula (age: centre -0.8324, scale 9.574, implied intercept correlation -0.09; sex: centre 0.5112, scale 0.5, implied intercept correlation -0.71). Coefficients are returned on the ORIGINAL scale. Set control$standardize_covariates = FALSE to disable.
sys:1: RuntimeWarning: orthogonalize_b: b[:,0] <- 3 direction(s) from X columns [0, 3, 4]; b[:,1] <- no basis (unconstrained)
  [mixing r064 D]  23.8s  rhat_reg 1.002  div 0  (443/552, 113.2 min, ETA 28 min)
standardize_covariates: standardized 2 covariate(s) in long_formula (age: centre -0.8324, scale 9.574, implied intercept correlation -0.09; sex: centre 0.5112, scale 0.5, implied intercept correlation -0.71). Coefficients are returned on the ORIGINAL scale. Set control$standardize_covariates = FALSE to disable.
sys:1: RuntimeWarning: orthogonalize_b: b[:,1] - the per-column search found 0 absorbable direction(s), but 1 exist. The extra direction(s) are absorbable only by a COMBINATION of fixed-effects columns that no single column exposes, which is what a spline or orthogonal-polynomial longitudinal mean produces. The exact (basis-independent) basis is being used, so the degeneracy IS removed; this notice exists because the per-column answer alone would have silently left it in place. See vignette('jmjax-reparameterization'), Section 4.5.
sys:1: RuntimeWarning: orthogonalize_b: b[:,0] <- 3 direction(s) from X columns [0, 3, 4]; b[:,1] <- 1 direction(s) (0 from X columns [], 1 from column combinations)
  [mixing r064 E]  14.9s  rhat_reg 1.000  div 0  (444/552, 113.5 min, ETA 28 min)
standardize_covariates: standardized 2 covariate(s) in long_formula (age: centre 0.02755, scale 9.138, implied intercept correlation -0.00; sex: centre 0.4402, scale 0.4965, implied intercept correlation -0.66). Coefficients are returned on the ORIGINAL scale. Set control$standardize_covariates = FALSE to disable.
  [mixing r065 A]  15.3s  rhat_reg 1.012  div 0  (445/552, 113.7 min, ETA 27 min)
standardize_covariates: standardized 2 covariate(s) in long_formula (age: centre 0.02755, scale 9.138, implied intercept correlation -0.00; sex: centre 0.4402, scale 0.4965, implied intercept correlation -0.66). Coefficients are returned on the ORIGINAL scale. Set control$standardize_covariates = FALSE to disable.
sys:1: RuntimeWarning: orthogonalize_b: b[:,0] <- 3 direction(s) from X columns [0, 3, 4]; b[:,1] <- no basis (unconstrained)
  [mixing r065 D]  21.8s  rhat_reg 1.002  div 0  (446/552, 114.1 min, ETA 27 min)
standardize_covariates: standardized 2 covariate(s) in long_formula (age: centre 0.02755, scale 9.138, implied intercept correlation -0.00; sex: centre 0.4402, scale 0.4965, implied intercept correlation -0.66). Coefficients are returned on the ORIGINAL scale. Set control$standardize_covariates = FALSE to disable.
sys:1: RuntimeWarning: orthogonalize_b: b[:,1] - the per-column search found 0 absorbable direction(s), but 1 exist. The extra direction(s) are absorbable only by a COMBINATION of fixed-effects columns that no single column exposes, which is what a spline or orthogonal-polynomial longitudinal mean produces. The exact (basis-independent) basis is being used, so the degeneracy IS removed; this notice exists because the per-column answer alone would have silently left it in place. See vignette('jmjax-reparameterization'), Section 4.5.
sys:1: RuntimeWarning: orthogonalize_b: b[:,0] <- 3 direction(s) from X columns [0, 3, 4]; b[:,1] <- 1 direction(s) (0 from X columns [], 1 from column combinations)
  [mixing r065 E]  14.1s  rhat_reg 1.001  div 0  (447/552, 114.3 min, ETA 27 min)
standardize_covariates: standardized 2 covariate(s) in long_formula (age: centre 0.3898, scale 10.04, implied intercept correlation -0.04; sex: centre 0.5104, scale 0.5, implied intercept correlation -0.71). Coefficients are returned on the ORIGINAL scale. Set control$standardize_covariates = FALSE to disable.
  [mixing r066 A]  15.5s  rhat_reg 1.006  div 0  (448/552, 114.6 min, ETA 27 min)
standardize_covariates: standardized 2 covariate(s) in long_formula (age: centre 0.3898, scale 10.04, implied intercept correlation -0.04; sex: centre 0.5104, scale 0.5, implied intercept correlation -0.71). Coefficients are returned on the ORIGINAL scale. Set control$standardize_covariates = FALSE to disable.
sys:1: RuntimeWarning: orthogonalize_b: b[:,0] <- 3 direction(s) from X columns [0, 3, 4]; b[:,1] <- no basis (unconstrained)
  [mixing r066 D]  15.7s  rhat_reg 1.003  div 0  (449/552, 114.9 min, ETA 26 min)
standardize_covariates: standardized 2 covariate(s) in long_formula (age: centre 0.3898, scale 10.04, implied intercept correlation -0.04; sex: centre 0.5104, scale 0.5, implied intercept correlation -0.71). Coefficients are returned on the ORIGINAL scale. Set control$standardize_covariates = FALSE to disable.
sys:1: RuntimeWarning: orthogonalize_b: b[:,1] - the per-column search found 0 absorbable direction(s), but 1 exist. The extra direction(s) are absorbable only by a COMBINATION of fixed-effects columns that no single column exposes, which is what a spline or orthogonal-polynomial longitudinal mean produces. The exact (basis-independent) basis is being used, so the degeneracy IS removed; this notice exists because the per-column answer alone would have silently left it in place. See vignette('jmjax-reparameterization'), Section 4.5.
sys:1: RuntimeWarning: orthogonalize_b: b[:,0] <- 3 direction(s) from X columns [0, 3, 4]; b[:,1] <- 1 direction(s) (0 from X columns [], 1 from column combinations)
  [mixing r066 E]  21.2s  rhat_reg 1.000  div 0  (450/552, 115.2 min, ETA 26 min)
standardize_covariates: standardized 2 covariate(s) in long_formula (age: centre -0.7806, scale 9.478, implied intercept correlation -0.08; sex: centre 0.4989, scale 0.5001, implied intercept correlation -0.71). Coefficients are returned on the ORIGINAL scale. Set control$standardize_covariates = FALSE to disable.
  [mixing r067 A]  17.4s  rhat_reg 1.002  div 0  (451/552, 115.5 min, ETA 26 min)
standardize_covariates: standardized 2 covariate(s) in long_formula (age: centre -0.7806, scale 9.478, implied intercept correlation -0.08; sex: centre 0.4989, scale 0.5001, implied intercept correlation -0.71). Coefficients are returned on the ORIGINAL scale. Set control$standardize_covariates = FALSE to disable.
sys:1: RuntimeWarning: orthogonalize_b: b[:,0] <- 3 direction(s) from X columns [0, 3, 4]; b[:,1] <- no basis (unconstrained)
  [mixing r067 D]  15.5s  rhat_reg 0.999  div 0  (452/552, 115.8 min, ETA 26 min)
standardize_covariates: standardized 2 covariate(s) in long_formula (age: centre -0.7806, scale 9.478, implied intercept correlation -0.08; sex: centre 0.4989, scale 0.5001, implied intercept correlation -0.71). Coefficients are returned on the ORIGINAL scale. Set control$standardize_covariates = FALSE to disable.
sys:1: RuntimeWarning: orthogonalize_b: b[:,1] - the per-column search found 0 absorbable direction(s), but 1 exist. The extra direction(s) are absorbable only by a COMBINATION of fixed-effects columns that no single column exposes, which is what a spline or orthogonal-polynomial longitudinal mean produces. The exact (basis-independent) basis is being used, so the degeneracy IS removed; this notice exists because the per-column answer alone would have silently left it in place. See vignette('jmjax-reparameterization'), Section 4.5.
sys:1: RuntimeWarning: orthogonalize_b: b[:,0] <- 3 direction(s) from X columns [0, 3, 4]; b[:,1] <- 1 direction(s) (0 from X columns [], 1 from column combinations)
  [mixing r067 E]  13.5s  rhat_reg 1.001  div 0  (453/552, 116.0 min, ETA 25 min)
standardize_covariates: standardized 2 covariate(s) in long_formula (age: centre -0.1772, scale 9.688, implied intercept correlation -0.02; sex: centre 0.502, scale 0.5001, implied intercept correlation -0.71). Coefficients are returned on the ORIGINAL scale. Set control$standardize_covariates = FALSE to disable.
  [mixing r068 A]  22.3s  rhat_reg 1.008  div 0  (454/552, 116.4 min, ETA 25 min)
standardize_covariates: standardized 2 covariate(s) in long_formula (age: centre -0.1772, scale 9.688, implied intercept correlation -0.02; sex: centre 0.502, scale 0.5001, implied intercept correlation -0.71). Coefficients are returned on the ORIGINAL scale. Set control$standardize_covariates = FALSE to disable.
sys:1: RuntimeWarning: orthogonalize_b: b[:,0] <- 3 direction(s) from X columns [0, 3, 4]; b[:,1] <- no basis (unconstrained)
  [mixing r068 D]  15.6s  rhat_reg 1.011  div 0  (455/552, 116.6 min, ETA 25 min)
standardize_covariates: standardized 2 covariate(s) in long_formula (age: centre -0.1772, scale 9.688, implied intercept correlation -0.02; sex: centre 0.502, scale 0.5001, implied intercept correlation -0.71). Coefficients are returned on the ORIGINAL scale. Set control$standardize_covariates = FALSE to disable.
sys:1: RuntimeWarning: orthogonalize_b: b[:,1] - the per-column search found 0 absorbable direction(s), but 1 exist. The extra direction(s) are absorbable only by a COMBINATION of fixed-effects columns that no single column exposes, which is what a spline or orthogonal-polynomial longitudinal mean produces. The exact (basis-independent) basis is being used, so the degeneracy IS removed; this notice exists because the per-column answer alone would have silently left it in place. See vignette('jmjax-reparameterization'), Section 4.5.
sys:1: RuntimeWarning: orthogonalize_b: b[:,0] <- 3 direction(s) from X columns [0, 3, 4]; b[:,1] <- 1 direction(s) (0 from X columns [], 1 from column combinations)
  [mixing r068 E]  14.7s  rhat_reg 1.000  div 0  (456/552, 116.9 min, ETA 25 min)
standardize_covariates: standardized 2 covariate(s) in long_formula (age: centre 0.2356, scale 9.782, implied intercept correlation -0.02; sex: centre 0.539, scale 0.4986, implied intercept correlation -0.73). Coefficients are returned on the ORIGINAL scale. Set control$standardize_covariates = FALSE to disable.
  [mixing r069 A]  22.3s  rhat_reg 1.023  div 0  (457/552, 117.3 min, ETA 24 min)
standardize_covariates: standardized 2 covariate(s) in long_formula (age: centre 0.2356, scale 9.782, implied intercept correlation -0.02; sex: centre 0.539, scale 0.4986, implied intercept correlation -0.73). Coefficients are returned on the ORIGINAL scale. Set control$standardize_covariates = FALSE to disable.
sys:1: RuntimeWarning: orthogonalize_b: b[:,0] <- 3 direction(s) from X columns [0, 3, 4]; b[:,1] <- no basis (unconstrained)
  [mixing r069 D]  15.9s  rhat_reg 1.011  div 0  (458/552, 117.5 min, ETA 24 min)
standardize_covariates: standardized 2 covariate(s) in long_formula (age: centre 0.2356, scale 9.782, implied intercept correlation -0.02; sex: centre 0.539, scale 0.4986, implied intercept correlation -0.73). Coefficients are returned on the ORIGINAL scale. Set control$standardize_covariates = FALSE to disable.
sys:1: RuntimeWarning: orthogonalize_b: b[:,1] - the per-column search found 0 absorbable direction(s), but 1 exist. The extra direction(s) are absorbable only by a COMBINATION of fixed-effects columns that no single column exposes, which is what a spline or orthogonal-polynomial longitudinal mean produces. The exact (basis-independent) basis is being used, so the degeneracy IS removed; this notice exists because the per-column answer alone would have silently left it in place. See vignette('jmjax-reparameterization'), Section 4.5.
sys:1: RuntimeWarning: orthogonalize_b: b[:,0] <- 3 direction(s) from X columns [0, 3, 4]; b[:,1] <- 1 direction(s) (0 from X columns [], 1 from column combinations)
  [mixing r069 E]  14.9s  rhat_reg 1.000  div 0  (459/552, 117.8 min, ETA 24 min)
standardize_covariates: standardized 2 covariate(s) in long_formula (age: centre -0.9654, scale 10.11, implied intercept correlation -0.10; sex: centre 0.4476, scale 0.4973, implied intercept correlation -0.67). Coefficients are returned on the ORIGINAL scale. Set control$standardize_covariates = FALSE to disable.
  [mixing r070 A]  19.6s  rhat_reg 1.030  div 0  (460/552, 118.1 min, ETA 24 min)
standardize_covariates: standardized 2 covariate(s) in long_formula (age: centre -0.9654, scale 10.11, implied intercept correlation -0.10; sex: centre 0.4476, scale 0.4973, implied intercept correlation -0.67). Coefficients are returned on the ORIGINAL scale. Set control$standardize_covariates = FALSE to disable.
sys:1: RuntimeWarning: orthogonalize_b: b[:,0] <- 3 direction(s) from X columns [0, 3, 4]; b[:,1] <- no basis (unconstrained)
  [mixing r070 D]  24.1s  rhat_reg 1.038  div 0  (461/552, 118.5 min, ETA 23 min)
standardize_covariates: standardized 2 covariate(s) in long_formula (age: centre -0.9654, scale 10.11, implied intercept correlation -0.10; sex: centre 0.4476, scale 0.4973, implied intercept correlation -0.67). Coefficients are returned on the ORIGINAL scale. Set control$standardize_covariates = FALSE to disable.
sys:1: RuntimeWarning: orthogonalize_b: b[:,1] - the per-column search found 0 absorbable direction(s), but 1 exist. The extra direction(s) are absorbable only by a COMBINATION of fixed-effects columns that no single column exposes, which is what a spline or orthogonal-polynomial longitudinal mean produces. The exact (basis-independent) basis is being used, so the degeneracy IS removed; this notice exists because the per-column answer alone would have silently left it in place. See vignette('jmjax-reparameterization'), Section 4.5.
sys:1: RuntimeWarning: orthogonalize_b: b[:,0] <- 3 direction(s) from X columns [0, 3, 4]; b[:,1] <- 1 direction(s) (0 from X columns [], 1 from column combinations)
  [mixing r070 E]  15.6s  rhat_reg 1.000  div 0  (462/552, 118.8 min, ETA 23 min)
standardize_covariates: standardized 2 covariate(s) in long_formula (age: centre 0.02558, scale 9.749, implied intercept correlation -0.00; sex: centre 0.4994, scale 0.5001, implied intercept correlation -0.71). Coefficients are returned on the ORIGINAL scale. Set control$standardize_covariates = FALSE to disable.
  [mixing r071 A]  15.5s  rhat_reg 1.016  div 0  (463/552, 119.0 min, ETA 23 min)
standardize_covariates: standardized 2 covariate(s) in long_formula (age: centre 0.02558, scale 9.749, implied intercept correlation -0.00; sex: centre 0.4994, scale 0.5001, implied intercept correlation -0.71). Coefficients are returned on the ORIGINAL scale. Set control$standardize_covariates = FALSE to disable.
sys:1: RuntimeWarning: orthogonalize_b: b[:,0] <- 3 direction(s) from X columns [0, 3, 4]; b[:,1] <- no basis (unconstrained)
  [mixing r071 D]  14.5s  rhat_reg 1.012  div 0  (464/552, 119.3 min, ETA 23 min)
standardize_covariates: standardized 2 covariate(s) in long_formula (age: centre 0.02558, scale 9.749, implied intercept correlation -0.00; sex: centre 0.4994, scale 0.5001, implied intercept correlation -0.71). Coefficients are returned on the ORIGINAL scale. Set control$standardize_covariates = FALSE to disable.
sys:1: RuntimeWarning: orthogonalize_b: b[:,1] - the per-column search found 0 absorbable direction(s), but 1 exist. The extra direction(s) are absorbable only by a COMBINATION of fixed-effects columns that no single column exposes, which is what a spline or orthogonal-polynomial longitudinal mean produces. The exact (basis-independent) basis is being used, so the degeneracy IS removed; this notice exists because the per-column answer alone would have silently left it in place. See vignette('jmjax-reparameterization'), Section 4.5.
sys:1: RuntimeWarning: orthogonalize_b: b[:,0] <- 3 direction(s) from X columns [0, 3, 4]; b[:,1] <- 1 direction(s) (0 from X columns [], 1 from column combinations)
  [mixing r071 E]  19.1s  rhat_reg 1.001  div 0  (465/552, 119.6 min, ETA 22 min)
standardize_covariates: standardized 2 covariate(s) in long_formula (age: centre 0.6692, scale 9.751, implied intercept correlation -0.07; sex: centre 0.5265, scale 0.4994, implied intercept correlation -0.73). Coefficients are returned on the ORIGINAL scale. Set control$standardize_covariates = FALSE to disable.
  [mixing r072 A]  14.1s  rhat_reg 1.020  div 0  (466/552, 119.8 min, ETA 22 min)
standardize_covariates: standardized 2 covariate(s) in long_formula (age: centre 0.6692, scale 9.751, implied intercept correlation -0.07; sex: centre 0.5265, scale 0.4994, implied intercept correlation -0.73). Coefficients are returned on the ORIGINAL scale. Set control$standardize_covariates = FALSE to disable.
sys:1: RuntimeWarning: orthogonalize_b: b[:,0] <- 3 direction(s) from X columns [0, 3, 4]; b[:,1] <- no basis (unconstrained)
  [mixing r072 D]  14.5s  rhat_reg 1.012  div 0  (467/552, 120.1 min, ETA 22 min)
standardize_covariates: standardized 2 covariate(s) in long_formula (age: centre 0.6692, scale 9.751, implied intercept correlation -0.07; sex: centre 0.5265, scale 0.4994, implied intercept correlation -0.73). Coefficients are returned on the ORIGINAL scale. Set control$standardize_covariates = FALSE to disable.
sys:1: RuntimeWarning: orthogonalize_b: b[:,1] - the per-column search found 0 absorbable direction(s), but 1 exist. The extra direction(s) are absorbable only by a COMBINATION of fixed-effects columns that no single column exposes, which is what a spline or orthogonal-polynomial longitudinal mean produces. The exact (basis-independent) basis is being used, so the degeneracy IS removed; this notice exists because the per-column answer alone would have silently left it in place. See vignette('jmjax-reparameterization'), Section 4.5.
sys:1: RuntimeWarning: orthogonalize_b: b[:,0] <- 3 direction(s) from X columns [0, 3, 4]; b[:,1] <- 1 direction(s) (0 from X columns [], 1 from column combinations)
  [mixing r072 E]  20.6s  rhat_reg 1.001  div 0  (468/552, 120.4 min, ETA 22 min)
standardize_covariates: standardized 2 covariate(s) in long_formula (age: centre -0.6013, scale 10.25, implied intercept correlation -0.06; sex: centre 0.515, scale 0.4999, implied intercept correlation -0.72). Coefficients are returned on the ORIGINAL scale. Set control$standardize_covariates = FALSE to disable.
  [mixing r073 A]  14.5s  rhat_reg 1.017  div 0  (469/552, 120.7 min, ETA 21 min)
standardize_covariates: standardized 2 covariate(s) in long_formula (age: centre -0.6013, scale 10.25, implied intercept correlation -0.06; sex: centre 0.515, scale 0.4999, implied intercept correlation -0.72). Coefficients are returned on the ORIGINAL scale. Set control$standardize_covariates = FALSE to disable.
sys:1: RuntimeWarning: orthogonalize_b: b[:,0] <- 3 direction(s) from X columns [0, 3, 4]; b[:,1] <- no basis (unconstrained)
  [mixing r073 D]  14.5s  rhat_reg 1.010  div 0  (470/552, 120.9 min, ETA 21 min)
standardize_covariates: standardized 2 covariate(s) in long_formula (age: centre -0.6013, scale 10.25, implied intercept correlation -0.06; sex: centre 0.515, scale 0.4999, implied intercept correlation -0.72). Coefficients are returned on the ORIGINAL scale. Set control$standardize_covariates = FALSE to disable.
sys:1: RuntimeWarning: orthogonalize_b: b[:,1] - the per-column search found 0 absorbable direction(s), but 1 exist. The extra direction(s) are absorbable only by a COMBINATION of fixed-effects columns that no single column exposes, which is what a spline or orthogonal-polynomial longitudinal mean produces. The exact (basis-independent) basis is being used, so the degeneracy IS removed; this notice exists because the per-column answer alone would have silently left it in place. See vignette('jmjax-reparameterization'), Section 4.5.
sys:1: RuntimeWarning: orthogonalize_b: b[:,0] <- 3 direction(s) from X columns [0, 3, 4]; b[:,1] <- 1 direction(s) (0 from X columns [], 1 from column combinations)
  [mixing r073 E]  12.8s  rhat_reg 1.002  div 0  (471/552, 121.1 min, ETA 21 min)
standardize_covariates: standardized 2 covariate(s) in long_formula (age: centre 0.7883, scale 9.88, implied intercept correlation -0.08; sex: centre 0.5205, scale 0.4997, implied intercept correlation -0.72). Coefficients are returned on the ORIGINAL scale. Set control$standardize_covariates = FALSE to disable.
  [mixing r074 A]  20.8s  rhat_reg 1.024  div 0  (472/552, 121.5 min, ETA 21 min)
standardize_covariates: standardized 2 covariate(s) in long_formula (age: centre 0.7883, scale 9.88, implied intercept correlation -0.08; sex: centre 0.5205, scale 0.4997, implied intercept correlation -0.72). Coefficients are returned on the ORIGINAL scale. Set control$standardize_covariates = FALSE to disable.
sys:1: RuntimeWarning: orthogonalize_b: b[:,0] <- 3 direction(s) from X columns [0, 3, 4]; b[:,1] <- no basis (unconstrained)
  [mixing r074 D]  15.1s  rhat_reg 1.034  div 0  (473/552, 121.7 min, ETA 20 min)
standardize_covariates: standardized 2 covariate(s) in long_formula (age: centre 0.7883, scale 9.88, implied intercept correlation -0.08; sex: centre 0.5205, scale 0.4997, implied intercept correlation -0.72). Coefficients are returned on the ORIGINAL scale. Set control$standardize_covariates = FALSE to disable.
sys:1: RuntimeWarning: orthogonalize_b: b[:,1] - the per-column search found 0 absorbable direction(s), but 1 exist. The extra direction(s) are absorbable only by a COMBINATION of fixed-effects columns that no single column exposes, which is what a spline or orthogonal-polynomial longitudinal mean produces. The exact (basis-independent) basis is being used, so the degeneracy IS removed; this notice exists because the per-column answer alone would have silently left it in place. See vignette('jmjax-reparameterization'), Section 4.5.
sys:1: RuntimeWarning: orthogonalize_b: b[:,0] <- 3 direction(s) from X columns [0, 3, 4]; b[:,1] <- 1 direction(s) (0 from X columns [], 1 from column combinations)
  [mixing r074 E]  13.9s  rhat_reg 1.000  div 0  (474/552, 122.0 min, ETA 20 min)
standardize_covariates: standardized 2 covariate(s) in long_formula (age: centre -0.4424, scale 10.67, implied intercept correlation -0.04; sex: centre 0.53, scale 0.4992, implied intercept correlation -0.73). Coefficients are returned on the ORIGINAL scale. Set control$standardize_covariates = FALSE to disable.
  [mixing r075 A]  14.5s  rhat_reg 1.021  div 0  (475/552, 122.2 min, ETA 20 min)
standardize_covariates: standardized 2 covariate(s) in long_formula (age: centre -0.4424, scale 10.67, implied intercept correlation -0.04; sex: centre 0.53, scale 0.4992, implied intercept correlation -0.73). Coefficients are returned on the ORIGINAL scale. Set control$standardize_covariates = FALSE to disable.
sys:1: RuntimeWarning: orthogonalize_b: b[:,0] <- 3 direction(s) from X columns [0, 3, 4]; b[:,1] <- no basis (unconstrained)
  [mixing r075 D]  21.2s  rhat_reg 1.017  div 0  (476/552, 122.6 min, ETA 20 min)
standardize_covariates: standardized 2 covariate(s) in long_formula (age: centre -0.4424, scale 10.67, implied intercept correlation -0.04; sex: centre 0.53, scale 0.4992, implied intercept correlation -0.73). Coefficients are returned on the ORIGINAL scale. Set control$standardize_covariates = FALSE to disable.
sys:1: RuntimeWarning: orthogonalize_b: b[:,1] - the per-column search found 0 absorbable direction(s), but 1 exist. The extra direction(s) are absorbable only by a COMBINATION of fixed-effects columns that no single column exposes, which is what a spline or orthogonal-polynomial longitudinal mean produces. The exact (basis-independent) basis is being used, so the degeneracy IS removed; this notice exists because the per-column answer alone would have silently left it in place. See vignette('jmjax-reparameterization'), Section 4.5.
sys:1: RuntimeWarning: orthogonalize_b: b[:,0] <- 3 direction(s) from X columns [0, 3, 4]; b[:,1] <- 1 direction(s) (0 from X columns [], 1 from column combinations)
  [mixing r075 E]  13.8s  rhat_reg 1.000  div 0  (477/552, 122.8 min, ETA 19 min)
standardize_covariates: standardized 2 covariate(s) in long_formula (age: centre -0.3581, scale 10.46, implied intercept correlation -0.03; sex: centre 0.5488, scale 0.4977, implied intercept correlation -0.74). Coefficients are returned on the ORIGINAL scale. Set control$standardize_covariates = FALSE to disable.
  [mixing r076 A]  14.5s  rhat_reg 1.020  div 0  (478/552, 123.0 min, ETA 19 min)
standardize_covariates: standardized 2 covariate(s) in long_formula (age: centre -0.3581, scale 10.46, implied intercept correlation -0.03; sex: centre 0.5488, scale 0.4977, implied intercept correlation -0.74). Coefficients are returned on the ORIGINAL scale. Set control$standardize_covariates = FALSE to disable.
sys:1: RuntimeWarning: orthogonalize_b: b[:,0] <- 3 direction(s) from X columns [0, 3, 4]; b[:,1] <- no basis (unconstrained)
  [mixing r076 D]  14.7s  rhat_reg 1.014  div 0  (479/552, 123.3 min, ETA 19 min)
standardize_covariates: standardized 2 covariate(s) in long_formula (age: centre -0.3581, scale 10.46, implied intercept correlation -0.03; sex: centre 0.5488, scale 0.4977, implied intercept correlation -0.74). Coefficients are returned on the ORIGINAL scale. Set control$standardize_covariates = FALSE to disable.
sys:1: RuntimeWarning: orthogonalize_b: b[:,1] - the per-column search found 0 absorbable direction(s), but 1 exist. The extra direction(s) are absorbable only by a COMBINATION of fixed-effects columns that no single column exposes, which is what a spline or orthogonal-polynomial longitudinal mean produces. The exact (basis-independent) basis is being used, so the degeneracy IS removed; this notice exists because the per-column answer alone would have silently left it in place. See vignette('jmjax-reparameterization'), Section 4.5.
sys:1: RuntimeWarning: orthogonalize_b: b[:,0] <- 3 direction(s) from X columns [0, 3, 4]; b[:,1] <- 1 direction(s) (0 from X columns [], 1 from column combinations)
  [mixing r076 E]  20.2s  rhat_reg 1.000  div 0  (480/552, 123.6 min, ETA 19 min)
standardize_covariates: standardized 2 covariate(s) in long_formula (age: centre -0.4775, scale 10.18, implied intercept correlation -0.05; sex: centre 0.4945, scale 0.5001, implied intercept correlation -0.70). Coefficients are returned on the ORIGINAL scale. Set control$standardize_covariates = FALSE to disable.
  [mixing r077 A]  19.1s  rhat_reg 1.010  div 0  (481/552, 123.9 min, ETA 18 min)
standardize_covariates: standardized 2 covariate(s) in long_formula (age: centre -0.4775, scale 10.18, implied intercept correlation -0.05; sex: centre 0.4945, scale 0.5001, implied intercept correlation -0.70). Coefficients are returned on the ORIGINAL scale. Set control$standardize_covariates = FALSE to disable.
sys:1: RuntimeWarning: orthogonalize_b: b[:,0] <- 3 direction(s) from X columns [0, 3, 4]; b[:,1] <- no basis (unconstrained)
  [mixing r077 D]  19.6s  rhat_reg 1.006  div 0  (482/552, 124.3 min, ETA 18 min)
standardize_covariates: standardized 2 covariate(s) in long_formula (age: centre -0.4775, scale 10.18, implied intercept correlation -0.05; sex: centre 0.4945, scale 0.5001, implied intercept correlation -0.70). Coefficients are returned on the ORIGINAL scale. Set control$standardize_covariates = FALSE to disable.
sys:1: RuntimeWarning: orthogonalize_b: b[:,1] - the per-column search found 0 absorbable direction(s), but 1 exist. The extra direction(s) are absorbable only by a COMBINATION of fixed-effects columns that no single column exposes, which is what a spline or orthogonal-polynomial longitudinal mean produces. The exact (basis-independent) basis is being used, so the degeneracy IS removed; this notice exists because the per-column answer alone would have silently left it in place. See vignette('jmjax-reparameterization'), Section 4.5.
sys:1: RuntimeWarning: orthogonalize_b: b[:,0] <- 3 direction(s) from X columns [0, 3, 4]; b[:,1] <- 1 direction(s) (0 from X columns [], 1 from column combinations)
  [mixing r077 E]  14.6s  rhat_reg 1.000  div 0  (483/552, 124.5 min, ETA 18 min)
standardize_covariates: standardized 2 covariate(s) in long_formula (age: centre 0.1597, scale 9.823, implied intercept correlation -0.02; sex: centre 0.4931, scale 0.5, implied intercept correlation -0.70). Coefficients are returned on the ORIGINAL scale. Set control$standardize_covariates = FALSE to disable.
  [mixing r078 A]  21.9s  rhat_reg 1.014  div 0  (484/552, 124.9 min, ETA 18 min)
standardize_covariates: standardized 2 covariate(s) in long_formula (age: centre 0.1597, scale 9.823, implied intercept correlation -0.02; sex: centre 0.4931, scale 0.5, implied intercept correlation -0.70). Coefficients are returned on the ORIGINAL scale. Set control$standardize_covariates = FALSE to disable.
sys:1: RuntimeWarning: orthogonalize_b: b[:,0] <- 3 direction(s) from X columns [0, 3, 4]; b[:,1] <- no basis (unconstrained)
  [mixing r078 D]  14.1s  rhat_reg 1.020  div 0  (485/552, 125.1 min, ETA 17 min)
standardize_covariates: standardized 2 covariate(s) in long_formula (age: centre 0.1597, scale 9.823, implied intercept correlation -0.02; sex: centre 0.4931, scale 0.5, implied intercept correlation -0.70). Coefficients are returned on the ORIGINAL scale. Set control$standardize_covariates = FALSE to disable.
sys:1: RuntimeWarning: orthogonalize_b: b[:,1] - the per-column search found 0 absorbable direction(s), but 1 exist. The extra direction(s) are absorbable only by a COMBINATION of fixed-effects columns that no single column exposes, which is what a spline or orthogonal-polynomial longitudinal mean produces. The exact (basis-independent) basis is being used, so the degeneracy IS removed; this notice exists because the per-column answer alone would have silently left it in place. See vignette('jmjax-reparameterization'), Section 4.5.
sys:1: RuntimeWarning: orthogonalize_b: b[:,0] <- 3 direction(s) from X columns [0, 3, 4]; b[:,1] <- 1 direction(s) (0 from X columns [], 1 from column combinations)
  [mixing r078 E]  14.0s  rhat_reg 1.000  div 0  (486/552, 125.3 min, ETA 17 min)
standardize_covariates: standardized 2 covariate(s) in long_formula (age: centre -1.251, scale 9.02, implied intercept correlation -0.14; sex: centre 0.5154, scale 0.4999, implied intercept correlation -0.72). Coefficients are returned on the ORIGINAL scale. Set control$standardize_covariates = FALSE to disable.
